134716,0,0,19,26,-37,0,0,0,0,0,496,496,495,496,302,302,301,305,6,865,0,-1
134816,0,0,9,36,-33,-9,0,0,0,0,495,496,495,495,302,302,301,305,6,866,1,-3
134916,0,0,8,52,16,33,0,0,0,0,500,502,500,501,302,302,301,305,6,866,0,-2
135016,3,800,-1,-13,269,-6,1,1,1,1,495,496,495,495,302,302,301,305,6,867,-13,5
135116,3,800,-42,-52,905,-28,1,1,1,1,496,497,496,497,302,302,301,321402,4,800,-50,41,3,838,1,1,1,1,493,494,493,493,2,1,1,1,1,0,-9,-1
21502,4,800,-14,37,45,779,1,1,1,1,498,484,498,498,2,1,1,1,1,0,5,4
21602,4,800,-9,-59,-16,805,1,1,1,1,498,485,498,499,2,1,1,1,0,0,10,7
21702,4,800,17,-39,0,729,1,1,1,1,494,495,493,494,2,1,1,1,0,0,-2,2
21802,4,800,33,55,12,863,1,1,1,1,498,499,498,498,2,1,1,1,1,0,5,1
21902,4,800,38,26,14,762,1,1,1,1,498,493,498,494,2,1,1,1,0,0,11,6
22002,4,-800,-3,-39,-29,809,1,1,1,1,498,499,497,498,2,1,1,1,0,0,5,1
22102,4,-800,4,13,12,-1026,1,1,1,1,492,492,493,494,2,1,1,1,0,0,28,6
22202,4,-800,-21,38,1,-799,1,1,1,1,499,499,374,499,2,1,1,1,0,0,3,-3
22302,4,-800,19,25,41,-859,1,1,1,1,493,494,493,493,2,1,1,1,0,0,7,-2
22402,4,-800,-22,-4,17,-817,1,1,1,1,495,499,496,497,2,1,1,1,0,0,7,0
# rx_stall wheel=1 t=25382 SR=0x00D4 CR3=0x0041 NDTR=38 EN=1 RxState=0x22 Err=0x00
22502,4,-800,21,34,-8,-838,1,1,1,1,496,380,496,496,2,2,1,1,0,0,13,9
22602,4,-800,17,14,1,-756,1,1,1,1,499,499,498,499,2,2,1,1,0,0,8,1
22702,4,-800,-48,-33,-9,-976,1,1,1,1,490,499,497,498,2,2,1,1,-1,0,8,6
22802,4,-800,28,-2,21,-807,1,1,1,1,492,495,494,494,2,2,1,1,0,0,4,2
22902,4,-800,-16,-32,-39,-797,1,1,1,1,495,499,498,499,2,2,1,1,0,0,8,0
23002,4,-800,-22,8,4,-791,1,1,1,1,487,494,493,494,2,2,1,1,0,0,-5,0
23102,4,-800,-8,18,-4,-859,1,1,1,1,498,499,497,498,2,2,1,1,0,0,7,0
23202,4,-800,-24,-17,-44,-817,1,1,1,1,498,479,498,498,2,2,1,1,0,0,-2,-2
23302,4,-800,2,-14,-28,-830,1,1,1,1,492,495,494,494,2,2,1,1,0,0,-18,-5
23402,4,-800,-26,-16,-29,-739,1,1,1,1,499,500,498,500,2,2,1,1,0,0,8,7
23502,4,-800,14,-37,45,-838,1,1,1,1,445,494,494,493,2,2,1,1,0,0,-1,2
23602,4,-800,-7,22,-52,-783,1,1,1,1,498,499,498,496,2,2,1,1,1,0,2,1
23702,4,-800,-7,-12,-18,-847,1,1,1,1,496,499,498,496,2,2,1,1,0,1,16,9
23802,4,-800,-16,-24,22,-849,1,1,1,1,438,495,491,494,2,2,1,1,0,1,6,3
23902,4,-800,14,8,-36,-830,1,1,1,1,497,491,499,499,2,2,1,1,0,1,11,1
24002,0,0,22,-52,-42,-779,1,1,1,1,484,494,493,494,2,2,1,1,0,1,1,-1
24102,0,0,19,-26,1,4,0,0,0,0,494,474,418,419,2,2,1,1,0,1,2,0
24202,0,0,1,12,2,-42,0,0,0,0,482,493,492,452,2,2,1,1,0,1,-3,-2
24302,0,0,-26,-25,-37,-14,0,0,0,0,494,470,497,494,2,2,1,1,0,1,1,0
24402,0,0,34,-42,-4,4,0,0,0,0,494,432,494,489,2,2,1,1,0,1,1,-2
# rx_stall wheel=0 t=27385 SR=0x00D4 CR3=0x0041 NDTR=76 EN=1 RxState=0x22 Err=0x00
24502,0,0,9,9,-4,-14,0,0,0,0,318,487,495,458,3,2,1,1,0,1,0,0
# rx_stall wheel=3 t=27412 SR=0x00D4 CR3=0x0041 NDTR=87 EN=1 RxState=0x22 Err=0x00
24602,0,0,26,3,58,-14,0,0,0,0,482,482,491,404,3,2,1,2,0,1,0,1
24702,0,0,19,-33,22,22,0,0,0,0,497,482,491,494,3,2,1,2,0,1,0,2
Robot Initialize Start
IMU Calibration Start (keep the robot stationary)
Robot Initialize Start
IMU Calibration Start (keep the robot stationary)
  try 1: GyroBias[dps] X:+0.490 Y:-0.978 Z:-0.552  std[dps] 0.030
IMU Calibration Done  GyroBias[dps] X:+0.490 Y:-0.978 Z:-0.552  std[dps] 0.030
                      AccelBias[g]  X:-0.0150 Y:-0.0113
IMU Calibration saved to flash
Robot Initialize Finish
t_ms,wheel_id,cmd_x100,w0_x100,w1_x100,w2_x100,w3_x100,s0,s1,s2,s3,f0,f1,f2,f3,e0,e1,e2,e3,gyro_mrad,yaw_mrad,ax_cm,ay_cm
100,0,0,7,47,0,14,0,0,0,0,498,446,499,472,0,0,0,0,0,0,2,2
200,0,0,29,4,9,2,0,0,0,0,496,412,495,495,0,0,0,0,0,0,1,1
300,0,0,3,-1,47,-2,0,0,0,0,496,441,492,492,0,0,0,0,0,0,0,1
400,0,0,9,14,16,-4,0,0,0,0,493,472,496,497,0,0,0,0,0,0,1,1
500,0,0,21,-31,-8,7,0,0,0,0,497,477,456,495,0,0,0,0,1,0,2,1
600,0,0,-14,-58,-29,-58,0,0,0,0,403,487,492,494,0,0,0,0,0,0,1,2
700,0,0,-22,9,17,-3,0,0,0,0,415,459,498,493,0,0,0,0,1,0,-1,3
Rock SPI stall detected (no master clock for 750ms), re-arming
800,0,0,24,-22,26,-7,0,0,0,0,491,487,479,497,0,0,0,0,1,0,0,1
900,0,0,-3,-22,0,-12,0,0,0,0,488,492,470,490,0,0,0,0,0,0,0,1
1000,0,0,17,14,3,9,0,0,0,0,475,439,495,451,0,0,0,0,0,0,-1,-1
1100,0,0,-14,45,8,42,0,0,0,0,486,490,497,493,0,0,0,0,0,0,-2,-1
# rx_stall wheel=0 t=4065 SR=0x00D4 CR3=0x0041 NDTR=109 EN=1 RxState=0x22 Err=0x00
1200,0,0,-4,-14,37,9,0,0,0,0,378,491,495,493,1,0,0,0,0,0,-1,0
1300,0,0,-16,17,-9,3,0,0,0,0,465,482,497,495,1,0,0,0,0,0,-1,-1
1400,0,0,-13,-12,-14,17,0,0,0,0,495,487,496,495,1,0,0,0,0,0,0,-1
1500,0,0,-37,-31,-9,-24,0,0,0,0,498,459,496,489,1,0,0,0,0,0,2,1
1600,0,0,-22,-2,0,37,0,0,0,0,492,451,489,441,1,0,0,0,0,0,0,0
1700,0,0,-36,14,-11,-12,0,0,0,0,497,447,497,494,1,0,0,0,0,0,1,0
1800,0,0,33,11,11,9,0,0,0,0,496,497,498,493,1,0,0,0,1,0,0,4
1900,0,0,9,33,7,24,0,0,0,0,495,438,494,469,1,0,0,0,0,0,-1,1
2000,0,0,-3,-16,9,-2,0,0,0,0,492,489,472,497,1,0,0,0,0,0,0,0
2100,0,0,16,-22,36,-19,0,0,0,0,496,493,497,489,1,0,0,0,0,0,0,0
2200,0,0,-4,42,25,-33,0,0,0,0,496,481,493,498,1,0,0,0,1,0,0,-2
2300,0,0,13,-6,-41,17,0,0,0,0,466,494,442,496,1,0,0,0,0,0,1,0
2400,0,0,-4,6,14,-17,0,0,0,0,487,490,491,491,1,0,0,0,0,0,0,-2
2500,0,0,3,-2,82,19,0,0,0,0,488,487,479,483,1,0,0,0,0,0,1,2
2600,0,0,2,14,-13,2,0,0,0,0,494,450,493,384,1,0,0,0,1,0,2,2
2700,0,0,-13,-19,9,-12,0,0,0,0,489,440,496,479,1,0,0,0,0,0,0,2
2800,0,0,0,19,-21,-3,0,0,0,0,486,444,498,447,1,0,0,0,0,0,0,0
2900,0,0,1,-98,-8,-18,0,0,0,0,488,495,486,448,1,0,0,0,0,0,0,0
3000,0,0,-9,6,12,14,0,0,0,0,496,489,497,486,1,0,0,0,0,0,1,-1
3100,0,0,-56,13,-14,-29,0,0,0,0,494,485,418,496,1,0,0,0,0,0,0,0
3200,0,0,12,-16,11,-8,0,0,0,0,453,454,496,498,1,0,0,0,0,0,0,1
3300,0,0,19,4,-26,-18,0,0,0,0,493,489,493,488,1,0,0,0,0,0,3,1
3400,0,0,-4,-9,34,-9,0,0,0,0,490,489,495,477,1,0,0,0,0,0,-3,1
# rx_stall wheel=3 t=6390 SR=0x00D4 CR3=0x0041 NDTR=3 EN=1 RxState=0x22 Err=0x00
3500,0,0,32,11,11,-14,0,0,0,0,483,497,499,355,1,0,0,1,0,0,0,-1
3601,0,0,9,-13,42,-4,0,0,0,0,488,457,498,489,1,0,0,1,1,0,0,-1
# rx_stall wheel=1 t=6581 SR=0x00D4 CR3=0x0041 NDTR=22 EN=1 RxState=0x22 Err=0x00
3701,0,0,-22,48,1,-16,0,0,0,0,497,379,428,494,1,1,0,1,0,0,0,0
3801,0,0,250,21,-44,-14,0,0,0,0,495,490,497,497,1,1,0,1,0,0,1,0
3901,0,0,19,-16,13,-24,0,0,0,0,415,486,416,493,1,1,0,1,0,0,2,2
4001,0,0,-8,39,-36,-1,0,0,0,0,494,492,498,498,1,1,0,1,0,0,-1,0
4101,0,0,13,14,39,-25,0,0,0,0,498,494,497,496,1,1,0,1,0,0,0,-2
4201,0,0,22,19,8,26,0,0,0,0,498,454,418,496,1,1,0,1,0,0,-2,-1
4301,0,0,12,-11,-11,-9,0,0,0,0,460,430,497,497,1,1,0,1,0,0,1,0
4401,0,0,31,-14,22,-18,0,0,0,0,460,491,498,496,1,1,0,1,1,0,2,0
4501,0,0,-16,-21,13,4,0,0,0,0,489,488,493,486,1,1,0,1,0,0,1,1
4601,0,0,14,9,-19,22,0,0,0,0,423,490,417,494,1,1,0,1,0,0,-1,0
4701,0,0,-9,-26,45,19,0,0,0,0,475,494,494,470,1,1,0,1,0,0,0,0
4801,0,0,255,-17,14,-37,0,0,0,0,468,473,497,496,1,1,0,1,0,0,0,0
4901,0,0,17,-44,-17,44,0,0,0,0,495,494,498,410,1,1,0,1,0,0,0,-1
5001,1,800,17,33,4,24,0,0,0,0,490,453,497,498,1,1,0,1,0,0,3,-1
5101,1,800,858,255,0,-14,1,1,1,1,492,486,492,492,1,1,0,1,0,0,16,8
5201,1,800,787,55,-14,21,1,1,1,1,498,421,498,498,1,1,0,1,0,0,-4,3
5301,1,800,796,14,-2,-39,1,1,1,1,495,495,497,497,1,1,0,1,0,0,-6,-3
5401,1,800,785,14,18,-34,1,1,1,1,498,453,498,499,1,1,0,1,1,0,-9,-3
5501,1,800,787,-26,-13,-1,1,1,1,1,493,494,494,493,1,1,0,1,0,0,14,1
5601,1,800,874,-26,59,4,1,1,1,1,497,485,498,496,1,1,0,1,0,0,-9,0
5701,1,800,754,-22,1,42,1,1,1,1,498,499,497,495,1,1,0,1,0,0,-1,-2
5801,1,800,870,29,14,-37,1,1,1,1,493,473,493,492,1,1,0,1,0,0,-5,-4
5901,1,800,789,4,-7,-39,1,1,1,1,498,500,498,496,1,1,0,1,0,0,21,3
6001,1,800,780,-32,-9,16,1,1,1,1,490,498,497,498,1,1,0,1,0,0,3,3
6101,1,800,785,16,-11,-6,1,1,1,1,498,499,496,497,1,1,0,1,1,0,-9,4
6201,1,800,681,22,65,11,1,1,1,1,493,494,493,493,1,1,0,1,0,0,6,7
6301,1,800,838,4,2,4,1,1,1,1,497,499,497,498,1,1,0,1,0,0,-8,0
6401,1,800,762,-19,14,-66,1,1,1,1,494,495,497,498,1,1,0,1,0,0,0,0
6501,1,800,880,48,6,-42,1,1,1,1,496,498,498,496,1,1,0,1,0,0,6,2
6601,1,800,753,-19,22,-16,1,1,1,1,497,498,497,498,1,1,0,1,0,0,3,-2
6701,1,800,772,-1,-19,39,1,1,1,1,493,494,493,493,1,1,0,1,-1,0,-11,-4
6801,1,800,710,39,39,4,1,1,1,1,499,494,498,498,1,1,0,1,0,0,-10,-5
6901,1,800,801,0,-32,12,1,1,1,1,497,499,497,496,1,1,0,1,0,0,9,7
7001,1,-800,805,-9,22,-29,1,1,1,1,493,493,491,492,1,1,0,1,0,0,5,6
7101,1,-800,-1030,-8,-3,-29,1,1,1,1,498,497,498,496,1,1,0,1,1,0,-8,1
7201,1,-800,-780,6,-2,-26,1,1,1,1,496,434,498,498,1,1,0,1,0,0,7,4
7301,1,-800,-849,-14,-19,-28,1,1,1,1,498,444,498,498,1,1,0,1,0,0,-19,-3
7401,1,-800,-797,-6,-14,17,1,1,1,1,494,491,494,493,1,1,0,1,0,0,-1,0
7501,1,-800,-782,-39,-36,19,1,1,1,1,498,500,498,499,1,1,0,1,0,0,-10,0
7601,1,-800,-791,-34,-52,28,1,1,1,1,494,492,493,494,1,1,0,1,0,0,-5,-3
7701,1,-800,-830,26,-26,25,1,1,1,1,498,499,498,413,1,1,0,1,0,0,12,1
7802,1,-800,-824,85,-14,9,1,1,1,1,493,498,498,498,1,1,0,1,0,0,-1,-4
7902,1,-800,-780,-26,8,55,1,1,1,1,498,499,499,496,1,1,0,1,0,0,11,0
8002,1,-800,-863,-17,3,-9,1,1,1,1,491,499,463,495,1,1,0,1,0,0,-8,-3
8102,1,-800,-766,2,-13,58,1,1,1,1,489,491,491,492,1,1,0,1,0,0,17,8
8202,1,-800,-813,-37,-4,-26,1,1,1,1,498,480,498,498,1,1,0,1,0,0,9,5
8302,1,-800,-741,2,9,7,1,1,1,1,495,446,498,496,1,1,0,1,0,0,-1,1
8402,1,-800,-835,-11,-53,17,1,1,1,1,491,494,497,497,1,1,0,1,0,0,23,9
8502,1,-800,-771,-3,4,-8,1,1,1,1,491,456,493,494,1,1,0,1,1,0,-20,-5
8602,1,-800,-855,-14,-25,0,1,1,1,1,495,467,498,494,1,1,0,1,0,0,4,-1
8702,1,-800,-795,-29,9,-14,1,1,1,1,493,495,493,492,1,1,0,1,0,0,3,-2
8802,1,-800,-787,35,-7,253,1,1,1,1,497,498,498,498,1,1,0,1,0,0,2,-2
8902,1,-800,-816,4,-34,19,1,1,1,1,499,480,498,499,1,1,0,1,0,0,-6,-3
9002,0,0,-833,1,-2,-13,0,0,0,0,492,429,477,494,1,1,0,1,1,0,-6,0
9102,0,0,-14,-63,3,-22,0,0,0,0,475,489,497,418,1,1,0,1,0,0,1,3
9202,0,0,-9,-39,0,3,0,0,0,0,498,396,497,494,1,1,0,1,1,0,1,2
9302,0,0,-21,61,1,-17,0,0,0,0,495,489,497,494,1,1,0,1,0,0,0,0
9402,0,0,14,4,29,-11,0,0,0,0,428,497,491,497,1,1,0,1,0,0,-1,1
9502,0,0,-4,-11,-17,34,0,0,0,0,497,485,459,497,1,1,0,1,1,0,-1,-1
# rx_stall wheel=3 t=12481 SR=0x00D4 CR3=0x0041 NDTR=105 EN=1 RxState=0x22 Err=0x00
9602,0,0,-18,1,9,26,0,0,0,0,466,479,496,373,1,1,0,2,0,0,-1,-1
9702,0,0,-1,-42,-28,14,0,0,0,0,483,474,493,496,1,1,0,2,-1,0,-1,-3
9802,0,0,9,-19,-6,-12,0,0,0,0,419,477,473,492,1,1,0,2,0,0,0,0
9902,0,0,6,48,-3,36,0,0,0,0,491,484,497,494,1,1,0,2,0,0,0,1
10002,2,800,-14,-19,-6,3,1,1,1,1,497,405,462,490,1,1,0,2,1,0,1,0
10102,2,800,-26,817,55,-6,1,1,1,1,489,498,498,498,1,1,0,2,0,0,17,7
10202,2,800,-29,785,-26,32,1,1,1,1,498,500,498,499,1,1,0,2,0,0,-6,-2
10302,2,800,1,794,-47,19,1,1,1,1,493,494,493,493,1,1,0,2,0,0,9,8
10402,2,800,-25,822,-14,-2,1,1,1,1,497,498,497,420,1,1,0,2,0,0,-6,-2
10502,2,800,-26,787,-4,19,1,1,1,1,496,496,495,499,1,1,0,2,0,0,-4,0
10602,2,800,13,779,-3,-19,1,1,1,1,494,494,463,494,1,1,0,2,0,0,5,0
# rx_stall wheel=2 t=13582 SR=0x0014 CR3=0x00C1 NDTR=72 EN=1 RxState=0x22 Err=0x00
10702,2,800,-17,801,9,-32,1,1,1,1,445,496,382,458,1,1,1,2,0,0,9,0
10802,2,800,0,664,-8,-34,1,1,1,1,493,494,430,439,1,1,1,2,0,0,-1,-2
10902,2,800,-29,730,-65,-11,1,1,1,1,498,497,498,499,1,1,1,2,-1,0,4,-2
11002,2,800,34,866,-19,19,1,1,1,1,499,497,499,499,1,1,1,2,1,0,-10,1
11102,2,800,-24,834,-255,22,1,1,1,1,491,495,493,493,1,1,1,2,0,0,8,8
11202,2,800,45,751,-9,31,1,1,1,1,496,499,498,499,1,1,1,2,0,0,-11,0
11302,2,800,-35,780,-2,25,1,1,1,1,498,499,498,499,1,1,1,2,0,0,10,10
11402,2,800,-26,744,4,-21,1,1,1,1,494,491,493,493,1,1,1,2,0,0,-8,-2
11502,2,800,14,777,-6,22,1,1,1,1,498,499,498,498,1,1,1,2,0,0,-20,-3
11602,2,800,-4,758,-14,18,1,1,1,1,498,499,498,498,1,1,1,2,1,0,-4,2
11702,2,800,47,830,-9,1,1,1,1,1,493,489,493,493,1,1,1,2,0,0,-11,-3
11802,2,800,-9,755,-21,-4,1,1,1,1,499,497,464,499,1,1,1,2,1,0,18,4
11902,2,800,11,838,-14,29,1,1,1,1,498,497,475,498,1,1,1,2,0,0,7,5
12002,2,-800,-17,725,14,-34,1,1,1,1,492,494,492,493,1,1,1,2,0,0,0,-1
12102,2,-800,1,-971,3,-6,1,1,1,1,499,496,499,500,1,1,1,2,0,0,-58,-20
12202,2,-800,-19,-838,-21,42,1,1,1,1,489,493,493,494,1,1,1,2,0,0,-20,-3
12302,2,-800,-4,-822,11,42,1,1,1,1,496,500,499,499,1,1,1,2,-1,0,8,7
12403,2,-800,-28,-723,-9,22,1,1,1,1,499,497,498,498,1,1,1,2,0,0,-16,-8
12503,2,-800,18,-778,-94,9,1,1,1,1,497,495,499,494,1,1,1,2,0,0,14,4
12603,2,-800,-11,-801,-3,-29,1,1,1,1,498,499,498,499,1,1,1,2,0,0,1,2
12703,2,-800,13,-781,22,26,1,1,1,1,494,493,494,494,1,1,1,2,1,0,-8,0
12803,2,-800,34,-516,-14,-18,1,1,1,1,498,497,498,499,1,1,1,2,0,0,0,0
12903,2,-800,-31,-838,-51,-56,1,1,1,1,490,492,492,494,1,1,1,2,0,0,1,-2
13003,2,-800,-19,-739,33,-7,1,1,1,1,499,498,499,440,1,1,1,2,0,0,-14,-4
13103,2,-800,11,-903,-22,-21,1,1,1,1,494,490,494,494,1,1,1,2,0,0,7,0
13203,2,-800,-79,-870,-17,-31,1,1,1,1,498,497,498,494,1,1,1,2,0,0,10,1
13304,2,-800,-6,-789,31,-1,1,1,1,1,493,491,499,500,1,1,1,2,0,0,-6,-1
13404,2,-800,-19,-847,7,21,1,1,1,1,499,494,498,499,1,1,1,2,0,0,7,4
13504,2,-800,4,-749,0,29,1,1,1,1,498,495,495,497,1,1,1,2,0,0,-11,0
13604,2,-800,29,-718,-14,-39,1,1,1,1,493,491,494,494,1,1,1,2,0,0,-4,-1
13704,2,-800,-4,-732,19,9,1,1,1,1,500,500,499,499,1,1,1,2,0,0,-1,-1
13804,2,-800,22,-773,-4,12,1,1,1,1,498,500,496,499,1,1,1,2,0,0,14,3
13904,2,-800,16,-797,22,50,1,1,1,1,494,495,494,495,1,1,1,2,-1,0,-10,-2
14004,0,0,-19,-842,18,-32,0,0,0,0,499,500,499,499,1,1,1,2,0,0,8,1
14104,0,0,22,4,19,6,0,0,0,0,487,491,492,414,1,1,1,2,0,0,-8,0
14204,0,0,-11,-45,-17,-14,0,0,0,0,494,409,495,480,1,1,1,2,0,0,3,2
14304,0,0,26,14,34,-25,0,0,0,0,487,495,498,495,1,1,1,2,0,0,0,3
14404,0,0,14,7,2,32,0,0,0,0,486,494,497,494,1,1,1,2,0,0,0,2
14504,0,0,0,-37,-47,-3,0,0,0,0,491,480,491,490,1,1,1,2,0,0,1,0
14604,0,0,0,-13,-2,7,0,0,0,0,421,473,458,467,1,1,1,2,0,0,-4,-1
# rx_stall wheel=1 t=17516 SR=0x00D4 CR3=0x0041 NDTR=29 EN=1 RxState=0x22 Err=0x00
14704,0,0,-26,39,-14,4,0,0,0,0,493,397,495,495,1,2,1,2,0,0,-1,0
# rx_stall wheel=3 t=17683 SR=0x00D4 CR3=0x0041 NDTR=75 EN=1 RxState=0x22 Err=0x00
14804,0,0,24,-45,0,22,0,0,0,0,477,497,492,373,1,2,1,3,0,0,0,-3
14904,0,0,-4,19,14,34,0,0,0,0,446,498,497,497,1,2,1,3,0,0,0,3
15004,3,800,14,-3,19,-254,1,1,1,1,493,492,497,493,1,2,1,3,0,0,0,2
15105,3,800,14,6,884,55,1,1,1,1,498,499,498,499,1,2,1,3,1,0,11,-1
15205,3,800,4,-39,801,-17,1,1,1,1,498,499,498,498,1,2,1,3,1,0,-11,-3
15305,3,800,18,-24,837,58,1,1,1,1,499,499,498,499,1,2,1,3,0,0,6,5
15406,3,800,-14,14,725,28,1,1,1,1,498,499,498,499,1,2,1,3,0,0,-13,-6
15506,3,800,29,-7,832,-39,1,1,1,1,498,500,499,499,1,2,1,3,0,0,3,-1
15606,3,800,-61,39,910,36,1,1,1,1,498,499,497,498,1,2,1,3,0,0,0,4
15706,3,800,-6,19,769,14,1,1,1,1,494,494,494,494,1,2,1,3,1,0,6,0
15806,3,800,44,9,776,-18,1,1,1,1,498,499,497,498,1,2,1,3,1,0,-1,2
15906,3,800,-28,34,779,-4,1,1,1,1,498,499,498,499,1,2,1,3,0,0,-10,-1
16006,3,800,-51,37,830,-4,1,1,1,1,493,494,494,494,1,2,1,3,0,0,-14,-7
16106,3,800,28,-52,838,-8,1,1,1,1,499,500,498,499,1,2,1,3,0,0,-5,3
16206,3,800,17,-48,768,44,1,1,1,1,498,499,498,499,1,2,1,3,0,0,-9,-1
16306,3,800,42,51,770,13,1,1,1,1,494,494,493,493,1,2,1,3,0,0,-5,0
16406,3,800,-2,26,818,-12,1,1,1,1,497,499,498,499,1,2,1,3,0,0,10,-6
16506,3,800,-7,66,780,-4,1,1,1,1,498,499,498,498,1,2,1,3,-1,0,-2,-1
16606,3,800,4,-11,834,-1,1,1,1,1,494,495,493,494,1,2,1,3,0,0,-10,0
16706,3,800,-21,-26,813,24,1,1,1,1,498,499,498,498,1,2,1,3,1,0,-12,-4
16806,3,800,8,32,817,-13,1,1,1,1,498,499,498,499,1,2,1,3,-1,0,9,7
16906,3,800,0,11,774,17,1,1,1,1,493,494,493,493,1,2,1,3,0,0,-12,-8
17006,3,-800,-41,-34,817,34,1,1,1,1,498,499,498,499,1,2,1,3,0,0,1,0
17106,3,-800,8,16,-1005,16,1,1,1,1,498,476,498,498,1,2,1,3,-1,0,0,-2
17206,3,-800,2,-8,-780,14,1,1,1,1,494,494,493,494,1,2,1,3,0,0,-7,-2
17306,3,-800,-16,-36,-789,-22,1,1,1,1,498,499,498,499,1,2,1,3,0,0,0,1
17406,3,-800,65,14,-843,-19,1,1,1,1,493,495,493,494,1,2,1,3,0,0,5,0
17506,3,-800,31,-57,-822,-19,1,1,1,1,498,499,498,498,1,2,1,3,0,0,0,2
17606,3,-800,16,-13,-796,-4,1,1,1,1,498,499,498,499,1,2,1,3,0,0,-4,1
17706,3,-800,14,3,-762,25,1,1,1,1,494,494,494,493,1,2,1,3,0,0,4,0
17806,3,-800,13,-42,-845,-11,1,1,1,1,497,499,497,498,1,2,1,3,0,0,11,11
17906,3,-800,22,-19,-728,-9,1,1,1,1,499,500,499,500,1,2,1,3,0,0,0,-2
18006,3,-800,-38,-1,-756,-39,1,1,1,1,494,494,493,494,1,2,1,3,0,0,-4,-2
18106,3,-800,-35,-72,-805,9,1,1,1,1,498,500,499,499,1,2,1,3,0,0,13,2
18206,3,-800,50,-19,-764,-7,1,1,1,1,494,494,493,494,1,2,1,3,0,0,-19,-12
18306,3,-800,0,0,-822,42,1,1,1,1,499,500,499,499,1,2,1,3,0,0,2,0
18406,3,-800,28,-56,-1021,34,1,1,1,1,497,498,498,498,1,2,1,3,1,0,-4,-5
18506,3,-800,-16,4,-791,31,1,1,1,1,494,495,493,494,1,2,1,3,-1,0,-7,0
18606,3,-800,-42,33,-817,-9,1,1,1,1,499,499,499,499,1,2,1,3,1,0,0,0
18706,3,-800,11,100,-851,14,1,1,1,1,493,495,493,494,1,2,1,3,-1,0,-11,-1
18806,3,-800,29,2,-839,-26,1,1,1,1,499,499,499,499,1,2,1,3,0,0,-8,2
18906,3,-800,47,25,-816,-9,1,1,1,1,493,495,493,494,1,2,1,3,1,0,4,0
19006,0,0,-6,50,-800,-3,0,0,0,0,498,498,498,498,1,2,1,3,-1,0,-9,0
19106,0,0,-7,16,-9,-7,0,0,0,0,498,484,497,498,1,2,1,3,0,0,1,-1
19206,0,0,-3,19,19,7,0,0,0,0,495,444,498,480,1,2,1,3,0,0,1,0
19306,0,0,38,36,24,9,0,0,0,0,479,443,491,490,1,2,1,3,0,0,0,0
19406,0,0,-26,36,28,13,0,0,0,0,420,425,497,497,1,2,1,3,0,0,1,-2
19506,0,0,-26,4,-25,36,0,0,0,0,486,495,497,481,1,2,1,3,1,0,1,1
19606,0,0,0,-45,-4,-21,0,0,0,0,468,491,494,498,1,2,1,3,0,0,0,3
19706,0,0,-69,-4,4,17,0,0,0,0,496,490,496,497,1,2,1,3,0,0,0,1
19806,0,0,-2,0,-22,-31,0,0,0,0,495,463,497,492,1,2,1,3,-1,0,0,3
19906,0,0,-24,37,25,-2,0,0,0,0,491,494,497,495,1,2,1,3,0,0,0,3
20006,4,800,6,6,17,-4,1,1,1,1,458,403,492,489,1,2,1,3,0,0,-1,2
20106,4,800,4,-52,-7,925,1,1,1,1,494,498,497,495,1,2,1,3,0,0,-32,-6
20206,4,800,3,26,-16,723,1,1,1,1,478,469,498,498,1,2,1,3,0,0,-5,-1
20306,4,800,-58,39,-9,768,1,1,1,1,461,498,498,494,1,2,1,3,-1,0,5,0
20406,4,800,37,42,29,781,1,1,1,1,490,493,493,494,1,2,1,3,0,0,-9,-3
20506,4,800,8,52,4,772,1,1,1,1,498,497,498,494,1,2,1,3,0,0,-10,-4
20606,4,800,-18,-14,-4,838,1,1,1,1,497,497,490,498,1,2,1,3,0,0,2,2
20706,4,800,-4,-7,18,809,1,1,1,1,493,494,493,492,1,2,1,3,1,0,3,3
20806,4,800,-26,0,19,758,1,1,1,1,498,498,496,498,1,2,1,3,0,0,-2,0
20906,4,800,18,48,-9,778,1,1,1,1,496,497,498,495,1,2,1,3,0,0,0,0
21006,4,800,-13,9,8,783,1,1,1,1,498,496,497,495,1,2,1,3,1,0,-4,1
21106,4,800,16,28,0,745,1,1,1,1,492,494,493,493,1,2,1,3,0,0,1,3
21206,4,800,25,24,-25,808,1,1,1,1,498,498,497,497,1,2,1,3,1,0,-2,0
21306,4,800,21,62,-2,826,1,1,1,1,498,500,498,499,1,2,1,3,1,0,3,0
21406,4,800,7,18,-16,834,1,1,1,1,420,498,498,498,1,2,1,3,0,0,15,2
21506,4,800,-2,-45,-19,838,1,1,1,1,492,487,492,493,1,2,1,3,0,0,11,4
21606,4,800,4,21,14,796,1,1,1,1,499,497,496,492,1,2,1,3,0,0,3,1
21706,4,800,-32,-48,4,787,1,1,1,1,492,498,497,498,1,2,1,3,0,0,-12,-3
21806,4,800,-39,-63,34,710,1,1,1,1,494,494,493,494,1,2,1,3,0,0,1,3
# rx_stall wheel=1 t=24759 SR=0x00D4 CR3=0x0041 NDTR=8 EN=1 RxState=0x22 Err=0x00
21906,4,800,-2,9,14,791,1,1,1,1,496,376,496,494,1,3,1,3,0,0,-2,-2
22006,4,-800,-29,0,-31,774,1,1,1,1,498,495,497,498,1,3,1,3,0,0,-1,0
22106,4,-800,34,-95,9,-769,1,1,1,1,493,500,499,499,1,3,1,3,0,0,-7,0
22206,4,-800,12,69,-6,-853,1,1,1,1,491,494,493,493,1,3,1,3,0,0,-27,-4
22306,4,-800,3,14,-21,-810,1,1,1,1,495,499,498,495,1,3,1,3,1,0,17,9
22406,4,-800,0,22,8,-805,1,1,1,1,499,500,499,499,1,3,1,3,0,0,-9,0
22506,4,-800,-32,56,-3,-762,1,1,1,1,493,493,456,491,1,3,1,3,0,0,-4,4
22606,4,-800,25,-52,-6,-766,1,1,1,1,453,500,498,496,1,3,1,3,0,0,3,4
22707,4,-800,24,-29,-16,-799,1,1,1,1,496,494,499,500,1,3,1,3,1,0,2,5
22807,4,-800,-16,-51,-26,-801,1,1,1,1,487,449,498,498,1,3,1,3,0,0,-5,-6
22907,4,-800,-3,7,45,-757,1,1,1,1,466,500,499,499,1,3,1,3,0,0,0,2
23007,4,-800,-17,45,-9,-789,1,1,1,1,493,491,492,493,1,3,1,3,0,0,-13,-4
23107,4,-800,-29,-13,-8,-804,1,1,1,1,499,493,499,499,1,3,1,3,0,0,18,7
23207,4,-800,-31,-12,6,-722,1,1,1,1,493,494,494,492,1,3,1,3,0,0,-14,-5
23307,4,-800,14,19,9,-766,1,1,1,1,488,500,498,500,1,3,1,3,0,0,2,4
23407,4,-800,-22,-39,11,-685,1,1,1,1,498,435,498,498,1,3,1,3,0,0,-13,-5
23507,4,-800,-6,6,-19,-801,1,1,1,1,492,495,494,494,1,3,1,3,0,0,14,6
23607,4,-800,9,11,-26,-834,1,1,1,1,461,499,498,499,1,3,1,3,0,0,-3,0
23707,4,-800,21,14,-26,-798,1,1,1,1,494,473,494,494,1,3,1,3,0,0,6,1
23807,4,-800,42,26,22,-800,1,1,1,1,438,468,479,497,1,3,1,3,0,0,-5,0
23907,4,-800,-50,-31,-13,-858,1,1,1,1,498,488,498,499,1,3,1,3,0,0,11,6
24007,0,0,-19,48,4,-808,0,0,0,0,494,495,494,488,1,3,1,3,0,0,-6,2
24107,0,0,39,-9,1,-24,0,0,0,0,498,483,494,498,1,3,1,3,0,0,2,2
24207,0,0,24,18,12,45,0,0,0,0,493,497,492,497,1,3,1,3,0,0,-2,-1
24307,0,0,33,4,-19,18,0,0,0,0,466,498,497,493,1,3,1,3,0,0,-2,-1
24407,0,0,0,32,-6,50,0,0,0,0,482,489,492,490,1,3,1,3,1,0,0,0
24507,0,0,19,-11,-19,-8,0,0,0,0,486,488,496,497,1,3,1,3,1,0,1,0
24607,0,0,24,-38,2,7,0,0,0,0,454,484,497,492,1,3,1,3,1,0,2,0
24707,0,0,-1,-48,55,-3,0,0,0,0,496,463,497,493,1,3,1,3,0,0,0,1
24807,0,0,-59,-6,-3,-19,0,0,0,0,462,489,497,498,1,3,1,3,0,0,0,2
24907,0,0,-7,-79,-14,-4,0,0,0,0,494,473,497,498,1,3,1,3,0,0,0,3
25007,1,800,4,-4,11,-24,1,1,1,1,493,422,493,490,1,3,1,3,0,0,1,3
25107,1,800,955,9,0,-35,1,1,1,1,498,497,497,498,1,3,1,3,0,0,2,-3
25207,1,800,812,-22,-29,-14,1,1,1,1,497,498,498,497,1,3,1,3,0,0,-12,-2
25307,1,800,741,1,-44,6,1,1,1,1,499,500,498,499,1,3,1,3,0,0,-1,2
25407,1,800,718,42,-16,29,1,1,1,1,493,494,493,489,1,3,1,3,0,0,-5,-3
25507,1,800,834,47,-9,41,1,1,1,1,495,494,498,498,1,3,1,3,0,0,4,3
25607,1,800,1032,-56,66,-32,1,1,1,1,496,497,497,498,1,3,1,3,-1,0,-1,-5
25707,1,800,805,41,7,61,1,1,1,1,494,495,494,495,1,3,1,3,0,0,-2,-2
25807,1,800,817,29,-9,-48,1,1,1,1,498,494,498,498,1,3,1,3,0,0,17,6
25907,1,800,813,39,-12,-62,1,1,1,1,491,496,498,497,1,3,1,3,0,0,0,-1
26007,1,800,830,-21,-16,-17,1,1,1,1,493,494,493,494,1,3,1,3,0,0,-1,3
26107,1,800,880,14,-51,56,1,1,1,1,498,442,499,429,1,3,1,3,0,0,-10,-3
26208,1,800,798,-14,-12,-45,1,1,1,1,500,500,498,496,1,3,1,3,0,0,15,7
26308,1,800,859,-11,-25,-36,1,1,1,1,498,500,499,499,1,3,1,3,1,0,-9,-2
26408,1,800,832,-22,-3,-28,1,1,1,1,497,500,498,480,1,3,1,3,0,0,-13,-3
26508,1,800,775,-35,9,16,1,1,1,1,494,491,494,492,1,3,1,3,0,0,5,2
26608,1,800,749,-53,-39,47,1,1,1,1,498,498,498,498,1,3,1,3,0,0,-8,-4
26708,1,800,777,44,17,18,1,1,1,1,495,495,498,483,1,3,1,3,1,0,-8,-3
26808,1,800,758,-19,-9,25,1,1,1,1,492,494,494,473,1,3,1,3,0,0,-4,-5
26908,1,800,818,52,-4,-24,1,1,1,1,494,500,498,499,1,3,1,3,0,0,0,-2
27008,1,-800,728,-52,-8,-36,1,1,1,1,492,488,493,493,1,3,1,3,0,0,0,5
# rx_stall wheel=1 t=29981 SR=0x00D4 CR3=0x0041 NDTR=119 EN=1 RxState=0x22 Err=0x00
27108,1,-800,-934,48,-1,52,1,1,1,1,492,380,496,497,1,4,1,3,0,0,6,-1
27208,1,-800,-810,-42,-16,-14,1,1,1,1,497,499,498,499,1,4,1,3,0,0,23,8
27308,1,-800,-795,-47,59,19,1,1,1,1,499,500,499,497,1,4,1,3,0,0,-3,5
27408,1,-800,-780,-34,4,-22,1,1,1,1,494,495,494,495,1,4,1,3,0,0,-26,-1
27508,1,-800,-874,28,11,89,1,1,1,1,499,499,498,499,1,4,1,3,0,0,22,8
27608,1,-800,-1037,13,-100,18,1,1,1,1,490,491,494,494,1,4,1,3,0,0,-20,0
27708,1,-800,-731,-56,255,-36,1,1,1,1,499,500,499,499,1,4,1,3,1,0,2,0
27808,1,-800,-821,-45,-14,-38,1,1,1,1,492,495,493,494,1,4,1,3,0,0,-12,-1
27908,1,-800,-787,-1,-11,19,1,1,1,1,499,500,499,500,1,4,1,3,0,0,-16,-5
28008,1,-800,-796,14,18,-8,1,1,1,1,494,494,494,491,1,4,1,3,0,0,5,5
28108,1,-800,-812,-28,-19,-36,1,1,1,1,496,497,497,498,1,4,1,3,0,0,-6,0
28208,1,-800,-860,42,-7,53,1,1,1,1,493,495,494,494,1,4,1,3,1,0,-7,-2
28308,1,-800,-789,13,-29,-24,1,1,1,1,499,499,498,498,1,4,1,3,0,0,6,2
28408,1,-800,-874,-36,29,-14,1,1,1,1,498,499,498,499,1,4,1,3,0,0,-13,-7
28508,1,-800,-878,-61,3,55,1,1,1,1,494,493,494,495,1,4,1,3,0,0,0,1
28608,1,-800,-847,66,-7,-52,1,1,1,1,496,497,497,497,1,4,1,3,0,0,-18,-2
28708,1,-800,-771,-24,0,33,1,1,1,1,492,492,484,494,1,4,1,3,0,0,4,2
28808,1,-800,-822,-6,-24,22,1,1,1,1,498,499,497,498,1,4,1,3,0,0,8,10
28908,1,-800,-825,28,-4,-35,1,1,1,1,498,498,497,495,1,4,1,3,0,0,4,0
29008,0,0,-867,24,-9,48,0,0,0,0,494,490,493,492,1,4,1,3,0,0,2,-2
29108,0,0,-12,18,0,9,0,0,0,0,496,498,498,493,1,4,1,3,0,0,0,0
# rx_stall wheel=0 t=32025 SR=0x00D4 CR3=0x0041 NDTR=40 EN=1 RxState=0x22 Err=0x00
29208,0,0,18,-22,44,2,0,0,0,0,376,489,495,478,2,4,1,3,0,0,3,2
29308,0,0,0,42,48,26,0,0,0,0,497,491,494,490,2,4,1,3,0,0,-2,4
29408,0,0,0,29,4,-6,0,0,0,0,464,462,495,497,2,4,1,3,0,0,0,1
29508,0,0,-56,14,-31,-19,0,0,0,0,495,494,497,497,2,4,1,3,0,0,0,0
29608,0,0,3,26,-34,14,0,0,0,0,489,494,497,498,2,4,1,3,0,0,0,-1
29708,0,0,-3,4,45,9,0,0,0,0,483,498,497,498,2,4,1,3,0,0,0,-1
29808,0,0,55,41,33,9,0,0,0,0,409,485,462,497,2,4,1,3,0,0,3,4
29908,0,0,7,-28,-4,14,0,0,0,0,495,498,497,491,2,4,1,3,0,0,1,4
30008,2,800,29,24,-21,-4,1,1,1,1,487,486,492,485,2,4,1,3,0,0,4,10
30108,2,800,-9,814,28,-39,1,1,1,1,496,499,498,498,2,4,1,3,0,0,28,7
30208,2,800,22,970,41,-11,1,1,1,1,499,499,498,499,2,4,1,3,0,0,-32,-12
30308,2,800,13,800,12,32,1,1,1,1,492,493,494,493,2,4,1,3,0,0,8,0
30408,2,800,-9,797,22,4,1,1,1,1,495,499,498,498,2,4,1,3,0,0,-11,5
30508,2,800,-17,860,24,21,1,1,1,1,498,499,498,455,2,4,1,3,0,0,7,5
30609,2,800,26,883,-9,39,1,1,1,1,496,499,498,495,2,4,1,3,-1,0,-6,-2
30709,2,800,-31,866,-14,42,1,1,1,1,498,497,498,498,2,4,1,3,0,0,3,3
30809,2,800,9,733,-4,28,1,1,1,1,498,500,498,499,2,4,1,3,0,0,0,-3
30909,2,800,-22,820,-75,-33,1,1,1,1,493,492,492,493,2,4,1,3,1,0,9,1
31009,2,800,12,1092,16,-26,1,1,1,1,499,499,498,499,2,4,1,3,0,0,1,11
31109,2,800,21,801,-17,-58,1,1,1,1,419,498,498,498,2,4,1,3,0,0,4,3
31209,2,800,16,794,26,34,1,1,1,1,494,494,494,494,2,4,1,3,0,0,2,7
31309,2,800,13,764,-2,50,1,1,1,1,496,494,498,499,2,4,1,3,-1,0,12,-1
31409,2,800,29,783,21,-35,1,1,1,1,499,498,498,439,2,4,1,3,0,0,-8,-4
31509,2,800,13,859,12,13,1,1,1,1,492,495,494,462,2,4,1,3,0,0,2,3
31609,2,800,-14,762,-8,9,1,1,1,1,498,495,498,498,2,4,1,3,0,0,-15,-6
31709,2,800,-19,797,33,-39,1,1,1,1,494,499,494,498,2,4,1,3,0,0,11,3
31809,2,800,-26,862,-25,-21,1,1,1,1,455,494,494,494,2,4,1,3,0,0,2,-2
31909,2,800,-3,813,-4,52,1,1,1,1,496,494,499,499,2,4,1,3,0,0,4,0
32009,2,-800,-13,818,1,-35,1,1,1,1,497,499,497,498,2,4,1,3,0,0,-7,-2
32109,2,-800,-26,-958,8,3,1,1,1,1,491,495,494,491,2,4,1,3,0,0,26,7
32209,2,-800,14,-1046,26,-22,1,1,1,1,491,499,498,498,2,4,1,3,0,0,-20,-3
32309,2,-800,-38,-839,-61,-26,1,1,1,1,499,501,500,500,2,4,1,3,0,0,3,1
32409,2,-800,48,-884,16,-18,1,1,1,1,467,489,494,495,2,4,1,3,0,0,10,5
32509,2,-800,-14,-826,-25,13,1,1,1,1,499,499,499,499,2,4,1,3,0,0,-12,-3
32609,2,-800,-9,-837,-6,-62,1,1,1,1,491,496,494,495,2,4,1,3,0,0,0,4
32709,2,-800,26,-868,72,7,1,1,1,1,499,497,495,499,2,4,1,3,0,0,-12,-6
32809,2,-800,57,-847,-45,9,1,1,1,1,457,494,491,495,2,4,1,3,0,0,-3,1
32909,2,-800,-9,-825,29,18,1,1,1,1,499,498,498,496,2,4,1,3,0,0,14,3
33009,2,-800,19,-838,9,16,1,1,1,1,499,498,499,497,2,4,1,3,0,0,7,2
33109,2,-800,18,-916,-14,-28,1,1,1,1,485,494,493,491,2,4,1,3,0,0,9,7
33209,2,-800,-17,-791,-16,17,1,1,1,1,496,497,498,497,2,4,1,3,1,0,-11,-1
33309,2,-800,3,-872,8,-6,1,1,1,1,492,494,493,495,2,4,1,3,1,0,22,7
33409,2,-800,-4,-967,8,14,1,1,1,1,495,495,498,495,2,4,1,3,0,0,-8,-2
33509,2,-800,-29,-817,-39,16,1,1,1,1,491,496,498,497,2,4,1,3,0,0,-26,-5
33609,2,-800,-4,-769,19,22,1,1,1,1,490,491,494,489,2,4,1,3,0,0,13,2
33709,2,-800,-21,-921,4,-45,1,1,1,1,498,499,496,481,2,4,1,3,1,0,-7,-4
33810,2,-800,0,-696,-22,25,1,1,1,1,497,497,499,499,2,4,1,3,0,0,12,4
33910,2,-800,-17,-760,14,-34,1,1,1,1,495,500,498,499,2,4,1,3,0,0,-1,-4
34010,0,0,-1,-794,9,36,0,0,0,0,494,500,499,500,2,4,1,3,1,0,3,5
34110,0,0,-18,29,39,3,0,0,0,0,490,426,493,493,2,4,1,3,0,0,8,4
34210,0,0,-12,4,-14,14,0,0,0,0,493,486,494,441,2,4,1,3,0,0,-1,1
34310,0,0,14,25,2,-18,0,0,0,0,498,487,494,494,2,4,1,3,0,0,-1,1
# rx_stall wheel=1 t=37230 SR=0x00D4 CR3=0x0041 NDTR=100 EN=1 RxState=0x22 Err=0x00
# rx_stall wheel=0 t=37285 SR=0x00D4 CR3=0x0041 NDTR=58 EN=1 RxState=0x22 Err=0x00
34410,0,0,13,29,32,4,0,0,0,0,384,357,498,479,3,5,1,3,0,0,-1,1
34510,0,0,0,-4,-44,-50,0,0,0,0,463,466,498,496,3,5,1,3,0,0,-1,0
34610,0,0,-26,3,-4,17,0,0,0,0,481,494,492,486,3,5,1,3,0,0,0,-1
34710,0,0,-4,254,-1,-18,0,0,0,0,428,396,434,453,3,5,1,3,0,0,0,0
34810,0,0,-19,-32,4,-9,0,0,0,0,493,489,495,498,3,5,1,3,1,0,1,1
34910,0,0,7,19,14,-22,0,0,0,0,486,494,497,491,3,5,1,3,1,0,1,1
35010,3,800,50,-3,69,24,1,1,1,1,497,496,497,426,3,5,1,3,0,0,-21,4
35111,3,800,2,-21,934,19,1,1,1,1,498,499,498,499,3,5,1,3,-1,0,-4,4
35211,3,800,48,16,805,32,1,1,1,1,498,499,498,498,3,5,1,3,0,0,0,5
35311,3,800,-48,-11,796,-59,1,1,1,1,498,499,498,499,3,5,1,3,0,0,6,5
35411,3,800,65,-41,746,22,1,1,1,1,499,500,498,499,3,5,1,3,0,0,-3,1
35511,3,800,-39,19,752,31,1,1,1,1,493,494,493,493,3,5,1,3,1,0,-6,-6
35611,3,800,19,-68,739,-7,1,1,1,1,499,500,499,499,3,5,1,3,0,0,3,-2
35712,3,800,1,3,787,-25,1,1,1,1,498,499,498,499,3,5,1,3,0,0,13,-1
35812,3,800,22,-13,754,24,1,1,1,1,498,499,498,498,3,5,1,3,1,0,3,2
35912,3,800,17,9,822,-41,1,1,1,1,498,499,498,499,3,5,1,3,1,0,20,6
36012,3,800,-35,29,764,13,1,1,1,1,498,498,497,498,3,5,1,3,0,0,-13,2
36112,3,800,19,-41,799,-2,1,1,1,1,493,494,493,494,3,5,1,3,0,0,6,4
36212,3,800,4,12,858,22,1,1,1,1,499,500,498,498,3,5,1,3,0,0,-1,0
36312,3,800,-8,-2,825,-14,1,1,1,1,498,499,498,499,3,5,1,3,1,0,11,10
36412,3,800,-11,39,433,-22,1,1,1,1,494,494,494,494,3,5,1,3,0,0,-4,-2
36512,3,800,-9,-9,820,51,1,1,1,1,499,500,498,499,3,5,1,3,0,0,-8,-2
36612,3,800,-39,38,871,26,1,1,1,1,498,499,498,499,3,5,1,3,1,0,2,5
36712,3,800,-4,19,795,-19,1,1,1,1,493,494,493,493,3,5,1,3,0,0,-9,-3
36812,3,800,3,-12,842,-7,1,1,1,1,499,500,499,499,3,5,1,3,0,0,12,6
36912,3,800,6,-47,717,13,1,1,1,1,499,499,498,499,3,5,1,3,1,0,-4,-5
37012,3,-800,-25,106,602,37,1,1,1,1,490,495,493,493,3,5,1,3,1,0,10,-4
37112,3,-800,-18,29,-1001,6,1,1,1,1,499,499,499,499,3,5,1,3,0,0,-9,0
37213,3,-800,33,47,-772,-12,1,1,1,1,499,500,498,500,3,5,1,3,0,0,3,4
37313,3,-800,-28,-11,-851,-79,1,1,1,1,498,499,499,498,3,5,1,3,0,0,-6,0
37413,3,-800,1,17,-762,24,1,1,1,1,499,500,498,500,3,5,1,3,1,0,-13,-2
37513,3,-800,17,-2,-816,-18,1,1,1,1,495,495,494,494,3,5,1,3,0,0,8,6
37613,3,-800,-29,16,-760,22,1,1,1,1,498,499,498,499,3,5,1,3,0,0,-7,-5
37713,3,-800,-19,57,-816,7,1,1,1,1,494,495,494,494,3,5,1,3,0,0,-12,-6
37813,3,-800,0,-19,-789,51,1,1,1,1,499,500,499,500,3,5,1,3,0,0,-7,-2
37913,3,-800,-19,4,-774,1,1,1,1,1,494,494,494,494,3,5,1,3,-1,0,14,3
38013,3,-800,12,-39,-774,-13,1,1,1,1,498,499,498,498,3,5,1,3,0,0,-23,-6
38114,3,-800,3,-21,-798,6,1,1,1,1,499,500,499,500,3,5,1,3,1,0,-2,-4
38214,3,-800,19,-17,-800,-9,1,1,1,1,499,500,498,499,3,5,1,3,0,0,-4,-2
38314,3,-800,26,-42,-732,41,1,1,1,1,498,500,498,499,3,5,1,3,1,0,-10,-4
38414,3,-800,-36,-38,-822,-4,1,1,1,1,495,495,495,495,3,5,1,3,0,0,4,-2
38514,3,-800,13,1,-798,13,1,1,1,1,498,499,498,499,3,5,1,3,-1,0,-11,-7
38614,3,-800,34,8,-853,28,1,1,1,1,494,495,493,494,3,5,1,3,0,0,-3,-4
38714,3,-800,-33,3,-835,-21,1,1,1,1,499,499,499,499,3,5,1,3,0,0,-2,0
38814,3,-800,-4,-13,-820,52,1,1,1,1,493,494,493,494,3,5,1,3,0,0,-13,-1
38914,3,-800,18,6,-807,-3,1,1,1,1,499,500,499,499,3,5,1,3,0,0,8,1
39014,0,0,12,-17,-779,-11,0,0,0,0,498,499,498,499,3,5,1,3,0,0,6,1
39114,0,0,-3,104,7,6,0,0,0,0,492,492,493,493,3,5,1,3,0,0,6,3
39214,0,0,4,-28,25,-32,0,0,0,0,490,493,495,497,3,5,1,3,0,0,6,2
39314,0,0,-21,0,-66,3,0,0,0,0,490,499,497,498,3,5,1,3,0,0,0,0
# rx_stall wheel=0 t=42272 SR=0x00D4 CR3=0x0041 NDTR=111 EN=1 RxState=0x22 Err=0x00
39414,0,0,17,-12,-18,17,0,0,0,0,372,495,491,464,4,5,1,3,0,0,2,0
39514,0,0,2,-36,-8,0,0,0,0,0,498,463,496,487,4,5,1,3,0,0,1,1
39614,0,0,-8,0,4,17,0,0,0,0,445,495,497,435,4,5,1,3,0,0,0,4
39714,0,0,-22,-22,-48,3,0,0,0,0,497,488,465,478,4,5,1,3,0,0,0,2
39814,0,0,6,255,26,-4,0,0,0,0,482,486,495,489,4,5,1,3,0,0,0,5
39914,0,0,-26,248,18,-16,0,0,0,0,495,494,494,491,4,5,1,3,0,0,0,2
40014,4,800,-21,8,9,221,1,1,1,1,491,494,497,493,4,5,1,3,0,0,-16,-12
40114,4,800,9,-3,44,871,1,1,1,1,493,494,493,493,4,5,1,3,0,0,20,6
40214,4,800,14,3,3,803,1,1,1,1,498,499,498,498,4,5,1,3,0,0,2,2
40314,4,800,-12,-8,22,824,1,1,1,1,498,498,497,498,4,5,1,3,0,0,-1,3
40414,4,800,6,-26,22,791,1,1,1,1,493,494,492,491,4,5,1,3,1,0,3,3
40514,4,800,-19,-53,9,847,1,1,1,1,442,499,498,498,4,5,1,3,0,0,2,0
40614,4,800,-17,-19,9,1103,1,1,1,1,497,498,497,498,4,5,1,3,0,0,11,0
40714,4,800,-53,17,-69,737,1,1,1,1,496,499,498,499,4,5,1,3,0,0,5,4
40814,4,800,56,-6,28,847,1,1,1,1,493,494,493,493,4,5,1,3,0,0,-9,-5
40914,4,800,17,-24,12,780,1,1,1,1,498,500,497,498,4,5,1,3,-1,0,-8,0
41014,4,800,-42,81,57,757,1,1,1,1,499,499,498,499,4,5,1,3,0,0,-17,-1
41114,4,800,4,-4,-38,833,1,1,1,1,493,494,493,494,4,5,1,3,0,0,8,0
41214,4,800,-21,-11,0,805,1,1,1,1,498,499,498,498,4,5,1,3,0,0,-12,-3
41314,4,800,-19,18,11,807,1,1,1,1,498,500,498,499,4,5,1,3,0,0,2,1
41414,4,800,28,-19,-85,1017,1,1,1,1,493,493,492,493,4,5,1,3,0,0,-27,-12
