0	b0	b0		b?b?b?bj??bj??19201,0,0,0,0,0,0,0,0,0,0,0,0,0,0,0,0,0,0,-15,-293,2,0
19301,0,0,0,0,0,0,0,0,0,0,0,0,0,0,0,0,0,0,-14,-294,1,0
19401,0,0,0,0,0,0,0,0,0,0,0,0,0,0,0,0,0,0,-13,-296,1,-1
19501,0,0,0,0,0,0,0,0,0,0,0,0,0,0,0,0,0,0,-14,-297,3,0
19601,0,0,0,0,0,0,0,0,0,0,0,0,0,0,0,0,0,0,-14,-299,2,0
19701,0,0,0,0,0,0,0,0,0,0,0,0,0,0,0,0,0,0,-15,-300,2,-1
19801,0,0,0,0,0,0,0,0,0,0,0,0,0,0,0,0,0,0,-15,-302,3,0
19901,0,0,0,0,0,0,0,0,0,0,0,0,0,0,0,0,0,0,-14,-303,3,0
20001,4,800,0,0,0,0,0,0,0,0,0,0,0,0,0,0,0,0,-14,-305,1,-1
20101,4,800,0,0,0,0,0,0,0,0,0,0,0,0,0,0,0,0,-14,-306,2,0
20201,4,800,0,0,0,0,0,0,0,0,0,0,0,0,0,0,0,0,-14,-308,1,-2
20301,4,800,0,0,0,0,0,0,0,0,0,0,0,0,0,0,0,0,-14,-309,2,-4
20401,4,800,0,0,0,0,0,0,0,0,0,0,0,0,0,0,0,0,-14,-311,3,0
20501,4,800,0,0,0,0,0,0,0,0,0,0,0,0,0,0,0,0,-14,-312,1,0
20601,4,800,0,0,0,0,0,0,0,0,0,0,0,0,0,0,0,0,-15,-314,2,-2
20701,4,800,0,0,0,0,0,0,0,0,0,0,0,0,0,0,0,0,-14,-315,3,-1
20801,4,800,0,0,0,0,0,0,0,0,0,0,0,0,0,0,0,0,-14,-317,4,-1
20901,4,800,0,0,0,0,0,0,0,0,0,0,0,0,0,0,0,0,-14,-318,0,0
21001,4,800,0,0,0,0,0,0,0,0,0,0,0,0,0,0,0,0,-14,-320,5,0
21101,4,800,0,0,0,0,0,0,0,0,0,0,0,0,0,0,0,0,-14,-321,0,0
21201,4,800,0,0,0,0,0,0,0,0,0,0,0,0,0,0,0,0,-15,-323,0,0
21301,4,800,0,0,0,0,0,0,0,0,0,0,0,0,0,0,0,0,-17,-324,1,-5
21401,4,800,0,0,0,0,0,0,0,0,0,0,0,0,0,0,0,0,-15,-326,-2,-8
21502,4,800,0,0,0,0,0,0,0,0,279,281,279,279,0,0,0,0,-15,-328,-3,-16
21602,4,800,0,0,0,0,0,0,0,0,499,500,500,499,0,0,0,0,-15,-329,-3,-10
21702,4,800,0,0,0,0,3,3,3,3,499,501,500,500,0,0,0,0,-14,-331,0,-8
21802,4,800,0,0,0,0,3,3,3,3,495,495,494,494,0,0,0,0,-15,-332,-5,-14
21902,4,800,0,0,0,0,3,3,3,3,499,500,500,499,0,0,0,0,-15,-334,0,-12
22002,4,-800,0,0,0,0,3,3,3,3,499,500,499,499,0,0,0,0,-15,-336,0,-11
22102,4,-800,0,0,0,0,3,3,3,3,495,496,495,495,0,0,0,0,-15,-337,0,-11
22202,4,-800,0,0,0,0,3,3,3,3,500,501,500,500,0,0,0,0,-15,-339,-2,-12
22302,4,-800,102,10725,3093,3066,1,1,1,1,499,501,500,500,0,0,0,0,-14,-340,0,-9
22402,4,-800,-252,-189,-336,-2355,1,1,1,1,497,497,497,496,0,0,0,0,-14,-342,-46,-34
22502,4,-800,4,26,14,-946,1,1,1,1,497,499,497,498,0,0,0,0,-15,-343,-21,-15
22602,4,-800,-26,14,-9,-872,1,1,1,1,496,497,496,495,0,0,0,0,-15,-345,-4,-17
22702,4,-800,-14,-51,-17,-789,1,1,1,1,497,497,497,497,0,0,0,0,-15,-347,-1,-12
22802,4,-800,-6,4,-9,-809,1,1,1,1,501,502,501,501,0,0,0,0,-15,-348,6,-6
22902,4,-800,-14,-3,8,-817,1,1,1,1,495,497,496,495,0,0,0,0,-17,-350,12,-21
23002,4,-800,-14,-17,4,-814,1,1,1,1,497,497,496,497,0,0,0,0,-15,-352,-22,-19
23102,4,-800,3,-4,12,-989,1,1,1,1,501,502,502,501,0,0,0,0,-15,-353,-11,-14
23202,4,-800,-17,38,26,-812,1,1,1,1,495,497,496,495,0,0,0,0,-15,-355,3,-2
23302,4,-800,31,19,-19,-825,1,1,1,1,496,497,495,496,0,0,0,0,-15,-357,19,-8
23402,4,-800,-11,7,-16,-829,1,1,1,1,501,501,501,501,0,0,0,0,-17,-358,-32,-23
23502,4,-800,42,-89,41,-801,1,1,1,1,496,497,497,496,0,0,0,0,-15,-360,-24,-23
23602,4,-800,-4,-8,-29,-760,1,1,1,1,495,498,496,496,0,0,0,0,-15,-361,-16,-25
23702,4,-800,26,9,-11,-787,1,1,1,1,502,502,501,501,0,0,0,0,-15,-363,8,-2
23802,4,-800,-57,0,-62,-783,1,1,1,1,495,496,495,495,0,0,0,0,-15,-364,-15,-11
23902,4,-800,13,-2,14,-930,1,1,1,1,496,497,497,496,0,0,0,0,-15,-366,19,-16
24002,0,0,-26,14,3,-801,0,0,0,0,500,502,500,501,0,0,0,0,-14,-368,25,5
24102,0,0,-18,-25,-47,26,0,0,0,0,494,495,495,494,0,0,0,0,-15,-369,-9,-20
24202,0,0,-4,-13,-24,1,0,0,0,0,501,502,501,501,0,0,0,0,-17,-371,-9,-21
24302,0,0,7,0,-24,22,0,0,0,0,495,496,495,495,0,0,0,0,-15,-373,22,-9
24402,0,0,-17,-33,-14,4,0,0,0,0,499,501,500,499,0,0,0,0,-15,-374,-19,-14
24502,0,0,22,0,6,-29,0,0,0,0,496,496,495,496,0,0,0,0,-15,-376,-1,-22
24602,0,0,7,-3,-4,-32,0,0,0,0,499,501,500,499,0,0,0,0,-15,-377,-1,-4
24702,0,0,14,8,6,6,0,0,0,0,500,501,500,500,0,0,0,0,-14,-379,-9,-9
24802,0,0,-2,-26,17,-19,0,0,0,0,493,494,494,494,0,0,0,0,-15,-381,-21,-18
24902,0,0,8,-21,-42,0,0,0,0,0,501,502,501,500,0,0,0,0,-15,-382,21,0
25002,1,800,-33,14,-25,21,1,1,1,1,494,495,494,494,0,0,0,0,-15,-384,-3,-5
25102,1,800,880,-37,31,-22,1,1,1,1,500,501,501,501,0,0,0,0,-15,-385,-6,-7
25202,1,800,743,-24,12,17,1,1,1,1,496,497,495,495,0,0,0,0,-14,-387,-9,-1
25302,1,800,804,-7,-16,-28,1,1,1,1,500,501,501,501,0,0,0,0,-17,-389,18,-16
25402,1,800,813,68,-4,-1,1,1,1,1,495,497,496,495,0,0,0,0,-14,-390,19,-10
25502,1,800,800,3,-29,-2,1,1,1,1,495,496,495,495,0,0,0,0,-15,-392,25,-8
25602,1,800,777,-48,17,-9,1,1,1,1,500,501,500,500,0,0,0,0,-14,-393,6,-3
25702,1,800,579,-9,19,-4,1,1,1,1,495,496,496,495,0,0,0,0,-15,-395,17,-4
25802,1,800,799,8,17,-9,1,1,1,1,500,501,500,500,0,0,0,0,-15,-397,-7,-14
25902,1,800,795,-48,16,18,1,1,1,1,495,496,495,495,0,0,0,0,-15,-398,7,2
26002,1,800,809,-2,-14,3,1,1,1,1,500,501,501,500,0,0,0,0,-15,-400,-1,-21
26102,1,800,801,1,3,7,1,1,1,1,495,496,495,496,0,0,0,0,-15,-401,5,-9
26202,1,800,737,-1,12,-9,1,1,1,1,499,501,499,499,0,0,0,0,-14,-403,0,-1
26302,1,800,907,-51,-19,-19,1,1,1,1,500,501,501,500,0,0,0,0,-17,-405,7,-21
26402,1,800,783,55,31,0,1,1,1,1,496,496,495,496,0,0,0,0,-15,-406,30,-5
26502,1,800,939,-35,-26,19,1,1,1,1,495,496,496,495,0,0,0,0,-15,-408,-9,-4
26602,1,800,839,-34,0,16,1,1,1,1,500,502,500,500,0,0,0,0,-15,-410,21,-4
26702,1,800,783,-6,-3,4,1,1,1,1,495,495,495,495,0,0,0,0,-14,-411,19,0
26802,1,800,809,13,-3,-32,1,1,1,1,499,501,500,499,0,0,0,0,-15,-413,13,-10
26902,1,800,793,2,6,22,1,1,1,1,495,497,495,496,0,0,0,0,-15,-414,-5,-21
27002,1,-800,857,-25,33,-9,1,1,1,1,500,501,500,499,0,0,0,0,-15,-416,-4,-17
27102,1,-800,-1062,6,0,-17,1,1,1,1,495,497,496,496,0,0,0,0,-14,-417,-35,-23
27202,1,-800,-832,1,8,14,1,1,1,1,496,497,496,496,0,0,0,0,-15,-419,22,3
27302,1,-800,-817,-6,3,-4,1,1,1,1,500,500,500,500,0,0,0,0,-15,-421,-12,1
27402,1,-800,-752,13,4,4,1,1,1,1,495,496,495,495,0,0,0,0,-17,-422,24,-10
27502,1,-800,-860,59,-9,36,1,1,1,1,500,502,501,500,0,0,0,0,-15,-424,16,-9
27602,1,-800,-846,9,9,26,1,1,1,1,495,496,495,496,0,0,0,0,-17,-425,7,-15
27702,1,-800,-758,-4,-14,-74,1,1,1,1,500,501,501,500,0,0,0,0,-15,-427,36,0
27802,1,-800,-892,38,-28,-21,1,1,1,1,495,497,495,495,0,0,0,0,-15,-429,21,5
27902,1,-800,-794,-14,7,28,1,1,1,1,496,497,496,496,0,0,0,0,-15,-430,9,-6
28002,1,-800,-829,9,11,-4,1,1,1,1,500,501,501,501,0,0,0,0,-15,-432,29,4
28102,1,-800,-801,31,0,0,1,1,1,1,495,496,495,495,0,0,0,0,-14,-434,23,2
28202,1,-800,-851,14,-45,17,1,1,1,1,500,501,500,500,0,0,0,0,-15,-435,6,-14
28302,1,-800,-744,9,4,11,1,1,1,1,496,496,496,496,0,0,0,0,-15,-437,-25,-31
28402,1,-800,-746,0,-31,3,1,1,1,1,500,502,501,500,0,0,0,0,-15,-439,20,-7
28502,1,-800,-826,-4,-34,22,1,1,1,1,495,496,495,496,0,0,0,0,-14,-440,-1,-12
28602,1,-800,-798,-13,-6,68,1,1,1,1,496,497,496,495,0,0,0,0,-14,-442,6,-10
28702,1,-800,-858,4,-36,9,1,1,1,1,501,502,501,501,0,0,0,0,-14,-443,-6,-13
28802,1,-800,-795,-38,28,-12,1,1,1,1,495,496,496,496,0,0,0,0,-15,-445,1,-10
28902,1,-800,-794,-21,-41,-16,1,1,1,1,501,502,501,501,0,0,0,0,-15,-446,-3,-12
29002,0,0,-754,-28,22,-9,0,0,0,0,497,498,497,497,0,0,0,0,-15,-448,-2,-13
29102,0,0,2,0,7,4,0,0,0,0,495,496,495,495,0,0,0,0,-15,-450,-2,-10
29202,0,0,-9,-33,-37,22,0,0,0,0,499,500,500,500,0,0,0,0,-15,-451,-1,-15
29302,0,0,4,-6,-2,-14,0,0,0,0,495,496,495,495,0,0,0,0,-15,-453,0,-12
29402,0,0,-6,17,33,-18,0,0,0,0,500,501,500,500,0,0,0,0,-15,-454,-4,-14
29502,0,0,-4,-14,-52,18,0,0,0,0,499,501,500,500,0,0,0,0,-15,-456,-1,-16
29602,0,0,29,-29,-35,6,0,0,0,0,495,496,496,496,0,0,0,0,-15,-458,0,-15
29702,0,0,-12,25,-1,-14,0,0,0,0,500,501,500,499,0,0,0,0,-17,-459,-2,-14
29802,0,0,-22,-3,-28,-4,0,0,0,0,495,496,495,496,0,0,0,0,-15,-461,-2,-15
29902,0,0,-18,-13,22,-6,0,0,0,0,495,496,496,495,0,0,0,0,-15,-463,0,-12
30002,2,800,0,-25,-11,6,1,1,1,1,500,501,500,500,0,0,0,0,-15,-464,0,-11
30102,2,800,-12,946,25,-2,1,1,1,1,500,501,500,500,0,0,0,0,-15,-466,16,-8
30202,2,800,11,791,-19,-1,1,1,1,1,495,496,496,496,0,0,0,0,-14,-467,-20,-22
30302,2,800,-19,799,4,-26,1,1,1,1,496,497,496,496,0,0,0,0,-15,-469,6,-8
30402,2,800,-55,862,-39,25,1,1,1,1,500,501,500,500,0,0,0,0,-15,-470,1,-13
30502,2,800,34,846,31,12,1,1,1,1,495,497,496,495,0,0,0,0,-15,-472,0,-13
30602,2,800,9,846,-9,-21,1,1,1,1,501,501,501,501,0,0,0,0,-15,-474,-7,-16
30702,2,800,-39,797,-51,1,1,1,1,1,495,497,495,496,0,0,0,0,-15,-475,11,-14
30802,2,800,-6,838,13,-1,1,1,1,1,496,496,496,495,0,0,0,0,-15,-477,-6,-13
30902,2,800,14,739,-9,6,1,1,1,1,500,502,501,501,0,0,0,0,-17,-479,15,-8
31002,2,800,-22,809,16,0,1,1,1,1,495,496,495,495,0,0,0,0,-14,-480,8,-6
31102,2,800,87,870,-16,0,1,1,1,1,500,501,500,500,0,0,0,0,-15,-482,8,-9
31202,2,800,26,805,-11,-2,1,1,1,1,494,496,495,495,0,0,0,0,-15,-483,4,-13
31302,2,800,-9,725,19,-7,1,1,1,1,501,502,500,500,0,0,0,0,-15,-485,0,-16
31402,2,800,32,766,9,35,1,1,1,1,495,496,496,496,0,0,0,0,-14,-487,5,-8
31502,2,800,-21,880,-38,9,1,1,1,1,500,501,500,500,0,0,0,0,-15,-488,-7,-13
31602,2,800,17,839,-6,-4,1,1,1,1,495,497,495,496,0,0,0,0,-14,-490,-1,-17
31702,2,800,-18,820,-45,-14,1,1,1,1,501,501,501,500,0,0,0,0,-14,-491,-9,-15
31802,2,800,12,728,-19,-2,1,1,1,1,496,498,496,496,0,0,0,0,-15,-493,2,-9
31902,2,800,4,762,-21,-4,1,1,1,1,495,496,495,496,0,0,0,0,-14,-494,-15,-16
32002,2,-800,-14,818,16,-38,1,1,1,1,501,502,501,500,0,0,0,0,-15,-496,5,-10
32102,2,-800,-22,-991,-3,-16,1,1,1,1,496,497,497,497,0,0,0,0,-14,-498,-35,-21
32202,2,-800,-72,-830,-26,19,1,1,1,1,496,498,496,497,0,0,0,0,-15,-499,-8,-10
32302,2,-800,9,-851,-38,4,1,1,1,1,502,502,502,501,0,0,0,0,-15,-501,8,-12
32402,2,-800,-1,-737,21,17,1,1,1,1,495,497,495,496,0,0,0,0,-15,-502,-4,-20
32502,2,-800,4,-876,13,16,1,1,1,1,496,497,496,496,0,0,0,0,-14,-504,11,0
32602,2,-800,-4,-828,-4,-17,1,1,1,1,500,501,500,500,0,0,0,0,-15,-506,-7,-16
32702,2,-800,7,-741,6,1,1,1,1,1,496,498,497,497,0,0,0,0,-15,-507,-7,-18
32802,2,-800,-14,-851,-76,0,1,1,1,1,496,496,495,495,0,0,0,0,-17,-509,-4,-12
32902,2,-800,6,-822,4,1,1,1,1,1,500,502,501,501,0,0,0,0,-15,-510,-16,-19
33002,2,-800,-26,-808,-1,31,1,1,1,1,496,497,496,496,0,0,0,0,-15,-512,4,-14
33102,2,-800,19,-849,42,-3,1,1,1,1,501,502,501,501,0,0,0,0,-15,-513,1,-9
33202,2,-800,3,-785,2,8,1,1,1,1,496,497,496,496,0,0,0,0,-15,-515,-6,-16
33302,2,-800,-2,-756,-1,-26,1,1,1,1,495,496,495,495,0,0,0,0,-15,-517,3,-11
33402,2,-800,-16,-793,16,11,1,1,1,1,501,503,501,501,0,0,0,0,-15,-518,-6,-12
33502,2,-800,-8,-850,13,3,1,1,1,1,496,497,497,497,0,0,0,0,-15,-520,-6,-21
33602,2,-800,1,-769,13,0,1,1,1,1,501,502,501,501,0,0,0,0,-15,-521,7,-7
33702,2,-800,3,-859,31,26,1,1,1,1,495,496,495,495,0,0,0,0,-15,-523,-1,-11
33802,2,-800,4,-908,14,11,1,1,1,1,495,497,496,496,0,0,0,0,-15,-525,3,-14
33902,2,-800,-19,-743,-11,22,1,1,1,1,501,502,500,501,0,0,0,0,-15,-526,-12,-15
34002,0,0,13,-764,-14,-32,1,1,1,1,497,498,497,496,0,0,0,0,-14,-528,-1,-14
34102,0,0,13,26,22,-6,0,0,0,0,500,503,501,501,0,0,0,0,-15,-530,-1,-15
34202,0,0,4,9,17,-22,0,0,0,0,495,496,495,495,0,0,0,0,-14,-531,1,-11
34302,0,0,0,4,-2,12,0,0,0,0,499,501,500,500,0,0,0,0,-15,-533,-2,-16
34402,0,0,6,-8,-4,18,0,0,0,0,495,495,494,494,0,0,0,0,-15,-534,1,-13
34502,0,0,19,58,-19,-6,0,0,0,0,499,501,500,500,0,0,0,0,-15,-536,0,-11
34602,0,0,14,-17,-18,-9,0,0,0,0,500,501,500,500,0,0,0,0,-14,-537,-1,-15
34702,0,0,11,6,0,-34,0,0,0,0,496,497,496,496,0,0,0,0,-14,-539,2,-12
34802,0,0,-19,7,7,2,0,0,0,0,499,501,500,500,0,0,0,0,-15,-541,-1,-10
34902,0,0,-29,-8,-81,-2,0,0,0,0,495,495,494,494,0,0,0,0,-15,-542,0,-13
35002,3,800,32,0,16,9,1,1,1,1,500,501,500,501,0,0,0,0,-15,-544,0,-10
35102,3,800,-17,61,854,11,1,1,1,1,494,496,495,494,0,0,0,0,-15,-545,-1,-12
35202,3,800,13,12,791,-11,1,1,1,1,501,502,501,501,0,0,0,0,-15,-547,3,-7
35302,3,800,-21,-3,785,-14,1,1,1,1,495,496,495,495,0,0,0,0,-15,-549,0,-10
35402,3,800,-7,-47,720,0,1,1,1,1,501,502,501,501,0,0,0,0,-15,-550,-13,-21
35502,3,800,-13,9,766,0,1,1,1,1,495,497,496,496,0,0,0,0,-15,-552,-5,-16
35602,3,800,255,-34,787,-14,1,1,1,1,501,501,500,500,0,0,0,0,-15,-553,-2,-10
35702,3,800,-1,-4,732,19,1,1,1,1,495,497,496,497,0,0,0,0,-15,-555,-8,-7
35802,3,800,-42,-29,839,17,1,1,1,1,496,497,496,495,0,0,0,0,-15,-556,-4,-16
35902,3,800,34,-48,789,-38,1,1,1,1,501,502,501,501,0,0,0,0,-15,-558,1,-8
36002,3,800,-14,-3,842,0,1,1,1,1,495,497,495,496,0,0,0,0,-14,-560,-2,-11
36102,3,800,-26,14,700,-4,1,1,1,1,501,502,501,501,0,0,0,0,-15,-561,-8,-18
36202,3,800,-9,-9,764,-4,1,1,1,1,496,497,496,496,0,0,0,0,-15,-563,7,-4
36302,3,800,64,-2,825,-4,1,1,1,1,495,496,496,495,0,0,0,0,-17,-564,-4,-17
36402,3,800,-4,29,813,13,1,1,1,1,501,502,501,501,0,0,0,0,-15,-566,9,-11
36502,3,800,42,39,805,-19,1,1,1,1,495,497,495,496,0,0,0,0,-14,-568,-7,-16
36602,3,800,2,6,739,-3,1,1,1,1,501,502,501,501,0,0,0,0,-17,-569,7,-14
36702,3,800,13,13,791,-14,1,1,1,1,495,497,496,495,0,0,0,0,-15,-571,-1,-15
36802,3,800,-16,-18,828,9,1,1,1,1,501,501,501,501,0,0,0,0,-14,-572,10,-8
36902,3,800,45,11,822,8,1,1,1,1,495,497,496,496,0,0,0,0,-15,-574,3,-14
37002,3,-800,-9,-12,781,16,1,1,1,1,495,497,495,495,0,0,0,0,-15,-576,6,-10
37102,3,-800,9,-8,-1032,28,1,1,1,1,501,501,501,501,0,0,0,0,-15,-577,11,-8
37202,3,-800,-4,9,-778,-2,1,1,1,1,496,497,496,496,0,0,0,0,-14,-579,-14,-20
37302,3,-800,19,-1,-791,12,1,1,1,1,501,502,501,501,0,0,0,0,-15,-581,5,-12
37402,3,-800,25,-39,-758,-4,1,1,1,1,496,497,496,496,0,0,0,0,-15,-582,-1,-14
37502,3,-800,-4,50,-837,21,1,1,1,1,496,498,496,497,0,0,0,0,-14,-584,-4,-19
37602,3,-800,25,55,-791,-35,1,1,1,1,501,502,501,501,0,0,0,0,-15,-585,-1,-9
37702,3,-800,26,0,-850,-8,1,1,1,1,496,497,496,496,0,0,0,0,-15,-587,-1,-16
37802,3,-800,-18,-21,-777,7,1,1,1,1,496,497,497,496,0,0,0,0,-15,-589,3,-13
37902,3,-800,-4,37,-791,4,1,1,1,1,501,503,501,501,0,0,0,0,-15,-590,-8,-14
38002,3,-800,-22,0,-757,-22,1,1,1,1,496,497,496,497,0,0,0,0,-15,-592,2,-13
38102,3,-800,-6,-8,-762,-24,1,1,1,1,501,502,501,501,0,0,0,0,-14,-593,-4,-10
38202,3,-800,-8,-37,-796,0,1,1,1,1,496,497,496,496,0,0,0,0,-14,-595,-7,-12
38302,3,-800,31,-33,-461,9,1,1,1,1,496,497,496,496,0,0,0,0,-15,-596,0,-6
38402,3,-800,9,-32,-834,-28,1,1,1,1,500,502,501,500,0,0,0,0,-14,-598,-4,-12
38502,3,-800,-22,16,-829,1,1,1,1,1,496,497,496,496,0,0,0,0,-17,-600,13,-14
38602,3,-800,16,-39,-766,14,1,1,1,1,496,497,496,496,0,0,0,0,-15,-601,-6,-11
38702,3,-800,-14,12,-766,6,1,1,1,1,500,502,501,501,0,0,0,0,-15,-603,6,-13
38802,3,-800,56,-22,-826,17,1,1,1,1,496,497,496,496,0,0,0,0,-15,-605,1,-10
38902,3,-800,-25,29,-801,13,1,1,1,1,496,497,496,496,0,0,0,0,-15,-606,-3,-19
39002,0,0,-16,1,-801,2,0,0,0,0,501,502,501,501,0,0,0,0,-17,-608,9,-12
39102,0,0,26,-44,9,3,0,0,0,0,494,496,495,495,0,0,0,0,-15,-609,1,-10
39202,0,0,-45,-21,1,9,0,0,0,0,500,501,500,500,0,0,0,0,-15,-611,-4,-16
39302,0,0,-12,17,-6,-1,0,0,0,0,495,495,495,495,0,0,0,0,-15,-612,-1,-10
39402,0,0,-14,-16,-6,3,0,0,0,0,500,501,500,500,0,0,0,0,-14,-614,-2,-17
39503,0,0,-3,14,1,4,0,0,0,0,500,502,500,500,0,0,0,0,-14,-616,0,-11
39603,0,0,-28,6,-7,-2,0,0,0,0,499,500,499,499,0,0,0,0,-15,-617,-3,-14
39703,0,0,-8,-35,9,7,0,0,0,0,499,501,500,500,0,0,0,0,-15,-619,0,-8
39803,0,0,-22,11,14,3,0,0,0,0,494,495,494,494,0,0,0,0,-15,-621,-3,-11
39903,0,0,3,16,-22,-28,0,0,0,0,499,500,500,499,0,0,0,0,-14,-622,1,-9
40003,4,800,-8,-39,-22,-22,1,1,1,1,499,501,499,500,0,0,0,0,-15,-624,0,-14
40103,4,800,33,-14,33,884,1,1,1,1,496,496,496,496,0,0,0,0,-15,-625,-32,-24
40203,4,800,-7,22,0,826,1,1,1,1,495,497,495,495,0,0,0,0,-14,-627,-23,-21
40303,4,800,-16,-2,-4,791,1,1,1,1,500,501,501,501,0,0,0,0,-15,-629,12,-10
40403,4,800,19,-9,39,880,1,1,1,1,496,497,495,495,0,0,0,0,-15,-630,-1,-14
40503,4,800,34,4,-16,768,1,1,1,1,500,501,501,500,0,0,0,0,-15,-632,6,-6
40603,4,800,-4,14,16,794,1,1,1,1,495,496,495,495,0,0,0,0,-15,-633,0,-10
40703,4,800,1,-22,4,821,1,1,1,1,500,501,500,500,0,0,0,0,-14,-635,-2,-14
40803,4,800,-29,31,0,782,1,1,1,1,495,496,495,496,0,0,0,0,-15,-636,-3,-16
40903,4,800,-18,32,-4,769,1,1,1,1,500,501,500,500,0,0,0,0,-14,-638,0,-7
41003,4,800,31,29,-28,884,1,1,1,1,495,497,495,495,0,0,0,0,-14,-640,13,-13
41103,4,800,0,-16,3,791,1,1,1,1,495,496,496,496,0,0,0,0,-15,-641,-15,-18
41203,4,800,9,16,-6,782,1,1,1,1,501,501,500,500,0,0,0,0,-14,-643,16,-3
41303,4,800,16,13,26,799,1,1,1,1,494,496,495,495,0,0,0,0,-15,-644,2,-11
41403,4,800,16,19,13,731,1,1,1,1,500,501,500,500,0,0,0,0,-14,-646,8,-6
41503,4,800,-7,24,34,756,1,1,1,1,495,496,495,495,0,0,0,0,-15,-648,0,-16
41603,4,800,4,-28,8,729,1,1,1,1,500,501,500,500,0,0,0,0,-15,-649,2,-10
41703,4,800,11,-17,-8,794,1,1,1,1,494,496,495,495,0,0,0,0,-15,-651,14,-15
41803,4,800,-48,14,-11,835,1,1,1,1,501,502,501,500,0,0,0,0,-15,-652,-12,-16
41903,4,800,14,4,-4,781,1,1,1,1,495,496,495,496,0,0,0,0,-15,-654,9,-15
42003,4,-800,3,9,29,783,1,1,1,1,500,501,500,500,0,0,0,0,-14,-655,-7,-12
42103,4,-800,-9,-24,-14,-1104,1,1,1,1,495,496,495,495,0,0,0,0,-15,-657,-77,-36
42203,4,-800,-57,0,4,-760,1,1,1,1,496,498,497,496,0,0,0,0,-15,-659,9,-8
42303,4,-800,4,22,22,-803,1,1,1,1,500,501,500,500,0,0,0,0,-14,-660,9,-10
42403,4,-800,26,-1,7,-817,1,1,1,1,495,496,495,495,0,0,0,0,-15,-662,-3,-14
42503,4,-800,-28,25,-4,-859,1,1,1,1,501,501,500,500,0,0,0,0,-15,-664,6,-9
42603,4,-800,-39,-17,-9,-809,1,1,1,1,495,496,495,496,0,0,0,0,-15,-665,8,-13
42703,4,-800,-11,-19,63,-851,1,1,1,1,495,497,496,495,0,0,0,0,-15,-667,-22,-14
42804,4,-800,0,9,-21,-797,1,1,1,1,501,503,501,501,0,0,0,0,-14,-668,-6,-13
42904,4,-800,19,34,-14,-712,1,1,1,1,500,501,500,500,0,0,0,0,-15,-670,-7,-14
43004,4,-800,-4,0,-35,-768,1,1,1,1,495,497,495,496,0,0,0,0,-15,-672,6,-7
43104,4,-800,22,44,7,-830,1,1,1,1,500,501,501,500,0,0,0,0,-15,-673,2,-9
43204,4,-800,-29,61,19,-812,1,1,1,1,495,496,494,494,0,0,0,0,-15,-675,-1,-10
43304,4,-800,4,-25,-6,-762,1,1,1,1,495,497,496,496,0,0,0,0,-15,-676,-6,-16
43404,4,-800,251,-25,-17,-762,1,1,1,1,501,501,501,500,0,0,0,0,-15,-678,-14,-18
43504,4,-800,6,-34,-4,-799,1,1,1,1,496,497,496,496,0,0,0,0,-15,-679,0,-15
43604,4,-800,45,-7,29,-764,1,1,1,1,495,497,495,496,0,0,0,0,-14,-681,-11,-15
43704,4,-800,8,-4,-28,-769,1,1,1,1,500,501,501,500,0,0,0,0,-14,-683,1,-11
43804,4,-800,1,4,-21,-812,1,1,1,1,495,496,495,495,0,0,0,0,-14,-684,-9,-17
43904,4,-800,-11,45,-26,-850,1,1,1,1,501,502,501,501,0,0,0,0,-15,-686,12,-6
44004,0,0,44,-32,-33,-764,0,0,0,0,495,497,495,495,0,0,0,0,-15,-688,5,-12
44104,0,0,-16,-36,33,-14,0,0,0,0,495,496,495,495,0,0,0,0,-15,-689,-6,-16
44204,0,0,4,-8,-22,-9,0,0,0,0,500,501,500,500,0,0,0,0,-15,-691,1,-9
44304,0,0,-4,-7,-18,-21,0,0,0,0,494,495,494,494,0,0,0,0,-15,-692,-1,-14
44404,0,0,36,25,-57,7,0,0,0,0,500,501,500,500,0,0,0,0,-15,-694,-3,-10
44504,0,0,0,8,6,-14,0,0,0,0,494,495,494,495,0,0,0,0,-15,-695,2,-14
44604,0,0,-16,-42,14,0,0,0,0,0,499,501,499,499,0,0,0,0,-17,-697,-3,-12
44704,0,0,-33,-19,29,-51,0,0,0,0,499,500,500,499,0,0,0,0,-15,-698,0,-8
44804,0,0,19,-21,1,-13,0,0,0,0,495,451,495,495,0,0,0,0,-15,-700,0,-14
44904,0,0,-4,0,-9,-7,0,0,0,0,499,500,499,499,0,0,0,0,-15,-702,0,-9
45004,1,800,0,9,-42,-36,1,1,1,1,494,495,494,494,0,0,0,0,-15,-703,0,-12
45104,1,800,866,-26,-7,0,1,1,1,1,500,501,500,500,0,0,0,0,-15,-705,12,-11
45204,1,800,805,-17,26,11,1,1,1,1,494,496,495,495,0,0,0,0,-15,-707,-6,-15
45304,1,800,785,45,-12,14,1,1,1,1,501,501,500,500,0,0,0,0,-14,-708,6,-8
45404,1,800,809,-21,-14,0,1,1,1,1,494,496,495,495,0,0,0,0,-15,-710,-4,-12
45504,1,800,760,-19,-66,-9,1,1,1,1,501,502,500,501,0,0,0,0,-15,-711,-7,-16
45604,1,800,870,-11,-4,9,1,1,1,1,495,496,496,495,0,0,0,0,-15,-713,-7,-11
45704,1,800,845,-4,22,-2,1,1,1,1,495,496,495,495,0,0,0,0,-15,-714,8,-12
45804,1,800,689,-14,4,18,1,1,1,1,499,501,499,500,0,0,0,0,-15,-716,1,-13
45904,1,800,730,26,-26,1,1,1,1,1,495,496,495,495,0,0,0,0,-15,-718,-8,-15
46004,1,800,744,-19,21,7,1,1,1,1,500,501,500,500,0,0,0,0,-14,-719,-1,-12
46104,1,800,801,18,29,-17,1,1,1,1,495,496,495,495,0,0,0,0,-15,-721,1,-10
46204,1,800,745,14,-39,-2,1,1,1,1,500,501,500,500,0,0,0,0,-14,-722,6,-17
46304,1,800,727,7,26,9,1,1,1,1,494,496,495,495,0,0,0,0,-15,-724,1,-13
46404,1,800,837,12,19,14,1,1,1,1,499,500,499,499,0,0,0,0,-15,-726,-4,-17
46504,1,800,813,39,-16,17,1,1,1,1,495,496,495,495,0,0,0,0,-15,-727,-5,-15
46604,1,800,825,1,-3,3,1,1,1,1,495,496,495,495,0,0,0,0,-15,-729,14,-12
46704,1,800,863,0,4,-14,1,1,1,1,500,501,500,500,0,0,0,0,-15,-730,-1,-12
46804,1,800,822,0,-39,-1,1,1,1,1,495,496,495,495,0,0,0,0,-15,-732,2,-10
46904,1,800,834,3,-25,-4,1,1,1,1,500,500,500,500,0,0,0,0,-15,-733,-8,-18
47004,1,-800,733,11,7,-4,1,1,1,1,495,496,495,495,0,0,0,0,-14,-735,3,-7
47104,1,-800,-876,-22,-21,11,1,1,1,1,499,501,500,500,0,0,0,0,-15,-736,-14,-20
47204,1,-800,-752,57,-19,-3,1,1,1,1,497,497,496,496,0,0,0,0,-14,-738,2,-10
47304,1,-800,-842,-2,14,-19,1,1,1,1,500,502,500,501,0,0,0,0,-15,-740,5,-14
47404,1,-800,-783,-48,25,-19,1,1,1,1,496,496,496,496,0,0,0,0,-15,-741,7,-14
47504,1,-800,-781,47,9,-18,1,1,1,1,496,497,496,495,0,0,0,0,-15,-743,-3,-10
47604,1,-800,-826,29,-4,-9,1,1,1,1,500,502,501,501,0,0,0,0,-15,-745,7,-12
47704,1,-800,-807,-14,13,19,1,1,1,1,495,496,495,495,0,0,0,0,-15,-746,11,-11
47804,1,-800,-837,-7,-4,36,1,1,1,1,496,497,496,496,0,0,0,0,-15,-748,0,-12
47904,1,-800,-818,-24,-9,14,1,1,1,1,500,501,500,500,0,0,0,0,-14,-749,-4,-12
48004,1,-800,-841,-2,7,-6,1,1,1,1,496,496,496,496,0,0,0,0,-15,-751,9,-3
48104,1,-800,-789,-16,-14,-25,1,1,1,1,495,496,495,495,0,0,0,0,-17,-753,0,-12
48204,1,-800,-423,14,-8,21,1,1,1,1,501,502,501,501,0,0,0,0,-15,-754,-6,-9
48304,1,-800,-795,36,-22,4,1,1,1,1,495,496,495,496,0,0,0,0,-15,-756,-13,-14
48404,1,-800,-843,2,-26,31,1,1,1,1,496,497,496,495,0,0,0,0,-15,-757,0,-13
48504,1,-800,-828,48,-19,13,1,1,1,1,500,501,500,501,0,0,0,0,-15,-759,1,-9
48604,1,-800,-720,-18,39,-18,1,1,1,1,495,497,496,495,0,0,0,0,-14,-760,0,-17
48704,1,-800,-808,25,44,-3,1,1,1,1,501,501,500,501,0,0,0,0,-15,-762,6,-8
48804,1,-800,-787,-19,-51,-11,1,1,1,1,495,496,496,495,0,0,0,0,-15,-764,-5,-17
48904,1,-800,-774,34,14,0,1,1,1,1,496,498,496,496,0,0,0,0,-15,-765,-13,-18
49004,0,0,-702,-31,19,7,0,0,0,0,501,501,501,501,0,0,0,0,-14,-767,5,-7
49104,0,0,-14,19,1,-2,0,0,0,0,494,496,495,495,0,0,0,0,-15,-769,-7,-15
49204,0,0,34,39,12,-11,0,0,0,0,500,501,499,500,0,0,0,0,-14,-770,-2,-11
49304,0,0,11,16,1,-18,0,0,0,0,495,495,495,495,0,0,0,0,-15,-772,0,-12
49404,0,0,-28,1,2,-19,0,0,0,0,499,501,500,499,0,0,0,0,-15,-773,-2,-13
49504,0,0,1,-28,-28,2,0,0,0,0,495,496,495,495,0,0,0,0,-14,-775,-1,-10
49604,0,0,-79,-22,2,-14,0,0,0,0,499,500,499,500,0,0,0,0,-15,-776,0,-14
49704,0,0,-14,19,-42,9,0,0,0,0,500,502,500,500,0,0,0,0,-15,-778,-3,-13
49804,0,0,9,3,52,1,0,0,0,0,495,495,495,494,0,0,0,0,-17,-779,-1,-10
49904,0,0,7,-9,4,-4,0,0,0,0,498,500,499,499,0,0,0,0,-14,-781,0,-15
50004,2,800,-9,-14,-14,-12,1,1,1,1,494,495,494,494,0,0,0,0,-15,-783,-2,-13
50104,2,800,4,851,7,-4,1,1,1,1,501,502,502,501,0,0,0,0,-14,-784,9,-12
50204,2,800,-72,826,-256,-22,1,1,1,1,495,496,494,495,0,0,0,0,-15,-786,-1,-18
50304,2,800,-28,884,33,11,1,1,1,1,500,502,501,501,0,0,0,0,-15,-787,-6,-14
50404,2,800,75,863,-11,8,1,1,1,1,495,496,495,495,0,0,0,0,-15,-789,8,-6
50504,2,800,76,793,19,-4,1,1,1,1,495,496,495,495,0,0,0,0,-15,-791,-6,-17
50604,2,800,-4,798,37,19,1,1,1,1,500,501,500,500,0,0,0,0,-15,-792,-13,-17
50704,2,800,-36,959,-9,11,1,1,1,1,495,496,496,496,0,0,0,0,-15,-794,-6,-22
50804,2,800,4,805,-88,4,1,1,1,1,500,502,500,500,0,0,0,0,-15,-795,13,-9
50904,2,800,-48,812,36,-12,1,1,1,1,495,495,495,495,0,0,0,0,-15,-797,11,-3
51004,2,800,55,834,-3,-4,1,1,1,1,500,502,500,500,0,0,0,0,-15,-799,-8,-19
51104,2,800,-4,760,-42,9,1,1,1,1,495,496,495,496,0,0,0,0,-14,-800,14,-10
51204,2,800,-4,809,-1,-4,1,1,1,1,495,497,496,495,0,0,0,0,-15,-802,-4,-7
51304,2,800,16,779,26,16,1,1,1,1,500,501,500,500,0,0,0,0,-15,-803,-2,-18
51404,2,800,-56,876,17,4,1,1,1,1,495,496,495,495,0,0,0,0,-15,-805,3,-15
51504,2,800,-256,935,17,-22,1,1,1,1,500,501,500,500,0,0,0,0,-15,-806,21,-4
51604,2,800,7,862,8,4,1,1,1,1,495,496,495,496,0,0,0,0,-15,-808,-12,-13
51704,2,800,-19,769,1,-32,1,1,1,1,499,501,500,499,0,0,0,0,-17,-810,5,-12
51804,2,800,12,798,22,-6,1,1,1,1,495,496,495,495,0,0,0,0,-15,-811,-4,-3
51904,2,800,34,707,-13,-22,1,1,1,1,500,501,500,501,0,0,0,0,-15,-813,4,-14
52004,2,-800,-9,773,3,-4,1,1,1,1,495,497,496,495,0,0,0,0,-15,-814,-2,-11
52104,2,-800,90,-1037,11,-3,1,1,1,1,495,496,495,495,0,0,0,0,-15,-816,-30,-16
52204,2,-800,-47,-817,-4,-14,1,1,1,1,501,502,501,501,0,0,0,0,-15,-818,2,-16
52304,2,-800,-98,-782,-39,16,1,1,1,1,495,497,496,496,0,0,0,0,-15,-819,3,-10
52404,2,-800,-48,-771,17,-16,1,1,1,1,496,497,495,496,0,0,0,0,-15,-821,0,-12
52504,2,-800,14,-1008,-4,7,1,1,1,1,495,496,496,496,0,0,0,0,-15,-822,13,-8
52604,2,-800,-79,-514,2,0,1,1,1,1,501,502,500,500,0,0,0,0,-15,-824,0,-13
52704,2,-800,31,-804,4,0,1,1,1,1,495,496,496,495,0,0,0,0,-15,-826,-3,-13
52804,2,-800,-17,-842,9,0,1,1,1,1,500,502,500,501,0,0,0,0,-15,-827,0,-13
52904,2,-800,-79,-834,29,28,1,1,1,1,495,496,495,495,0,0,0,0,-15,-829,-13,-12
53004,2,-800,57,-838,7,17,1,1,1,1,495,496,496,496,0,0,0,0,-14,-830,-1,-12
53104,2,-800,-42,-781,37,19,1,1,1,1,501,502,500,500,0,0,0,0,-15,-832,-15,-15
53204,2,-800,8,-775,3,-9,1,1,1,1,495,497,496,496,0,0,0,0,-15,-834,4,-6
53304,2,-800,-14,-854,77,-25,1,1,1,1,500,501,500,500,0,0,0,0,-15,-835,-6,-14
53404,2,-800,1,-904,11,13,1,1,1,1,496,497,496,496,0,0,0,0,-15,-837,-3,-9
53504,2,-800,21,-797,-22,1,1,1,1,1,495,496,495,495,0,0,0,0,-15,-838,-11,-19
53604,2,-800,17,-832,16,-7,1,1,1,1,500,502,501,501,0,0,0,0,-14,-840,-9,-18
53704,2,-800,28,-876,-2,-17,1,1,1,1,495,496,495,496,0,0,0,0,-15,-841,-6,-20
53804,2,-800,-32,-904,11,0,1,1,1,1,496,497,496,495,0,0,0,0,-14,-843,-8,-10
53904,2,-800,-9,-833,25,0,1,1,1,1,500,501,500,501,0,0,0,0,-17,-845,3,-14
54004,0,0,-59,-897,-14,7,0,0,0,0,495,496,495,495,0,0,0,0,-15,-846,-6,-16
54104,0,0,17,12,-19,4,0,0,0,0,495,496,495,495,0,0,0,0,-15,-848,-2,-10
54204,0,0,85,14,-18,-19,0,0,0,0,500,501,500,500,0,0,0,0,-15,-850,-3,-15
54305,0,0,-91,-9,-29,6,0,0,0,0,500,502,500,500,0,0,0,0,-15,-851,0,-10
54405,0,0,-2,-16,19,-26,0,0,0,0,499,500,499,500,0,0,0,0,-15,-853,0,-11
54505,0,0,4,8,8,-17,0,0,0,0,500,501,500,499,0,0,0,0,-15,-854,-2,-14
54605,0,0,48,8,-4,-14,0,0,0,0,494,496,495,495,0,0,0,0,-15,-856,0,-11
54705,0,0,34,-32,0,-2,0,0,0,0,500,500,499,499,0,0,0,0,-15,-857,0,-16
54805,0,0,25,22,-8,-1,0,0,0,0,494,495,494,495,0,0,0,0,-15,-859,-1,-14
54905,0,0,-9,3,8,1,0,0,0,0,499,501,500,499,0,0,0,0,-15,-861,1,-12
55005,3,800,8,-3,8,0,1,1,1,1,499,500,498,499,0,0,0,0,-15,-862,0,-14
55105,3,800,21,22,846,-11,1,1,1,1,494,495,494,494,0,0,0,0,-14,-864,-7,-18
55205,3,800,34,-38,785,-4,1,1,1,1,500,501,501,501,0,0,0,0,-15,-865,-2,-15
55305,3,800,18,19,795,-4,1,1,1,1,496,497,495,495,0,0,0,0,-15,-867,-8,-15
55405,3,800,22,4,785,13,1,1,1,1,495,496,495,496,0,0,0,0,-15,-869,10,-8
55505,3,800,-74,14,787,3,1,1,1,1,499,501,500,499,0,0,0,0,-15,-870,5,-9
55605,3,800,-47,-42,805,-12,1,1,1,1,500,501,499,500,0,0,0,0,-14,-872,-4,-11
55705,3,800,50,-53,498,-29,1,1,1,1,495,497,496,496,0,0,0,0,-15,-873,-7,-15
55805,3,800,11,-13,772,38,1,1,1,1,496,497,496,496,0,0,0,0,-15,-875,0,-6
55905,3,800,0,-34,842,2,1,1,1,1,500,501,499,500,0,0,0,0,-15,-877,-5,-16
56005,3,800,17,-34,799,14,1,1,1,1,495,496,495,495,0,0,0,0,-15,-878,-7,-17
56105,3,800,13,9,813,22,1,1,1,1,495,497,496,496,0,0,0,0,-14,-880,5,-13
56205,3,800,-26,-24,769,19,1,1,1,1,500,501,500,499,0,0,0,0,-15,-881,-10,-12
56305,3,800,4,-42,805,-9,1,1,1,1,496,497,495,496,0,0,0,0,-15,-883,3,-13
56405,3,800,-51,2,758,1,1,1,1,1,499,501,500,500,0,0,0,0,-15,-885,-8,-12
56505,3,800,64,-26,899,-2,1,1,1,1,495,496,495,495,0,0,0,0,-17,-886,11,-3
56605,3,800,19,-19,773,19,1,1,1,1,500,501,500,500,0,0,0,0,-15,-888,-15,-16
56705,3,800,-36,-17,723,-1,1,1,1,1,496,496,496,496,0,0,0,0,-17,-890,6,-13
56805,3,800,65,1,787,-8,1,1,1,1,495,497,495,495,0,0,0,0,-14,-891,2,-12
56905,3,800,62,-8,700,-14,1,1,1,1,500,501,500,500,0,0,0,0,-15,-893,4,-11
57005,3,-800,-24,-2,820,-4,1,1,1,1,495,496,495,495,0,0,0,0,-15,-894,0,-16
57105,3,-800,72,18,-1018,-1,1,1,1,1,500,501,500,500,0,0,0,0,-15,-896,26,3
57205,3,-800,39,42,-780,-22,1,1,1,1,495,496,496,496,0,0,0,0,-15,-897,-4,-13
57305,3,-800,32,252,-841,6,1,1,1,1,500,502,500,501,0,0,0,0,-15,-899,5,-10
57405,3,-800,90,22,-807,35,1,1,1,1,495,496,495,495,0,0,0,0,-17,-901,8,-14
57505,3,-800,-55,7,-800,-3,1,1,1,1,495,497,496,495,0,0,0,0,-14,-902,-1,-13
57605,3,-800,-37,-26,-789,9,1,1,1,1,501,502,500,501,0,0,0,0,-15,-904,-12,-21
57705,3,-800,-55,19,-818,-17,1,1,1,1,495,496,496,495,0,0,0,0,-14,-905,-4,-15
57805,3,-800,-83,33,-787,8,1,1,1,1,496,497,496,496,0,0,0,0,-14,-907,-4,-12
57905,3,-800,-31,-13,-789,9,1,1,1,1,500,502,501,501,0,0,0,0,-15,-909,-12,-21
58005,3,-800,-4,17,-822,-4,1,1,1,1,496,497,496,496,0,0,0,0,-15,-910,-1,-14
58105,3,-800,-16,6,-904,-2,1,1,1,1,495,497,495,496,0,0,0,0,-15,-912,-14,-14
58205,3,-800,13,8,-773,18,1,1,1,1,501,501,501,500,0,0,0,0,-17,-913,3,-9
58305,3,-800,13,-7,-801,14,1,1,1,1,494,496,495,495,0,0,0,0,-17,-915,-2,-13
58405,3,-800,-36,31,-799,1,1,1,1,1,495,496,495,495,0,0,0,0,-15,-917,-3,-11
58505,3,-800,7,1,-838,-39,1,1,1,1,500,502,500,501,0,0,0,0,-14,-918,3,-10
58605,3,-800,-56,7,-787,11,1,1,1,1,495,496,495,495,0,0,0,0,-15,-920,2,-17
58705,3,-800,-13,-19,-880,-24,1,1,1,1,500,501,501,500,0,0,0,0,-15,-921,0,-12
58805,3,-800,29,-36,-799,16,1,1,1,1,496,497,496,496,0,0,0,0,-15,-923,1,-16
58905,3,-800,41,11,-779,-4,1,1,1,1,495,497,495,496,0,0,0,0,-15,-924,0,-20
59005,0,0,-28,9,-801,0,0,0,0,0,501,501,501,500,0,0,0,0,-14,-926,-3,-12
59105,0,0,-35,35,6,28,0,0,0,0,494,496,494,495,0,0,0,0,-15,-928,0,-11
59205,0,0,2,19,-24,3,0,0,0,0,499,500,499,499,0,0,0,0,-15,-929,-1,-14
59305,0,0,69,-11,-3,-19,0,0,0,0,494,495,495,494,0,0,0,0,-15,-931,-2,-11
59405,0,0,-59,26,-9,22,0,0,0,0,499,501,499,500,0,0,0,0,-15,-933,2,-12
59506,0,0,-4,-11,9,4,0,0,0,0,499,500,499,499,0,0,0,0,-17,-934,0,-12
59606,0,0,22,-16,-3,-13,0,0,0,0,499,500,499,499,0,0,0,0,-15,-936,-1,-12
59706,0,0,48,29,-14,-11,0,0,0,0,500,501,500,500,0,0,0,0,-15,-937,0,-10
59806,0,0,19,62,11,4,0,0,0,0,494,495,494,494,0,0,0,0,-15,-939,1,-10
59906,0,0,34,-4,-9,-22,0,0,0,0,499,500,499,499,0,0,0,0,-15,-940,-2,-15
60006,4,800,-59,19,-3,9,1,1,1,1,494,496,495,495,0,0,0,0,-15,-942,-1,-9
60106,4,800,-39,-14,4,985,1,1,1,1,499,500,499,499,0,0,0,0,-14,-944,-10,-12
60206,4,800,-4,-26,-29,1041,1,1,1,1,496,496,496,496,0,0,0,0,-14,-945,19,0
60306,4,800,-62,-18,-31,771,1,1,1,1,500,501,500,500,0,0,0,0,-14,-947,-8,-11
60406,4,800,-8,-6,13,777,1,1,1,1,495,497,495,496,0,0,0,0,-15,-948,3,-5
60506,4,800,37,-18,-21,777,1,1,1,1,494,496,495,494,0,0,0,0,-15,-950,-5,-14
60606,4,800,-58,17,16,780,1,1,1,1,500,501,500,500,0,0,0,0,-15,-952,-6,-16
60706,4,800,3,22,4,794,1,1,1,1,495,496,495,495,0,0,0,0,-15,-953,4,-11
60806,4,800,-48,13,19,808,1,1,1,1,499,500,499,499,0,0,0,0,-14,-955,-18,-16
60906,4,800,41,4,4,791,1,1,1,1,495,497,495,495,0,0,0,0,-14,-956,7,-10
61006,4,800,16,21,-34,1092,1,1,1,1,499,500,499,500,0,0,0,0,-15,-958,3,-17
61106,4,800,-3,-19,35,882,1,1,1,1,495,496,496,495,0,0,0,0,-15,-960,-2,-12
61206,4,800,50,19,-34,714,1,1,1,1,495,496,495,495,0,0,0,0,-14,-961,-1,-13
61306,4,800,25,-32,-6,821,1,1,1,1,500,502,500,501,0,0,0,0,-15,-963,-3,-15
61406,4,800,-8,34,-13,813,1,1,1,1,496,496,496,495,0,0,0,0,-15,-964,-12,-12
61506,4,800,-42,-50,34,816,1,1,1,1,500,502,500,501,0,0,0,0,-14,-966,-7,-13
61606,4,800,-28,-1,-21,760,1,1,1,1,495,497,496,495,0,0,0,0,-15,-967,0,-12
61706,4,800,-4,-2,-41,780,1,1,1,1,496,496,495,496,0,0,0,0,-15,-969,-4,-17
61806,4,800,-2,-18,22,884,1,1,1,1,500,502,501,501,0,0,0,0,-15,-971,-10,-9
61906,4,800,-83,29,-3,835,1,1,1,1,496,497,495,495,0,0,0,0,-15,-972,6,-11
62006,4,-800,19,4,-12,785,1,1,1,1,500,502,500,500,0,0,0,0,-14,-974,-4,-16
62106,4,-800,12,-26,-4,-1004,1,1,1,1,495,496,496,496,0,0,0,0,-15,-975,13,-7
62206,4,-800,4,39,14,-967,1,1,1,1,495,497,496,496,0,0,0,0,-15,-977,3,-15
62306,4,-800,0,18,-42,-752,1,1,1,1,500,501,500,500,0,0,0,0,-15,-979,9,-10
62406,4,-800,-14,-13,-36,-822,1,1,1,1,496,497,495,495,0,0,0,0,-15,-980,0,-11
62506,4,-800,-4,34,48,-799,1,1,1,1,496,497,496,496,0,0,0,0,-15,-982,6,-9
62606,4,-800,64,4,-12,-834,1,1,1,1,500,502,501,501,0,0,0,0,-15,-983,5,-13
62706,4,-800,-76,6,14,-779,1,1,1,1,496,496,495,496,0,0,0,0,-15,-985,-1,-6
62806,4,-800,4,-1,-8,-791,1,1,1,1,500,502,501,500,0,0,0,0,-15,-986,-3,-14
62906,4,-800,-8,-29,3,-821,1,1,1,1,495,496,495,496,0,0,0,0,-15,-988,0,-13
63006,4,-800,-18,14,6,-971,1,1,1,1,495,496,496,495,0,0,0,0,-15,-990,20,-5
63106,4,-800,-21,17,-61,-822,1,1,1,1,501,502,500,501,0,0,0,0,-15,-991,-7,-14
63206,4,-800,4,-24,-41,-820,1,1,1,1,496,497,496,496,0,0,0,0,-15,-993,-7,-12
63306,4,-800,22,3,-34,-829,1,1,1,1,495,497,496,496,0,0,0,0,-15,-994,3,-16
63406,4,-800,18,21,-3,-795,1,1,1,1,501,501,501,500,0,0,0,0,-15,-996,-6,-16
63506,4,-800,-4,52,4,-825,1,1,1,1,495,497,495,496,0,0,0,0,-15,-998,0,-13
63606,4,-800,7,33,33,-797,1,1,1,1,500,501,501,500,0,0,0,0,-14,-999,2,-12
63706,4,-800,-3,14,-26,-771,1,1,1,1,495,496,495,496,0,0,0,0,-14,-1001,-13,-17
63806,4,-800,68,13,-6,-843,1,1,1,1,497,498,496,496,0,0,0,0,-15,-1002,17,-9
63906,4,-800,139,-11,3,-805,1,1,1,1,500,501,501,501,0,0,0,0,-14,-1004,9,-12
64006,0,0,7,8,-14,-830,0,0,0,0,496,498,496,496,0,0,0,0,-15,-1005,-3,-13
64106,0,0,51,16,22,-1,0,0,0,0,495,496,495,496,0,0,0,0,-15,-1007,0,-13
64206,0,0,28,-34,-6,22,0,0,0,0,500,500,500,499,0,0,0,0,-15,-1009,0,-10
64306,0,0,39,-6,-21,13,0,0,0,0,495,497,495,495,0,0,0,0,-15,-1010,0,-13
64406,0,0,-21,7,18,2,0,0,0,0,500,501,500,500,0,0,0,0,-15,-1012,-2,-16
64506,0,0,13,-12,31,-4,0,0,0,0,499,501,500,500,0,0,0,0,-15,-1013,0,-11
64606,0,0,9,-17,-22,-35,0,0,0,0,495,496,495,495,0,0,0,0,-15,-1015,-1,-14
64706,0,0,-12,9,-7,-8,0,0,0,0,495,496,495,495,0,0,0,0,-15,-1017,-1,-14
64806,0,0,4,-1,6,-18,0,0,0,0,500,501,500,500,0,0,0,0,-15,-1018,0,-11
64907,0,0,17,14,6,4,0,0,0,0,499,501,500,500,0,0,0,0,-15,-1020,1,-14
65007,1,800,-19,13,2,-13,1,1,1,1,499,500,499,499,0,0,0,0,-15,-1021,0,-15
65107,1,800,913,19,56,1,1,1,1,1,500,501,500,500,0,0,0,0,-15,-1023,-3,-12
65207,1,800,897,24,-45,0,1,1,1,1,495,496,495,495,0,0,0,0,-14,-1025,5,-13
65307,1,800,798,26,-6,-11,1,1,1,1,495,496,496,496,0,0,0,0,-14,-1026,3,-13
65407,1,800,876,19,-9,-31,1,1,1,1,501,502,500,500,0,0,0,0,-15,-1028,0,-15
65507,1,800,745,-29,-1,22,1,1,1,1,495,496,495,495,0,0,0,0,-15,-1029,-7,-13
65607,1,800,817,42,28,-4,1,1,1,1,500,501,500,500,0,0,0,0,-15,-1031,-16,-13
65707,1,800,813,-39,7,-8,1,1,1,1,495,496,495,495,0,0,0,0,-15,-1033,-4,-16
65807,1,800,469,-8,51,14,1,1,1,1,495,496,495,495,0,0,0,0,-15,-1034,-3,-12
65907,1,800,810,-29,-52,-4,1,1,1,1,500,501,500,501,0,0,0,0,-15,-1036,-6,-13
66007,1,800,791,11,16,-31,1,1,1,1,495,497,496,495,0,0,0,0,-15,-1037,-11,-17
66107,1,800,764,-17,-3,4,1,1,1,1,496,497,495,496,0,0,0,0,-15,-1039,-1,-9
66207,1,800,772,-22,22,-17,1,1,1,1,500,501,500,500,0,0,0,0,-15,-1040,4,-8
66307,1,800,746,-42,45,-9,1,1,1,1,495,496,496,495,0,0,0,0,-15,-1042,2,-12
66407,1,800,878,4,7,45,1,1,1,1,500,502,500,501,0,0,0,0,-14,-1044,-5,-19
66507,1,800,835,-16,-57,8,1,1,1,1,494,496,494,495,0,0,0,0,-15,-1045,7,-10
66607,1,800,804,-13,0,6,1,1,1,1,500,501,501,500,0,0,0,0,-14,-1047,2,-9
66707,1,800,814,-3,9,-41,1,1,1,1,495,496,494,494,0,0,0,0,-14,-1048,0,-12
66807,1,800,825,17,-19,-4,1,1,1,1,500,501,500,501,0,0,0,0,-14,-1050,8,-8
66907,1,800,793,-11,-32,-2,1,1,1,1,495,496,495,495,0,0,0,0,-14,-1051,-14,-16
67007,1,-800,728,-35,-22,19,1,1,1,1,495,497,496,496,0,0,0,0,-15,-1053,10,-3
67107,1,-800,-1060,26,-14,6,1,1,1,1,500,501,500,500,0,0,0,0,-15,-1055,-25,-19
67207,1,-800,-834,7,-76,0,1,1,1,1,497,498,496,496,0,0,0,0,-15,-1056,5,-10
67307,1,-800,-807,68,4,0,1,1,1,1,495,496,495,496,0,0,0,0,-15,-1058,-2,-10
67407,1,-800,-756,25,-19,0,1,1,1,1,500,502,501,500,0,0,0,0,-14,-1059,-2,-11
67507,1,-800,-783,0,-42,-8,1,1,1,1,496,497,496,496,0,0,0,0,-15,-1061,5,-11
67607,1,-800,-743,25,-36,16,1,1,1,1,496,497,495,496,0,0,0,0,-15,-1063,6,-16
67707,1,-800,-842,9,6,29,1,1,1,1,500,502,501,501,0,0,0,0,-14,-1064,-6,-17
67807,1,-800,-818,-11,-16,-1,1,1,1,1,495,497,496,496,0,0,0,0,-14,-1066,-1,-12
67907,1,-800,-830,-39,-12,16,1,1,1,1,496,498,496,496,0,0,0,0,-17,-1067,-4,-10
68007,1,-800,-826,-26,24,-44,1,1,1,1,501,502,501,501,0,0,0,0,-15,-1069,-6,-13
68107,1,-800,-843,2,-17,12,1,1,1,1,496,498,496,496,0,0,0,0,-15,-1071,-7,-16
68207,1,-800,-809,-6,-45,-9,1,1,1,1,496,497,495,496,0,0,0,0,-15,-1072,-11,-18
68307,1,-800,-743,4,-58,1,1,1,1,1,496,497,496,496,0,0,0,0,-15,-1074,-2,-9
68407,1,-800,-787,-4,7,-12,1,1,1,1,500,501,500,501,0,0,0,0,-14,-1075,-5,-10
68507,1,-800,-781,-14,0,9,1,1,1,1,495,497,496,495,0,0,0,0,-15,-1077,-4,-10
68607,1,-800,-839,16,59,2,1,1,1,1,496,496,495,496,0,0,0,0,-15,-1078,0,-14
68707,1,-800,-783,51,-47,26,1,1,1,1,500,501,501,500,0,0,0,0,-14,-1080,-11,-21
68807,1,-800,-785,-25,22,7,1,1,1,1,496,497,496,496,0,0,0,0,-15,-1082,1,-15
68907,1,-800,-821,16,47,-13,1,1,1,1,495,497,495,496,0,0,0,0,-15,-1083,-2,-16
69007,0,0,-805,-22,19,0,0,0,0,0,501,502,501,501,0,0,0,0,-14,-1085,7,-9
69107,0,0,8,36,2,16,0,0,0,0,494,496,494,495,0,0,0,0,-15,-1086,-1,-14
69207,0,0,-24,4,32,-253,0,0,0,0,500,500,500,499,0,0,0,0,-14,-1088,3,-13
69307,0,0,21,12,-21,3,0,0,0,0,494,496,494,495,0,0,0,0,-15,-1090,-2,-16
69407,0,0,0,42,19,18,0,0,0,0,500,501,500,500,0,0,0,0,-15,-1091,-3,-12
69507,0,0,13,42,4,9,0,0,0,0,494,495,495,494,0,0,0,0,-14,-1093,0,-11
69607,0,0,-39,-32,14,16,0,0,0,0,499,501,499,500,0,0,0,0,-15,-1094,0,-10
69707,0,0,-19,24,-14,16,0,0,0,0,500,501,500,500,0,0,0,0,-15,-1096,1,-12
69807,0,0,2,-1,28,9,0,0,0,0,495,496,495,495,0,0,0,0,-15,-1097,0,-13
69907,0,0,25,29,-24,1,0,0,0,0,499,501,499,499,0,0,0,0,-14,-1099,-1,-15
70007,2,800,-31,22,19,4,1,1,1,1,495,496,495,495,0,0,0,0,-15,-1101,-2,-9
70107,2,800,-12,864,-34,0,1,1,1,1,500,502,500,501,0,0,0,0,-15,-1102,14,-2
70207,2,800,-7,799,-18,14,1,1,1,1,496,496,495,495,0,0,0,0,-15,-1104,-10,-15
70307,2,800,16,887,-8,4,1,1,1,1,496,498,496,497,0,0,0,0,-15,-1105,0,-13
70407,2,800,59,751,7,-18,1,1,1,1,500,501,501,500,0,0,0,0,-15,-1107,6,-14
70507,2,800,-16,829,9,-2,1,1,1,1,495,498,495,496,0,0,0,0,-15,-1108,-7,-19
70607,2,800,-1,753,-18,-4,1,1,1,1,501,502,501,501,0,0,0,0,-15,-1110,3,-8
70707,2,800,7,776,-35,-7,1,1,1,1,495,496,495,495,0,0,0,0,-15,-1112,-8,-11
70807,2,800,-31,723,-17,-3,1,1,1,1,500,502,501,501,0,0,0,0,-14,-1113,4,-10
70907,2,800,-36,762,38,0,1,1,1,1,496,497,496,496,0,0,0,0,-15,-1115,-8,-11
71007,2,800,25,817,-1,13,1,1,1,1,496,497,495,496,0,0,0,0,-15,-1116,1,-11
71107,2,800,79,774,-22,-8,1,1,1,1,500,501,501,500,0,0,0,0,-15,-1118,0,-11
71207,2,800,48,876,-31,14,1,1,1,1,495,497,495,496,0,0,0,0,-14,-1120,-3,-10
71307,2,800,52,770,3,-13,1,1,1,1,496,497,496,496,0,0,0,0,-14,-1121,0,-8
71407,2,800,-7,838,9,-4,1,1,1,1,500,501,500,500,0,0,0,0,-15,-1123,12,-9
71507,2,800,-13,803,26,-14,1,1,1,1,495,496,495,496,0,0,0,0,-15,-1124,-23,-23
71607,2,800,13,820,52,0,1,1,1,1,502,503,502,501,0,0,0,0,-15,-1126,4,-11
71707,2,800,-9,766,-21,24,1,1,1,1,495,496,495,496,0,0,0,0,-15,-1128,-4,-17
71807,2,800,22,732,-9,-36,1,1,1,1,496,497,496,496,0,0,0,0,-15,-1129,11,-5
71907,2,800,-41,820,14,-9,1,1,1,1,500,502,501,501,0,0,0,0,-15,-1131,-4,-15
72007,2,-800,0,841,4,6,1,1,1,1,496,496,495,496,0,0,0,0,-15,-1132,12,-9
72107,2,-800,34,-992,45,-11,1,1,1,1,499,501,500,499,0,0,0,0,-14,-1134,-57,-30
72207,2,-800,9,-778,19,-19,1,1,1,1,497,497,497,497,0,0,0,0,-15,-1136,6,-13
72307,2,-800,-3,-853,0,0,1,1,1,1,495,497,495,496,0,0,0,0,-15,-1137,-2,-19
72407,2,-800,1,-805,-2,-4,1,1,1,1,501,501,500,500,0,0,0,0,-17,-1139,-8,-20
72507,2,-800,-33,-770,26,31,1,1,1,1,495,497,496,496,0,0,0,0,-15,-1140,-2,-10
72607,2,-800,34,-888,48,-12,1,1,1,1,496,497,496,496,0,0,0,0,-15,-1142,-7,-15
72707,2,-800,-7,-822,-1,1,1,1,1,1,496,497,496,496,0,0,0,0,-14,-1143,5,-10
72807,2,-800,3,-797,-47,19,1,1,1,1,500,501,501,501,0,0,0,0,-14,-1145,13,-10
72907,2,-800,-44,-747,-53,-4,1,1,1,1,496,498,495,496,0,0,0,0,-15,-1146,-9,-17
73007,2,-800,-48,-778,31,-2,1,1,1,1,497,497,497,497,0,0,0,0,-15,-1148,10,-2
73107,2,-800,-8,-778,-2,-17,1,1,1,1,501,503,501,501,0,0,0,0,-15,-1150,-1,-9
73207,2,-800,14,-697,38,-14,1,1,1,1,495,497,496,496,0,0,0,0,-15,-1151,-4,-8
73307,2,-800,2,-901,-42,-7,1,1,1,1,496,497,496,496,0,0,0,0,-15,-1153,-5,-12
73407,2,-800,0,-783,-29,1,1,1,1,1,501,502,501,501,0,0,0,0,-17,-1155,19,-5
73507,2,-800,19,-874,17,-9,1,1,1,1,495,496,495,495,0,0,0,0,-14,-1156,-16,-16
73607,2,-800,18,-793,1,9,1,1,1,1,496,497,496,496,0,0,0,0,-15,-1158,-3,-10
73707,2,-800,-45,-726,28,-22,1,1,1,1,500,501,500,501,0,0,0,0,-15,-1159,9,-5
73807,2,-800,-2,-768,9,-11,1,1,1,1,496,497,496,495,0,0,0,0,-15,-1161,0,-11
73907,2,-800,45,-807,9,-9,1,1,1,1,495,496,495,496,0,0,0,0,-17,-1163,1,-12
74007,0,0,-42,-504,-8,9,0,0,0,0,500,501,500,500,0,0,0,0,-15,-1164,-2,-12
74107,0,0,2,-93,16,-7,0,0,0,0,495,496,495,495,0,0,0,0,-15,-1166,7,-13
74207,0,0,-19,39,-16,0,0,0,0,0,500,501,500,500,0,0,0,0,-14,-1167,0,-10
74307,0,0,4,-3,-25,-4,0,0,0,0,494,496,495,495,0,0,0,0,-15,-1169,-1,-12
74407,0,0,-19,17,-24,-6,0,0,0,0,500,501,500,500,0,0,0,0,-15,-1170,2,-11
74507,0,0,57,0,22,0,0,0,0,0,495,495,495,495,0,0,0,0,-15,-1172,-3,-13
74607,0,0,42,-8,-25,255,0,0,0,0,499,501,499,499,0,0,0,0,-15,-1174,-3,-14
74707,0,0,-9,-4,-14,11,0,0,0,0,495,496,495,495,0,0,0,0,-15,-1175,0,-14
74807,0,0,16,50,24,-3,0,0,0,0,500,500,500,500,0,0,0,0,-15,-1177,-2,-10
74907,0,0,6,26,-14,-26,0,0,0,0,494,496,495,495,0,0,0,0,-15,-1179,0,-11
75007,3,800,35,11,-12,9,1,1,1,1,500,501,500,499,0,0,0,0,-14,-1180,0,-10
75107,3,800,-78,-7,908,1,1,1,1,1,495,495,494,495,0,0,0,0,-15,-1182,2,-20
75207,3,800,1,12,748,-6,1,1,1,1,500,502,501,501,0,0,0,0,-14,-1183,-1,-14
75307,3,800,0,-21,758,0,1,1,1,1,495,496,495,495,0,0,0,0,-14,-1185,3,-15
75407,3,800,-82,4,782,0,1,1,1,1,500,501,500,500,0,0,0,0,-14,-1186,-2,-13
75507,3,800,51,33,789,0,1,1,1,1,495,496,495,495,0,0,0,0,-17,-1188,5,-8
75607,3,800,26,11,764,9,1,1,1,1,500,501,500,500,0,0,0,0,-14,-1190,14,-4
75707,3,800,85,48,741,19,1,1,1,1,495,496,495,495,0,0,0,0,-14,-1191,6,-10
75807,3,800,18,-24,755,-4,1,1,1,1,500,501,500,500,0,0,0,0,-15,-1193,-2,-19
75907,3,800,69,-9,774,-12,1,1,1,1,495,497,496,496,0,0,0,0,-15,-1194,2,-14
76007,3,800,-26,-9,798,0,1,1,1,1,496,496,495,495,0,0,0,0,-14,-1196,-7,-15
76107,3,800,-58,29,760,25,1,1,1,1,500,502,501,500,0,0,0,0,-15,-1198,1,-8
76207,3,800,2,-1,822,-4,1,1,1,1,495,496,495,496,0,0,0,0,-15,-1199,-19,-12
76307,3,800,14,9,735,-19,1,1,1,1,500,501,500,500,0,0,0,0,-15,-1201,7,-5
76407,3,800,-52,25,770,13,1,1,1,1,495,497,495,495,0,0,0,0,-14,-1202,-1,-13
76507,3,800,9,-29,803,3,1,1,1,1,495,497,495,496,0,0,0,0,-15,-1204,12,-7
76607,3,800,8,69,772,6,1,1,1,1,500,501,501,500,0,0,0,0,-15,-1205,-14,-16
76707,3,800,2,9,808,25,1,1,1,1,496,496,495,495,0,0,0,0,-14,-1207,-11,-15
76807,3,800,-14,-19,854,9,1,1,1,1,500,502,500,500,0,0,0,0,-15,-1209,4,-12
76907,3,800,34,-11,745,-9,1,1,1,1,495,497,496,496,0,0,0,0,-15,-1210,2,-12
77007,3,-800,45,12,809,-8,1,1,1,1,500,502,500,500,0,0,0,0,-14,-1212,-1,-9
77107,3,-800,107,-4,-1024,-24,1,1,1,1,496,496,495,496,0,0,0,0,-15,-1213,11,-6
77207,3,-800,7,-29,-773,-1,1,1,1,1,496,497,497,496,0,0,0,0,-15,-1215,-6,-8
77307,3,-800,-17,-47,-773,-9,1,1,1,1,500,502,500,501,0,0,0,0,-15,-1217,5,-7
77407,3,-800,-26,-4,-677,25,1,1,1,1,496,497,496,496,0,0,0,0,-15,-1218,-4,-16
77507,3,-800,-19,2,-789,-2,1,1,1,1,496,497,496,496,0,0,0,0,-15,-1220,-7,-14
77607,3,-800,19,16,-847,-19,1,1,1,1,501,501,501,500,0,0,0,0,-14,-1221,-13,-17
77707,3,-800,-22,7,-813,6,1,1,1,1,496,497,496,496,0,0,0,0,-15,-1223,-2,-14
77807,3,-800,58,22,-942,0,1,1,1,1,495,496,495,496,0,0,0,0,-14,-1224,-9,-17
77907,3,-800,97,-1,-797,22,1,1,1,1,495,497,496,495,0,0,0,0,-15,-1226,8,-10
78007,3,-800,-39,-1,-842,-9,1,1,1,1,501,502,500,501,0,0,0,0,-14,-1227,11,-11
78107,3,-800,21,-14,-721,-22,1,1,1,1,495,497,496,496,0,0,0,0,-15,-1229,-9,-16
78207,3,-800,63,-19,-421,-14,1,1,1,1,497,497,497,496,0,0,0,0,-15,-1231,-4,-19
78307,3,-800,-19,-29,-768,-12,1,1,1,1,501,503,501,502,0,0,0,0,-15,-1232,-5,-13
78407,3,-800,42,-33,-793,4,1,1,1,1,497,497,497,497,0,0,0,0,-15,-1234,6,-14
78507,3,-800,-18,-9,-809,16,1,1,1,1,495,497,496,495,0,0,0,0,-15,-1235,5,-7
78607,3,-800,63,4,-754,-9,1,1,1,1,496,496,495,496,0,0,0,0,-15,-1237,-1,-13
78707,3,-800,58,0,-787,18,1,1,1,1,500,502,501,501,0,0,0,0,-15,-1239,2,-12
78807,3,-800,29,-2,-858,2,1,1,1,1,496,496,495,495,0,0,0,0,-14,-1240,-4,-10
78908,3,-800,74,-11,-798,-21,1,1,1,1,501,502,501,501,0,0,0,0,-15,-1242,4,-12
79008,0,0,-29,-4,-842,-17,0,0,0,0,500,502,501,501,0,0,0,0,-15,-1243,-2,-12
79108,0,0,-4,-57,55,-3,0,0,0,0,496,497,496,496,0,0,0,0,-15,-1245,6,-10
79208,0,0,48,-7,13,-6,0,0,0,0,500,500,499,500,0,0,0,0,-14,-1247,-2,-15
79308,0,0,-29,9,-42,-19,0,0,0,0,494,496,495,495,0,0,0,0,-15,-1248,1,-12
79408,0,0,14,31,0,6,0,0,0,0,500,501,500,500,0,0,0,0,-15,-1250,-2,-15
79508,0,0,21,3,9,22,0,0,0,0,495,496,494,495,0,0,0,0,-15,-1251,-2,-15
79608,0,0,-16,-1,7,-13,0,0,0,0,499,500,500,499,0,0,0,0,-15,-1253,-1,-14
79708,0,0,7,-16,-6,-26,0,0,0,0,495,496,495,495,0,0,0,0,-15,-1255,0,-12
79808,0,0,31,-34,16,-9,0,0,0,0,500,501,500,500,0,0,0,0,-15,-1256,0,-10
79908,0,0,33,-8,29,16,0,0,0,0,495,496,494,495,0,0,0,0,-14,-1258,-1,-10
80008,4,800,-22,6,31,4,1,1,1,1,499,500,500,500,0,0,0,0,-14,-1259,-1,-11
80108,4,800,-28,-9,0,851,1,1,1,1,495,496,495,495,0,0,0,0,-15,-1261,-7,-15
80208,4,800,-112,9,-82,826,1,1,1,1,500,502,500,500,0,0,0,0,-15,-1262,18,-7
80308,4,800,-24,18,-6,833,1,1,1,1,496,496,496,496,0,0,0,0,-15,-1264,-12,-15
80408,4,800,-58,0,9,801,1,1,1,1,495,497,495,495,0,0,0,0,-15,-1266,15,-10
80508,4,800,9,-14,-6,777,1,1,1,1,500,501,500,500,0,0,0,0,-15,-1267,-1,-16
80608,4,800,-8,29,12,798,1,1,1,1,496,496,495,496,0,0,0,0,-15,-1269,-12,-16
80708,4,800,19,-19,14,772,1,1,1,1,500,502,501,500,0,0,0,0,-15,-1270,5,-6
80808,4,800,29,-4,-33,813,1,1,1,1,495,496,495,495,0,0,0,0,-15,-1272,1,-7
80908,4,800,24,22,-4,791,1,1,1,1,495,496,495,495,0,0,0,0,-15,-1274,20,-7
81008,4,800,0,-51,7,789,1,1,1,1,500,501,500,500,0,0,0,0,-15,-1275,6,-10
81108,4,800,3,45,28,782,1,1,1,1,494,496,494,495,0,0,0,0,-14,-1277,15,-8
81208,4,800,9,-7,26,795,1,1,1,1,500,500,500,500,0,0,0,0,-15,-1278,-6,-10
81308,4,800,9,22,-13,814,1,1,1,1,495,496,494,495,0,0,0,0,-15,-1280,-7,-16
81408,4,800,-29,-1,-16,841,1,1,1,1,500,502,501,500,0,0,0,0,-15,-1281,10,-12
81508,4,800,26,-38,-9,735,1,1,1,1,496,497,495,496,0,0,0,0,-17,-1283,0,-13
81608,4,800,-4,0,-28,838,1,1,1,1,495,496,496,495,0,0,0,0,-14,-1285,-7,-20
81708,4,800,-12,4,26,735,1,1,1,1,500,501,500,500,0,0,0,0,-15,-1286,0,-17
81808,4,800,14,-9,9,560,1,1,1,1,495,496,494,495,0,0,0,0,-14,-1288,-2,-16
81908,4,800,7,-9,2,791,1,1,1,1,500,502,500,500,0,0,0,0,-15,-1289,-14,-18
82008,4,-800,41,-34,-42,795,1,1,1,1,495,496,496,495,0,0,0,0,-15,-1291,-3,-8
82108,4,-800,-2,8,22,-974,1,1,1,1,496,497,495,496,0,0,0,0,-15,-1293,14,-2
82208,4,-800,36,29,-16,-762,1,1,1,1,500,502,501,501,0,0,0,0,-15,-1294,2,-9
82308,4,-800,19,42,-14,-847,1,1,1,1,496,497,495,495,0,0,0,0,-15,-1296,-5,-10
82408,4,-800,-14,-16,-8,-795,1,1,1,1,501,502,501,501,0,0,0,0,-15,-1297,20,-3
82508,4,-800,1,-22,4,-847,1,1,1,1,495,497,495,496,0,0,0,0,-15,-1299,-5,-9
82608,4,-800,-32,16,3,-789,1,1,1,1,496,497,496,495,0,0,0,0,-14,-1301,4,-11
82708,4,-800,-29,-26,-63,-780,1,1,1,1,500,501,500,501,0,0,0,0,-14,-1302,7,-10
82808,4,-800,48,-18,21,-766,1,1,1,1,496,498,496,496,0,0,0,0,-15,-1304,-3,-21
82908,4,-800,-53,17,3,-781,1,1,1,1,496,497,496,496,0,0,0,0,-15,-1305,-4,-15
83008,4,-800,-83,-26,-16,-796,1,1,1,1,495,497,496,495,0,0,0,0,-15,-1307,18,-8
83108,4,-800,-29,-14,-11,-764,1,1,1,1,501,502,500,501,0,0,0,0,-15,-1309,2,-14
83208,4,-800,106,12,11,-809,1,1,1,1,496,497,496,496,0,0,0,0,-17,-1310,3,-10
83308,4,-800,-50,-21,-29,-769,1,1,1,1,496,497,496,496,0,0,0,0,-15,-1312,0,-14
83408,4,-800,-28,14,-9,-814,1,1,1,1,496,497,496,496,0,0,0,0,-15,-1313,5,-15
83508,4,-800,69,9,12,-776,1,1,1,1,501,502,501,501,0,0,0,0,-15,-1315,-6,-19
83608,4,-800,59,8,28,-805,1,1,1,1,495,497,496,496,0,0,0,0,-15,-1316,-2,-13
83708,4,-800,-9,13,-7,-545,1,1,1,1,496,496,495,496,0,0,0,0,-15,-1318,-1,-10
83808,4,-800,26,2,24,-813,1,1,1,1,500,502,501,501,0,0,0,0,-15,-1320,10,-9
83908,4,-800,-37,0,-12,-797,1,1,1,1,495,496,495,495,0,0,0,0,-15,-1321,-12,-16
84008,0,0,-125,25,-12,-769,0,0,0,0,497,497,496,496,0,0,0,0,-14,-1323,0,-13
84108,0,0,-44,33,9,-50,0,0,0,0,500,501,501,501,0,0,0,0,-14,-1324,-1,-12
84208,0,0,35,-9,-42,-4,0,0,0,0,495,496,495,495,0,0,0,0,-15,-1326,0,-11
84308,0,0,35,8,-22,6,0,0,0,0,500,501,500,500,0,0,0,0,-15,-1328,1,-14
84408,0,0,-14,18,24,-14,0,0,0,0,494,496,494,494,0,0,0,0,-14,-1329,0,-11
84508,0,0,-11,2,36,0,0,0,0,0,500,501,500,501,0,0,0,0,-15,-1331,0,-14
84608,0,0,-22,-36,3,0,0,0,0,0,495,496,495,494,0,0,0,0,-15,-1332,0,-14
84708,0,0,35,-4,-6,-4,0,0,0,0,499,500,499,500,0,0,0,0,-14,-1334,1,-15
84808,0,0,35,7,-8,26,0,0,0,0,500,501,500,499,0,0,0,0,-15,-1335,-3,-14
84908,0,0,-17,-12,14,-29,0,0,0,0,494,495,494,495,0,0,0,0,-15,-1337,-4,-14
85008,1,800,12,8,-25,14,1,1,1,1,500,501,500,500,0,0,0,0,-15,-1339,-2,-14
85108,1,800,1008,53,7,37,1,1,1,1,495,497,495,495,0,0,0,0,-15,-1340,1,-6
85208,1,800,903,-45,9,-3,1,1,1,1,495,496,495,495,0,0,0,0,-14,-1342,-10,-12
85308,1,800,785,-37,37,25,1,1,1,1,501,502,501,501,0,0,0,0,-15,-1343,3,-15
85408,1,800,903,19,19,14,1,1,1,1,495,496,495,496,0,0,0,0,-15,-1345,1,-6
85508,1,800,732,0,19,-38,1,1,1,1,500,502,500,500,0,0,0,0,-15,-1347,5,-6
85608,1,800,814,-83,28,-14,1,1,1,1,496,496,495,495,0,0,0,0,-15,-1348,-3,-14
85708,1,800,747,52,0,-4,1,1,1,1,496,497,496,496,0,0,0,0,-15,-1350,-3,-13
85808,1,800,900,-14,18,-45,1,1,1,1,500,501,501,500,0,0,0,0,-15,-1351,1,-14
85908,1,800,737,39,0,22,1,1,1,1,496,497,495,496,0,0,0,0,-15,-1353,-3,-15
86008,1,800,730,-12,19,-19,1,1,1,1,500,502,501,501,0,0,0,0,-15,-1354,6,-13
86108,1,800,813,-26,16,18,1,1,1,1,496,496,495,495,0,0,0,0,-15,-1356,1,-8
86208,1,800,791,29,-31,2,1,1,1,1,495,497,496,496,0,0,0,0,-15,-1358,5,-8
86308,1,800,867,28,18,-22,1,1,1,1,500,501,500,500,0,0,0,0,-15,-1359,1,-10
86408,1,800,758,-82,19,48,1,1,1,1,495,497,495,495,0,0,0,0,-15,-1361,0,-7
86508,1,800,766,84,26,-36,1,1,1,1,501,501,501,501,0,0,0,0,-15,-1363,-10,-21
86608,1,800,785,52,4,-37,1,1,1,1,496,497,495,496,0,0,0,0,-15,-1364,-10,-15
86708,1,800,777,-9,4,-41,1,1,1,1,495,497,496,496,0,0,0,0,-15,-1366,6,-6
86808,1,800,866,-37,-4,-3,1,1,1,1,501,502,501,500,0,0,0,0,-15,-1367,10,-7
86908,1,800,842,29,-9,48,1,1,1,1,495,496,495,496,0,0,0,0,-14,-1369,-1,-11
87008,1,-800,771,9,-22,-9,1,1,1,1,501,502,500,500,0,0,0,0,-15,-1370,-2,-9
87108,1,-800,-1055,11,26,-57,1,1,1,1,495,497,496,496,0,0,0,0,-14,-1372,15,-7
87208,1,-800,-847,39,12,29,1,1,1,1,496,497,496,496,0,0,0,0,-15,-1374,5,-12
87308,1,-800,-483,45,0,51,1,1,1,1,501,502,501,501,0,0,0,0,-14,-1375,11,-14
87408,1,-800,-813,35,6,-37,1,1,1,1,496,496,495,496,0,0,0,0,-14,-1377,3,-12
87508,1,-800,-778,19,2,-24,1,1,1,1,495,497,496,495,0,0,0,0,-15,-1378,0,-10
87608,1,-800,-859,19,-33,13,1,1,1,1,501,501,501,501,0,0,0,0,-15,-1380,0,-11
87708,1,-800,-810,-4,17,-52,1,1,1,1,496,497,496,496,0,0,0,0,-17,-1382,2,-9
87808,1,-800,-797,-9,-28,9,1,1,1,1,496,497,496,496,0,0,0,0,-15,-1383,9,-8
87908,1,-800,-833,-19,18,18,1,1,1,1,500,502,500,501,0,0,0,0,-15,-1385,13,-7
88008,1,-800,-824,-26,9,-42,1,1,1,1,496,496,496,495,0,0,0,0,-15,-1386,-6,-7
88108,1,-800,-685,0,-4,65,1,1,1,1,496,497,496,496,0,0,0,0,-15,-1388,2,-7
88208,1,-800,-787,13,7,-11,1,1,1,1,500,501,500,501,0,0,0,0,-15,-1389,-2,-5
88308,1,-800,-805,-26,8,-4,1,1,1,1,495,496,495,495,0,0,0,0,-15,-1391,-2,-10
88408,1,-800,-757,-1,-2,-26,1,1,1,1,501,502,501,501,0,0,0,0,-15,-1393,-13,-11
88508,1,-800,-708,3,-4,42,1,1,1,1,496,497,496,496,0,0,0,0,-14,-1394,-4,-12
88608,1,-800,-821,-3,35,-28,1,1,1,1,496,497,496,496,0,0,0,0,-14,-1396,10,-9
88709,1,-800,-746,-35,-71,-4,1,1,1,1,500,502,500,501,0,0,0,0,-14,-1397,-2,-4
88809,1,-800,-805,-32,42,50,1,1,1,1,501,502,502,501,0,0,0,0,-15,-1399,-2,-12
88909,1,-800,-929,14,-9,254,1,1,1,1,496,496,495,496,0,0,0,0,-15,-1401,-3,-14
89009,0,0,-818,-7,-45,58,0,0,0,0,495,497,496,495,0,0,0,0,-14,-1402,8,-11
89109,0,0,1,-9,28,25,0,0,0,0,500,501,500,500,0,0,0,0,-15,-1404,-1,-13
89209,0,0,19,-22,-39,22,0,0,0,0,495,496,494,495,0,0,0,0,-15,-1405,-2,-14
89309,0,0,-13,0,-19,32,0,0,0,0,500,501,501,500,0,0,0,0,-15,-1407,0,-8
89409,0,0,-3,-6,-26,-26,0,0,0,0,494,495,494,495,0,0,0,0,-15,-1409,0,-11
89509,0,0,11,-33,-3,22,0,0,0,0,500,501,500,500,0,0,0,0,-15,-1410,-2,-11
89609,0,0,12,34,-19,-21,0,0,0,0,495,496,495,495,0,0,0,0,-15,-1412,0,-15
89709,0,0,48,18,-21,8,0,0,0,0,499,501,500,500,0,0,0,0,-14,-1413,-1,-16
89809,0,0,3,12,-42,16,0,0,0,0,495,495,495,494,0,0,0,0,-15,-1415,0,-15
89909,0,0,14,4,36,0,0,0,0,0,499,501,499,500,0,0,0,0,-14,-1416,1,-15
90009,2,800,-19,34,1,26,1,1,1,1,494,495,494,494,0,0,0,0,-15,-1418,-4,-13
90109,2,800,16,866,-11,36,1,1,1,1,501,501,501,501,0,0,0,0,-15,-1420,7,-11
90209,2,800,35,795,9,22,1,1,1,1,495,497,495,495,0,0,0,0,-14,-1421,1,-18
90309,2,800,22,769,9,-55,1,1,1,1,500,500,500,500,0,0,0,0,-14,-1423,4,-21
90409,2,800,-44,801,-8,12,1,1,1,1,494,496,495,495,0,0,0,0,-15,-1424,-19,-25
90510,2,800,-70,766,24,-2,1,1,1,1,501,502,501,501,0,0,0,0,-17,-1426,-14,-17
90610,2,800,2,824,29,-18,1,1,1,1,501,502,501,501,0,0,0,0,-14,-1428,0,-18
90710,2,800,36,854,16,56,1,1,1,1,495,497,495,495,0,0,0,0,-15,-1429,5,-11
90810,2,800,0,993,8,-26,1,1,1,1,500,501,501,501,0,0,0,0,-15,-1431,-14,-15
90910,2,800,-19,820,-8,-36,1,1,1,1,496,496,495,495,0,0,0,0,-15,-1432,-2,-21
91010,2,800,4,779,-4,52,1,1,1,1,496,497,497,497,0,0,0,0,-15,-1434,-2,-15
91110,2,800,14,712,-6,47,1,1,1,1,500,502,500,500,0,0,0,0,-15,-1435,-6,-17
91210,2,800,48,878,-21,-19,1,1,1,1,495,496,495,496,0,0,0,0,-15,-1437,-8,-11
91310,2,800,19,854,-24,-42,1,1,1,1,501,502,501,500,0,0,0,0,-15,-1439,-4,-13
91410,2,800,45,838,33,-31,1,1,1,1,495,497,496,496,0,0,0,0,-15,-1440,1,-12
91510,2,800,-21,847,-14,37,1,1,1,1,495,496,495,496,0,0,0,0,-13,-1442,-5,-14
91610,2,800,45,1076,-31,-18,1,1,1,1,501,501,501,501,0,0,0,0,-15,-1443,26,-9
91710,2,800,6,749,9,55,1,1,1,1,495,497,495,496,0,0,0,0,-15,-1445,1,-13
91810,2,800,-3,805,21,-9,1,1,1,1,495,495,495,494,0,0,0,0,-15,-1446,3,-12
91910,2,800,14,800,-19,-31,1,1,1,1,500,501,500,500,0,0,0,0,-15,-1448,2,-12
92010,2,-800,48,718,-7,-44,1,1,1,1,495,497,496,496,0,0,0,0,-15,-1450,-35,-30
92110,2,-800,8,-1123,-4,-14,1,1,1,1,501,502,500,501,0,0,0,0,-14,-1451,-26,-23
92210,2,-800,41,-870,-36,-45,1,1,1,1,496,497,496,496,0,0,0,0,-15,-1453,-6,-9
92310,2,-800,66,-797,26,28,1,1,1,1,495,497,496,496,0,0,0,0,-15,-1454,-8,-12
92410,2,-800,-24,-851,42,16,1,1,1,1,496,496,496,496,0,0,0,0,-15,-1456,-25,-20
92510,2,-800,0,-880,1,-19,1,1,1,1,501,503,501,501,0,0,0,0,-15,-1458,-17,-18
92610,2,-800,14,-867,-4,8,1,1,1,1,495,497,495,496,0,0,0,0,-14,-1459,-13,-16
92710,2,-800,-25,-846,16,-72,1,1,1,1,496,496,496,495,0,0,0,0,-15,-1461,-10,-10
92810,2,-800,-48,-783,3,-1,1,1,1,1,496,497,496,497,0,0,0,0,-15,-1462,-15,-18
92910,2,-800,14,-813,35,66,1,1,1,1,501,502,501,501,0,0,0,0,-15,-1464,-1,-13
93010,2,-800,-70,-820,-3,0,1,1,1,1,495,497,495,496,0,0,0,0,-15,-1466,0,-11
93110,2,-800,-18,-810,-14,-53,1,1,1,1,496,497,496,496,0,0,0,0,-15,-1467,-20,-20
93210,2,-800,87,-739,-19,69,1,1,1,1,502,502,502,501,0,0,0,0,-15,-1469,3,-21
93310,2,-800,18,-770,-14,51,1,1,1,1,495,497,495,496,0,0,0,0,-14,-1470,-13,-11
93410,2,-800,-2,-793,-14,-26,1,1,1,1,497,497,496,497,0,0,0,0,-14,-1472,0,-10
93510,2,-800,62,-764,9,-75,1,1,1,1,496,498,497,496,0,0,0,0,-15,-1474,3,-15
93610,2,-800,17,-685,13,-53,1,1,1,1,500,501,500,501,0,0,0,0,-15,-1475,1,-9
93710,2,-800,14,-775,7,36,1,1,1,1,496,496,496,496,0,0,0,0,-15,-1477,-7,-17
93810,2,-800,-76,-785,-18,-4,1,1,1,1,495,497,495,495,0,0,0,0,-15,-1478,-15,-22
93910,2,-800,-9,-775,4,-28,1,1,1,1,501,502,501,502,0,0,0,0,-15,-1480,4,-13
94010,0,0,22,-769,11,14,0,0,0,0,496,497,496,495,0,0,0,0,-15,-1482,-18,-19
94110,0,0,-34,8,45,33,0,0,0,0,495,496,495,496,0,0,0,0,-15,-1483,-4,-14
94210,0,0,4,-4,21,18,0,0,0,0,500,501,500,500,0,0,0,0,-15,-1485,1,-8
94310,0,0,37,32,61,-4,0,0,0,0,499,500,499,499,0,0,0,0,-14,-1486,-2,-10
94410,0,0,-76,12,0,3,0,0,0,0,494,495,495,495,0,0,0,0,-15,-1488,1,-12
94510,0,0,14,-11,11,13,0,0,0,0,500,501,499,499,0,0,0,0,-15,-1489,-3,-9
94610,0,0,-14,-21,-2,4,0,0,0,0,494,495,495,495,0,0,0,0,-15,-1491,-1,-10
94710,0,0,3,19,13,-4,0,0,0,0,500,501,500,500,0,0,0,0,-15,-1493,1,-10
94810,0,0,-42,22,9,53,0,0,0,0,494,495,494,494,0,0,0,0,-17,-1494,0,-8
94910,0,0,-14,39,-12,21,0,0,0,0,500,501,499,500,0,0,0,0,-15,-1496,1,-10
95010,3,800,22,45,44,-7,1,1,1,1,494,496,495,495,0,0,0,0,-14,-1497,-19,-6
95110,3,800,-11,42,875,-26,1,1,1,1,500,501,500,500,0,0,0,0,-15,-1499,-23,-15
95210,3,800,36,37,821,24,1,1,1,1,496,497,496,496,0,0,0,0,-14,-1500,-8,-15
95310,3,800,19,-3,785,-8,1,1,1,1,496,496,495,495,0,0,0,0,-15,-1502,6,-11
95410,3,800,-50,-35,828,-1,1,1,1,1,500,502,501,501,0,0,0,0,-15,-1504,4,-9
95510,3,800,72,32,807,2,1,1,1,1,495,497,495,495,0,0,0,0,-14,-1505,1,-14
95610,3,800,-16,-16,666,1,1,1,1,1,500,501,500,500,0,0,0,0,-14,-1507,-4,-14
95710,3,800,72,-37,828,-35,1,1,1,1,495,496,495,496,0,0,0,0,-15,-1508,14,-11
95810,3,800,59,19,1084,-66,1,1,1,1,496,497,496,495,0,0,0,0,-15,-1510,8,-16
95910,3,800,52,-41,737,24,1,1,1,1,500,502,500,501,0,0,0,0,-15,-1512,-6,-17
96010,3,800,7,-66,783,-12,1,1,1,1,496,496,496,496,0,0,0,0,-15,-1513,7,-9
96110,3,800,-78,17,800,-19,1,1,1,1,500,501,500,500,0,0,0,0,-15,-1515,3,-13
96210,3,800,58,50,748,36,1,1,1,1,496,497,496,496,0,0,0,0,-14,-1516,13,-6
96310,3,800,116,39,835,9,1,1,1,1,495,497,495,495,0,0,0,0,-15,-1518,-7,-14
96410,3,800,-25,37,779,39,1,1,1,1,500,501,500,500,0,0,0,0,-15,-1520,-6,-9
96510,3,800,3,-19,766,19,1,1,1,1,495,496,495,496,0,0,0,0,-15,-1521,17,-2
96610,3,800,-53,38,1039,29,1,1,1,1,500,501,500,500,0,0,0,0,-15,-1523,-6,-8
96710,3,800,51,9,867,28,1,1,1,1,496,497,496,495,0,0,0,0,-15,-1524,10,-9
96810,3,800,38,-36,778,12,1,1,1,1,494,496,495,495,0,0,0,0,-15,-1526,-6,-14
96910,3,800,-68,58,787,-64,1,1,1,1,501,502,501,501,0,0,0,0,-17,-1528,0,-9
97010,3,-800,48,-18,677,19,1,1,1,1,495,496,495,496,0,0,0,0,-15,-1529,3,-13
97110,3,-800,1,-16,-930,25,1,1,1,1,496,497,496,495,0,0,0,0,-15,-1531,-32,-20
97210,3,-800,-89,-25,-859,19,1,1,1,1,501,502,501,502,0,0,0,0,-15,-1532,10,-11
97310,3,-800,-12,22,-866,-61,1,1,1,1,496,497,496,496,0,0,0,0,-14,-1534,-6,-16
97410,3,-800,39,9,-996,21,1,1,1,1,496,497,496,496,0,0,0,0,-17,-1536,-17,-22
97510,3,-800,-22,-17,-830,2,1,1,1,1,496,496,496,496,0,0,0,0,-15,-1537,5,-15
97610,3,-800,16,-44,-779,-26,1,1,1,1,500,502,500,500,0,0,0,0,-15,-1539,-3,-13
97710,3,-800,-14,-28,-818,-18,1,1,1,1,496,497,496,496,0,0,0,0,-15,-1540,-7,-11
97810,3,-800,-6,-19,-801,16,1,1,1,1,497,498,497,497,0,0,0,0,-15,-1542,-16,-20
97910,3,-800,21,-1,-845,6,1,1,1,1,496,497,496,497,0,0,0,0,-15,-1543,15,-4
98010,3,-800,-26,-19,-830,-26,1,1,1,1,500,501,501,500,0,0,0,0,-15,-1545,-4,-12
98110,3,-800,-35,4,-837,-9,1,1,1,1,497,498,496,497,0,0,0,0,-14,-1547,-25,-20
98210,3,-800,-69,-26,-772,45,1,1,1,1,496,498,497,496,0,0,0,0,-14,-1548,5,-7
98310,3,-800,6,-21,-810,-55,1,1,1,1,501,502,501,501,0,0,0,0,-15,-1550,1,-11
98410,3,-800,31,-17,-860,24,1,1,1,1,496,497,496,497,0,0,0,0,-15,-1552,6,-9
98510,3,-800,53,245,-818,29,1,1,1,1,496,497,495,496,0,0,0,0,-15,-1553,-1,-10
98610,3,-800,-50,0,-796,-45,1,1,1,1,496,497,497,496,0,0,0,0,-17,-1555,-1,-14
98710,3,-800,63,-38,-846,-6,1,1,1,1,500,502,500,501,0,0,0,0,-15,-1556,-6,-16
98810,3,-800,25,-56,-813,34,1,1,1,1,496,496,496,496,0,0,0,0,-15,-1558,6,-10
98910,3,-800,-7,-36,-822,37,1,1,1,1,496,497,496,495,0,0,0,0,-15,-1559,-16,-17
99010,0,0,-36,6,-745,-66,0,0,0,0,496,497,496,497,0,0,0,0,-14,-1561,-12,-12
99110,0,0,-19,-19,6,21,0,0,0,0,500,502,500,500,0,0,0,0,-15,-1563,2,-10
99210,0,0,-4,4,-32,-13,0,0,0,0,495,496,495,495,0,0,0,0,-15,-1564,-1,-11
99310,0,0,-39,-50,-18,-9,0,0,0,0,500,501,500,501,0,0,0,0,-14,-1566,-2,-11
99410,0,0,53,38,9,4,0,0,0,0,496,497,496,495,0,0,0,0,-15,-1567,-2,-14
99510,0,0,-58,-2,-3,-18,0,0,0,0,499,500,499,500,0,0,0,0,-15,-1569,-1,-14
99610,0,0,-35,7,22,14,0,0,0,0,496,497,496,495,0,0,0,0,-15,-1570,-4,-13
99710,0,0,29,-76,-14,14,0,0,0,0,500,501,500,501,0,0,0,0,-15,-1572,-2,-16
99810,0,0,-32,4,-13,-9,0,0,0,0,495,496,495,495,0,0,0,0,-15,-1574,-2,-16
99910,0,0,39,11,19,14,0,0,0,0,500,501,500,500,0,0,0,0,-15,-1575,-2,-13
100010,4,800,14,70,2,8,1,1,1,1,495,496,495,495,0,0,0,0,-15,-1577,-3,-16
100110,4,800,32,8,35,847,1,1,1,1,500,501,500,501,0,0,0,0,-15,-1578,-27,-23
100210,4,800,-104,-11,-14,839,1,1,1,1,495,497,496,495,0,0,0,0,-15,-1580,10,-9
100310,4,800,-8,9,-29,1100,1,1,1,1,497,498,496,497,0,0,0,0,-14,-1582,1,-17
100410,4,800,71,-45,1,838,1,1,1,1,500,502,501,501,0,0,0,0,-15,-1583,-2,-13
100510,4,800,-8,-45,-19,739,1,1,1,1,496,496,495,495,0,0,0,0,-14,-1585,-6,-11
100610,4,800,-52,44,50,839,1,1,1,1,496,497,496,497,0,0,0,0,-14,-1586,-11,-16
100710,4,800,-45,9,58,787,1,1,1,1,501,503,501,501,0,0,0,0,-15,-1588,-4,-16
100810,4,800,63,-16,45,860,1,1,1,1,496,496,496,496,0,0,0,0,-15,-1590,0,-17
100910,4,800,-32,-4,9,837,1,1,1,1,495,497,496,495,0,0,0,0,-15,-1591,3,-18
101010,4,800,2,-9,-13,832,1,1,1,1,501,502,500,501,0,0,0,0,-14,-1593,-1,-15
101110,4,800,-48,33,-24,920,1,1,1,1,496,497,496,496,0,0,0,0,-15,-1594,-12,-23
101210,4,800,63,-6,3,853,1,1,1,1,496,497,496,496,0,0,0,0,-15,-1596,0,-12
101310,4,800,3,-39,-4,782,1,1,1,1,500,502,500,501,0,0,0,0,-15,-1597,-10,-10
101410,4,800,-36,-4,8,832,1,1,1,1,496,497,496,496,0,0,0,0,-15,-1599,-9,-13
101510,4,800,-57,-12,-2,760,1,1,1,1,496,497,496,496,0,0,0,0,-14,-1601,-16,-16
101610,4,800,-11,-32,-50,818,1,1,1,1,501,502,501,501,0,0,0,0,-15,-1602,2,-7
101710,4,800,-42,29,33,814,1,1,1,1,495,497,496,496,0,0,0,0,-15,-1604,5,-13
101810,4,800,-72,51,17,821,1,1,1,1,496,496,495,496,0,0,0,0,-15,-1605,-4,-20
101910,4,800,64,135,-44,805,1,1,1,1,500,502,501,501,0,0,0,0,-15,-1607,7,-9
102010,4,-800,-22,11,38,697,1,1,1,1,496,497,496,495,0,0,0,0,-14,-1609,45,15
102110,4,-800,-19,0,-7,-1005,1,1,1,1,495,496,495,496,0,0,0,0,-14,-1610,-66,-29
102210,4,-800,-2,-31,26,-781,1,1,1,1,501,503,502,501,0,0,0,0,-15,-1612,6,-9
102310,4,-800,14,-52,1,-825,1,1,1,1,496,497,495,496,0,0,0,0,-15,-1613,-9,-18
102410,4,-800,59,61,18,-775,1,1,1,1,496,497,496,496,0,0,0,0,-15,-1615,7,-10
102510,4,-800,-45,14,-9,-853,1,1,1,1,495,497,496,496,0,0,0,0,-15,-1616,10,-17
102610,4,-800,16,-42,-36,-809,1,1,1,1,501,502,501,501,0,0,0,0,-15,-1618,-12,-18
102710,4,-800,53,-57,-3,-892,1,1,1,1,497,497,496,497,0,0,0,0,-15,-1620,3,-12
102810,4,-800,52,28,0,-821,1,1,1,1,496,497,496,496,0,0,0,0,-15,-1621,0,-18
102910,4,-800,-4,37,-9,-910,1,1,1,1,500,502,501,500,0,0,0,0,-15,-1623,0,-12
103010,4,-800,-14,14,-29,-809,1,1,1,1,496,498,496,497,0,0,0,0,-15,-1625,1,-11
103110,4,-800,-48,-18,8,-817,1,1,1,1,496,497,496,496,0,0,0,0,-15,-1626,5,-15
103210,4,-800,-44,-48,16,-807,1,1,1,1,496,497,496,496,0,0,0,0,-15,-1628,-6,-20
103310,4,-800,4,-2,19,-829,1,1,1,1,496,498,496,496,0,0,0,0,-14,-1629,-2,-19
103410,4,-800,-4,-52,48,-859,1,1,1,1,501,502,501,501,0,0,0,0,-15,-1631,9,-13
103510,4,-800,28,-7,-95,-834,1,1,1,1,496,497,496,496,0,0,0,0,-15,-1633,-2,-13
103610,4,-800,77,-2,-4,-814,1,1,1,1,496,497,496,497,0,0,0,0,-15,-1634,1,-20
103710,4,-800,22,-22,-19,-772,1,1,1,1,501,502,501,501,0,0,0,0,-15,-1636,-22,-26
103810,4,-800,-14,9,16,-835,1,1,1,1,497,498,496,497,0,0,0,0,-15,-1637,2,-15
103910,4,-800,34,-19,13,-801,1,1,1,1,496,497,497,496,0,0,0,0,-15,-1639,-7,-12
104010,0,0,-12,16,4,-837,0,0,0,0,496,498,496,496,0,0,0,0,-14,-1640,4,-13
104110,0,0,-2,6,33,-4,0,0,0,0,500,501,500,500,0,0,0,0,-15,-1642,-4,-16
104210,0,0,-9,14,-14,11,0,0,0,0,495,496,495,495,0,0,0,0,-15,-1644,-2,-10
104310,0,0,31,22,-19,6,0,0,0,0,500,501,500,500,0,0,0,0,-14,-1645,-2,-15
104410,0,0,39,32,-6,0,0,0,0,0,494,496,495,495,0,0,0,0,-15,-1647,0,-13
104510,0,0,-72,8,26,-7,0,0,0,0,499,501,499,500,0,0,0,0,-15,-1648,-1,-10
104610,0,0,32,-24,3,-17,0,0,0,0,495,496,495,494,0,0,0,0,-15,-1650,0,-13
104710,0,0,-2,3,26,35,0,0,0,0,500,501,500,500,0,0,0,0,-14,-1652,-2,-12
104810,0,0,-28,-24,-56,32,0,0,0,0,495,496,495,495,0,0,0,0,-15,-1653,0,-12
104910,0,0,-21,13,-3,9,0,0,0,0,495,497,495,496,0,0,0,0,-15,-1655,-3,-12
105010,1,800,3,28,9,-44,1,1,1,1,500,501,500,500,0,0,0,0,-15,-1656,4,-11
105110,1,800,704,-11,17,-55,1,1,1,1,495,496,495,495,0,0,0,0,-14,-1658,-8,-17
105210,1,800,789,-33,21,14,1,1,1,1,500,502,501,501,0,0,0,0,-15,-1659,12,-9
105310,1,800,778,21,-39,-6,1,1,1,1,496,497,496,496,0,0,0,0,-15,-1661,-5,-7
105410,1,800,870,32,-16,-7,1,1,1,1,496,497,496,496,0,0,0,0,-15,-1663,10,-4
105510,1,800,830,-50,4,7,1,1,1,1,501,502,500,500,0,0,0,0,-15,-1664,2,-9
105610,1,800,833,-39,18,11,1,1,1,1,494,496,495,496,0,0,0,0,-15,-1666,-13,-14
105710,1,800,798,-39,-14,-19,1,1,1,1,496,497,496,496,0,0,0,0,-14,-1668,-7,-10
105810,1,800,813,26,55,-2,1,1,1,1,502,503,501,501,0,0,0,0,-15,-1669,4,-17
105910,1,800,662,12,-44,-2,1,1,1,1,495,496,496,495,0,0,0,0,-15,-1671,-8,-12
106010,1,800,794,-22,-56,7,1,1,1,1,495,497,496,496,0,0,0,0,-14,-1672,6,-11
106110,1,800,847,-14,91,12,1,1,1,1,501,502,500,501,0,0,0,0,-15,-1674,6,-13
106210,1,800,719,-14,58,-6,1,1,1,1,495,496,496,496,0,0,0,0,-15,-1675,-5,-20
106310,1,800,737,-12,38,9,1,1,1,1,496,497,496,495,0,0,0,0,-15,-1677,14,-10
106410,1,800,804,-29,47,-6,1,1,1,1,501,502,500,501,0,0,0,0,-15,-1678,15,-11
106510,1,800,842,-51,24,22,1,1,1,1,495,497,496,496,0,0,0,0,-15,-1680,3,-16
106610,1,800,826,-62,-14,-3,1,1,1,1,496,497,495,495,0,0,0,0,-14,-1682,-5,-14
106710,1,800,988,-71,-39,11,1,1,1,1,501,502,501,501,0,0,0,0,-14,-1683,-8,-12
106810,1,800,776,-13,26,-42,1,1,1,1,495,497,496,496,0,0,0,0,-14,-1685,1,-15
106910,1,800,813,31,-58,8,1,1,1,1,496,497,496,496,0,0,0,0,-14,-1686,-1,-11
107010,1,-800,679,51,-38,29,1,1,1,1,500,502,501,501,0,0,0,0,-15,-1688,-1,-13
107110,1,-800,-1046,39,-35,8,1,1,1,1,496,497,495,496,0,0,0,0,-15,-1690,6,-10
107210,1,-800,-859,7,26,-9,1,1,1,1,496,497,496,496,0,0,0,0,-15,-1691,2,-9
107310,1,-800,-783,18,-26,-25,1,1,1,1,500,502,501,501,0,0,0,0,-15,-1693,2,-9
107410,1,-800,-809,36,4,9,1,1,1,1,496,497,496,496,0,0,0,0,-14,-1694,-3,-11
107510,1,-800,-847,14,34,19,1,1,1,1,496,497,495,496,0,0,0,0,-14,-1696,-20,-18
107610,1,-800,-892,12,-18,19,1,1,1,1,496,497,496,496,0,0,0,0,-14,-1697,-10,-14
107710,1,-800,-805,-18,26,7,1,1,1,1,501,503,502,502,0,0,0,0,-14,-1699,11,-6
107810,1,-800,-805,7,-4,9,1,1,1,1,495,497,495,495,0,0,0,0,-14,-1701,16,-3
107910,1,-800,-781,3,-45,-9,1,1,1,1,495,496,495,496,0,0,0,0,-15,-1702,6,-10
108010,1,-800,-847,-4,-52,-13,1,1,1,1,501,502,501,501,0,0,0,0,-15,-1704,1,-8
108110,1,-800,-741,-9,-26,-3,1,1,1,1,496,497,496,496,0,0,0,0,-14,-1705,-7,-11
108210,1,-800,-787,31,21,-4,1,1,1,1,496,497,496,496,0,0,0,0,-15,-1707,-6,-12
108310,1,-800,-807,29,-4,12,1,1,1,1,496,497,496,496,0,0,0,0,-15,-1709,0,-10
108410,1,-800,-762,11,-18,-13,1,1,1,1,500,502,501,501,0,0,0,0,-15,-1710,5,-11
108510,1,-800,-737,31,45,-1,1,1,1,1,496,497,496,497,0,0,0,0,-14,-1712,1,-15
108610,1,-800,-778,17,22,-14,1,1,1,1,496,497,496,496,0,0,0,0,-15,-1713,-2,-18
108710,1,-800,-760,8,-19,-9,1,1,1,1,501,502,501,501,0,0,0,0,-14,-1715,1,-8
108810,1,-800,-801,-29,26,0,1,1,1,1,495,497,495,496,0,0,0,0,-15,-1716,-5,-14
108910,1,-800,-826,1,48,-56,1,1,1,1,496,497,496,496,0,0,0,0,-15,-1718,-2,-16
109011,0,0,-829,-34,14,-34,0,0,0,0,500,501,501,501,0,0,0,0,-15,-1720,11,-13
109111,0,0,9,2,6,-4,0,0,0,0,502,503,501,501,0,0,0,0,-14,-1721,-1,-17
109211,0,0,-52,56,21,9,0,0,0,0,494,495,494,495,0,0,0,0,-15,-1723,-2,-17
109311,0,0,-9,-55,4,9,0,0,0,0,500,501,500,500,0,0,0,0,-14,-1724,-4,-18
109411,0,0,3,3,8,21,0,0,0,0,494,496,495,495,0,0,0,0,-14,-1726,-3,-17
