37809,3,-800,-42,4,-783,11,1,1,1,1,494,495,493,494,0,2,0,2,1,0,2,1
37909,3,-800,53,17,-842,-34,1,1,1,1,497,499,498,499,0,2,0,2,0,0,-1,6
38009,3,-800,13,-25,-816,18,1,1,1,1,499,500,499,499,0,2,0,2,-1,0,0,1
38109,3,-800,-42,252,-778,6,1,1,1,1,494,495,493,494,0,2,0,2,0,0,-3,-7
38209,3,-800,79,-2,-926,1,1,1,1,1,499,500,499,499,0,2,0,2,0,0,-3,-2
38309,3,-800,7,44,-723,24,1,1,1,1,493,495,494,494,0,2,0,2,0,0,-4,-1
38409,3,-800,-32,14,-822,26,1,1,1,1,499,500,498,500,0,2,0,2,0,0,-3,2
38509,3,-800,26,24,-818,14,1,1,1,1,499,500,499,499,0,2,0,2,0,0,-8,0
38609,3,-800,37,-28,-828,4,1,1,1,1,494,495,494,494,0,2,0,2,0,0,2,-3
38709,3,-800,-18,29,-764,7,1,1,1,1,498,499,498,499,0,2,0,2,0,0,0,0
38809,3,-800,14,-11,-835,-16,1,1,1,1,498,499,499,499,0,2,0,2,1,-1,-10,-3
38909,3,-800,-36,-9,-875,19,1,1,1,1,495,496,494,495,0,2,0,2,0,-1,3,-1
39009,0,0,8,-12,-855,1,0,0,0,0,499,500,499,499,0,2,0,2,1,-1,1,0
39109,0,0,-39,-1,36,-14,0,0,0,0,487,486,484,420,0,2,0,2,0,-153609,2,-800,4,-821,0,-1,1,1,1,1,499,500,499,499,1,0,2,1,0,-15,12,3
53709,2,-800,-26,-799,-6,14,1,1,1,1,498,500,498,495,1,0,2,1,0,-15,4,0
53809,2,-800,3,-859,13,-11,1,1,1,1,493,492,494,494,1,0,2,1,0,-15,-6,-2
53909,2,-800,8,-847,-42,1,1,1,1,1,494,496,495,495,1,0,2,1,1,-15,-1,0
54009,0,0,-29,-780,4,9,0,0,0,0,494,493,493,456,1,0,2,1,0,-15,6,7
54109,0,0,0,-18,-14,-26,0,0,0,0,494,490,497,493,1,0,2,1,-1,-15,-2,-2
54209,0,0,-4,25,14,-6,0,0,0,0,492,489,499,497,1,0,2,1,1,-16,-1,-2
54309,0,0,-29,-48,-78,19,0,0,0,0,487,489,490,489,1,0,2,1,0,-16,0,0
54409,0,0,-9,-32,-39,1,0,0,0,0,497,444,498,491,1,0,2,1,1,-15,-3,-1
54509,0,0,-8,115,-34,-31,0,0,0,0,451,495,483,487,1,0,2,1,0,-15,0,-2
54609,0,0,55,25,31,21,0,0,0,0,491,485,493,483,1,0,2,1,0,-15,0,0
54709,0,0,7,-11,-59,-4,0,0,0,0,495,488,497,426,1,0,2,1,0,-15,-1,0
54809,0,0,-37,-2,-4,-4,0,0,0,0,491,497,492,496,1,0,2,1,0,-15,-1,-1
# rx_stall wheel=2 t=55220 SR=0x0014 CR3=0x00C1 NDTR=68 EN=1 RxState=0x22 Err=0x00
54909,0,0,-4,-12,41,6,0,0,0,0,448,493,378,489,1,0,3,1,0,-16,0,-2
55009,3,800,-4,-14,42,-4,1,1,1,1,498,499,498,498,1,0,3,1,0,-15,0,3
55109,3,800,-4,42,837,0,1,1,1,1,493,495,493,491,1,0,3,1,0,-16,5,-8
55209,3,800,16,-29,1046,8,1,1,1,1,498,499,498,499,1,0,3,1,0,-16,-7,0
55309,3,800,-57,-18,872,-6,1,1,1,1,493,495,494,494,1,0,3,1,0,-16,1,0
55409,3,800,-14,32,839,3,1,1,1,1,499,500,498,499,1,0,3,1,0,-16,-12,0
55509,3,800,-12,-38,830,-2,1,1,1,1,498,499,498,499,1,0,3,1,0,-16,1,0
55609,3,800,-38,37,739,3,1,1,1,1,494,495,494,494,1,0,3,1,0,-16,-19,-5
55709,3,800,-14,-6,822,-8,1,1,1,1,498,500,498,499,1,0,3,1,0,-16,-1,-1
55809,3,800,62,-9,794,0,1,1,1,1,494,495,494,494,1,0,3,1,-1,-16,14,4
55909,3,800,26,45,864,255,1,1,1,1,498,499,498,499,1,0,3,1,0,-16,0,-1
56009,3,800,-17,-62,979,3,1,1,1,1,498,500,498,499,1,0,3,1,0,-16,3,0
56109,3,800,-32,-18,883,-31,1,1,1,1,494,495,494,494,1,0,3,1,-1,-16,-3,0
56209,3,800,2,-87,782,-1,1,1,1,1,499,500,498,499,1,0,3,1,0,-16,-6,-7
56309,3,800,-14,-12,842,-256,1,1,1,1,493,495,494,494,1,0,3,1,0,-16,0,-1
56409,3,800,-16,-16,793,32,1,1,1,1,499,500,499,499,1,0,3,1,0,-16,-4,3
Robot Initialize Start
IMU Calibration loaded from flash  GyroBias[dps] X:+0.495 Y:-0.976 Z:-0.551
                      AccelBias[g]  X:-0.0147 Y:-0.0112
Robot Initialize Finish
t_ms,wheel_id,cmd_x100,w0_x100,w1_x100,w2_x100,w3_x100,s0,s1,s2,s3,f0,f1,f2,f3,e0,e1,e2,e3,gyro_mrad,yaw_mrad,ax_cm,ay_cm
100,0,0,-28,48,34,7,0,0,0,0,481,464,471,466,0,0,0,0,-1,-6,1,0
200,0,0,-26,-53,35,-12,0,0,0,0,459,496,494,456,0,0,0,0,1,-6,2,1
# rx_stall wheel=0 t=540 SR=0x00D4 CR3=0x0041 NDTR=60 EN=1 RxState=0x22 Err=0x00
300,0,0,38,-21,0,6,0,0,0,0,374,456,457,483,1,0,0,0,0,-6,-2,0
400,0,0,42,9,11,-17,0,0,0,0,452,493,495,498,1,0,0,0,0,-6,-2,-3
500,0,0,-13,0,-13,6,0,0,0,0,494,498,493,452,1,0,0,0,0,-6,1,0
600,0,0,22,-38,14,0,0,0,0,0,492,495,494,495,1,0,0,0,0,-6,3,2
700,0,0,-6,-19,13,-4,0,0,0,0,461,468,494,497,1,0,0,0,0,-6,0,2
Rock SPI stall detected (no master clock for 750ms), re-arming
800,0,0,-14,31,24,0,0,0,0,0,484,427,493,490,1,0,0,0,0,-6,0,-3
900,0,0,28,26,11,18,0,0,0,0,466,398,489,454,1,0,0,0,0,-6,1,0
1000,0,0,7,17,-76,-8,0,0,0,0,487,463,497,494,1,0,0,0,0,-6,-1,2
1100,0,0,9,-58,35,-6,0,0,0,0,470,488,491,493,1,0,0,0,0,-6,-2,-1
1200,0,0,-25,18,-19,-22,0,0,0,0,496,495,495,491,1,0,0,0,0,-6,-1,-3
1300,0,0,45,0,-7,-11,0,0,0,0,494,494,498,493,1,0,0,0,1,-6,1,-1
1400,0,0,-14,-45,-32,1,0,0,0,0,489,493,497,498,1,0,0,0,0,-6,1,0
1500,0,0,-11,22,19,35,0,0,0,0,466,452,467,491,1,0,0,0,0,-6,-2,-3
1600,0,0,22,-45,14,1,0,0,0,0,493,497,496,498,1,0,0,0,0,-6,0,-2
1700,0,0,-2,-26,26,0,0,0,0,0,486,493,497,427,1,0,0,0,0,-6,-1,3
1800,0,0,28,33,-14,19,0,0,0,0,485,451,497,444,1,0,0,0,0,-6,-2,-2
1900,0,0,-11,-29,-45,-255,0,0,0,0,495,496,497,498,1,0,0,0,-1,-6,0,-3
2000,0,0,17,-24,1,-4,0,0,0,0,490,495,492,494,1,0,0,0,-1,-6,0,1
2100,0,0,6,12,35,9,0,0,0,0,495,489,497,493,1,0,0,0,1,-6,-3,1
2200,0,0,4,33,12,1,0,0,0,0,492,401,498,465,1,0,0,0,0,-6,0,-1
2300,0,0,-34,13,-18,14,0,0,0,0,488,489,488,449,1,0,0,0,0,-6,-1,-1
2400,0,0,9,17,24,-4,0,0,0,0,496,495,494,494,1,0,0,0,0,-6,0,1
2500,0,0,-14,19,0,-9,0,0,0,0,420,492,478,493,1,0,0,0,0,-6,-1,0
2600,0,0,-42,32,-38,-22,0,0,0,0,497,497,495,490,1,0,0,0,0,-6,-1,0
2700,0,0,-4,14,-71,-8,0,0,0,0,410,478,498,498,1,0,0,0,1,-6,1,0
2800,0,0,44,19,22,-11,0,0,0,0,494,466,497,497,1,0,0,0,0,-6,0,1
2900,0,0,-28,12,-1,9,0,0,0,0,379,478,493,479,1,0,0,0,0,-6,-1,-3
3000,0,0,-17,28,-9,1,0,0,0,0,489,491,493,492,1,0,0,0,0,-6,0,-1
3100,0,0,-31,1,-13,-1,0,0,0,0,459,389,497,498,1,0,0,0,1,-6,0,1
# rx_stall wheel=0 t=3435 SR=0x00D4 CR3=0x0041 NDTR=91 EN=1 RxState=0x22 Err=0x00
3200,0,0,29,39,4,-21,0,0,0,0,332,425,500,494,2,0,0,0,0,-6,-1,-1
3300,0,0,-21,38,-19,4,0,0,0,0,490,482,488,491,2,0,0,0,0,-6,-1,-2
3400,0,0,-28,9,-14,-9,0,0,0,0,490,494,496,494,2,0,0,0,0,-6,1,2
3500,0,0,-1,19,21,9,0,0,0,0,497,486,495,491,2,0,0,0,0,-6,0,-1
3600,0,0,6,-6,4,8,0,0,0,0,497,486,495,493,2,0,0,0,0,-6,-1,-2
3700,0,0,-17,21,32,-4,0,0,0,0,489,398,494,471,2,0,0,0,0,-6,-1,0
3800,0,0,7,-17,22,14,0,0,0,0,495,439,497,498,2,0,0,0,0,-6,2,2
3900,0,0,-9,1,1,6,0,0,0,0,488,491,492,487,2,0,0,0,0,-6,0,0
4000,0,0,-6,-48,-14,-24,0,0,0,0,475,489,496,469,2,0,0,0,0,-6,1,-2
4100,0,0,-18,4,11,-16,0,0,0,0,497,464,496,498,2,0,0,0,0,-6,1,0
4200,0,0,6,32,-4,-17,0,0,0,0,495,353,493,497,2,0,0,0,0,-6,1,2
4300,0,0,19,39,28,0,0,0,0,0,494,497,495,493,2,0,0,0,0,-6,-1,-2
4400,0,0,-6,45,-19,9,0,0,0,0,490,493,495,496,2,0,0,0,0,-6,-2,-1
4500,0,0,22,29,3,9,0,0,0,0,495,436,497,484,2,0,0,0,0,-6,0,0
4600,0,0,1,9,-28,-12,0,0,0,0,407,452,497,494,2,0,0,0,0,-6,-1,0
4700,0,0,6,19,0,1,0,0,0,0,488,489,492,490,2,0,0,0,0,-6,-1,-2
4800,0,0,-32,22,3,-25,0,0,0,0,495,497,497,491,2,0,0,0,0,-6,2,-3
4900,0,0,-7,24,24,-13,0,0,0,0,491,495,497,497,2,0,0,0,0,-6,0,1
# rx_stall wheel=3 t=5277 SR=0x00D4 CR3=0x0041 NDTR=92 EN=1 RxState=0x22 Err=0x00
5000,1,800,-41,14,-8,12,0,0,0,0,478,476,495,318,2,0,0,1,0,-6,0,0
5100,1,800,909,-28,0,1,1,1,1,1,492,476,498,497,2,0,0,1,0,-6,4,0
5200,1,800,870,-3,22,3,1,1,1,1,497,497,497,498,2,0,0,1,0,-6,0,-1
5300,1,800,726,-41,1,2,1,1,1,1,498,499,497,497,2,0,0,1,0,-6,4,2
5400,1,800,799,-42,48,-11,1,1,1,1,490,494,493,490,2,0,0,1,0,-6,2,-2
5500,1,800,828,-4,-24,-32,1,1,1,1,498,499,492,498,2,0,0,1,0,-6,-13,-2
5600,1,800,826,-14,31,-1,1,1,1,1,495,495,470,490,2,0,0,1,0,-6,-3,0
5700,1,800,812,-4,7,-26,1,1,1,1,489,494,467,493,2,0,0,1,-1,-6,3,0
5800,1,800,813,17,-11,-22,1,1,1,1,496,496,460,498,2,0,0,1,0,-6,-4,0
5900,1,800,775,63,-22,-21,1,1,1,1,498,499,495,498,2,0,0,1,0,-6,-1,0
6000,1,800,785,36,1,-9,1,1,1,1,493,494,490,463,2,0,0,1,0,-6,-4,-1
6100,1,800,828,-72,35,-13,1,1,1,1,497,499,497,491,2,0,0,1,-1,-6,2,2
6200,1,800,847,13,19,-16,1,1,1,1,498,498,499,499,2,0,0,1,0,-6,1,1
6300,1,800,766,14,13,-6,1,1,1,1,491,472,492,490,2,0,0,1,0,-6,6,-2
6400,1,800,809,9,9,19,1,1,1,1,494,462,498,498,2,0,0,1,0,-6,7,4
6500,1,800,683,-9,-8,-12,1,1,1,1,494,498,494,497,2,0,0,1,0,-6,-10,-3
6600,1,800,804,-14,-14,0,1,1,1,1,493,494,493,494,2,0,0,1,0,-6,1,-3
6700,1,800,739,-29,19,-7,1,1,1,1,495,496,494,493,2,0,0,1,0,-6,6,4
6800,1,800,748,-17,-9,9,1,1,1,1,496,496,497,493,2,0,0,1,0,-6,-7,0
6900,1,800,797,-33,-55,11,1,1,1,1,498,495,498,497,2,0,0,1,1,-6,5,0
7000,1,-800,830,-22,1,11,1,1,1,1,492,459,492,490,2,0,0,1,0,-6,-19,-6
7100,1,-800,-1116,-11,-6,0,1,1,1,1,499,421,499,496,2,0,0,1,0,-6,-26,-6
7200,1,-800,-821,8,-24,-14,1,1,1,1,494,488,493,495,2,0,0,1,0,-6,16,7
7300,1,-800,-714,68,47,21,1,1,1,1,498,498,499,498,2,0,0,1,0,-6,5,1
7400,1,-800,-812,-3,-4,-4,1,1,1,1,494,499,498,499,2,0,0,1,0,-6,-3,0
7500,1,-800,-813,-8,14,9,1,1,1,1,493,491,492,447,2,0,0,1,0,-6,-7,-3
7600,1,-800,-809,9,-33,-39,1,1,1,1,495,497,498,495,2,0,0,1,1,-6,12,4
7700,1,-800,-834,-24,41,22,1,1,1,1,499,496,499,497,2,0,0,1,0,-6,0,0
7800,1,-800,-744,-2,9,-9,1,1,1,1,490,494,493,493,2,0,0,1,0,-6,-4,-5
7900,1,-800,-772,9,-9,-17,1,1,1,1,498,496,498,499,2,0,0,1,0,-6,-10,-5
8000,1,-800,-785,-254,1,3,1,1,1,1,489,493,494,494,2,0,0,1,0,-6,-9,2
8100,1,-800,-801,-13,38,6,1,1,1,1,498,495,498,498,2,0,0,1,0,-6,-5,-1
8200,1,-800,-805,-4,-39,-6,1,1,1,1,495,499,498,499,2,0,0,1,1,-6,8,4
8300,1,-800,-772,12,-8,0,1,1,1,1,490,492,491,462,2,0,0,1,0,-6,5,4
8400,1,-800,-741,17,2,8,1,1,1,1,496,463,498,496,2,0,0,1,0,-6,1,-4
8500,1,-800,-789,-39,13,1,1,1,1,1,489,497,497,496,2,0,0,1,0,-7,3,-1
8600,1,-800,-813,-19,28,0,1,1,1,1,494,493,493,466,2,0,0,1,-1,-7,2,0
8700,1,-800,-753,-8,-26,-2,1,1,1,1,495,497,498,499,2,0,0,1,0,-6,-4,-4
8800,1,-800,-829,-48,48,0,1,1,1,1,498,500,496,499,2,0,0,1,1,-6,-2,-3
8900,1,-800,-710,-9,-57,6,1,1,1,1,494,491,494,491,2,0,0,1,0,-7,4,3
9000,0,0,-794,45,41,8,1,1,1,1,498,455,498,498,2,0,0,1,0,-6,-9,-1
9100,0,0,19,-39,-2,-22,0,0,0,0,443,493,497,495,2,0,0,1,0,-6,-3,-2
9200,0,0,-13,-26,22,13,0,0,0,0,485,480,488,407,2,0,0,1,0,-7,0,0
9300,0,0,-72,50,-9,-13,0,0,0,0,495,491,496,414,2,0,0,1,0,-7,-1,0
# rx_stall wheel=3 t=9627 SR=0x00D4 CR3=0x0041 NDTR=55 EN=1 RxState=0x22 Err=0x00
9400,0,0,14,2,13,-4,0,0,0,0,487,494,495,449,2,0,0,2,0,-7,0,-1
9500,0,0,-8,13,-3,9,0,0,0,0,492,496,495,495,2,0,0,2,1,-7,-1,-4
9600,0,0,8,-16,-9,-4,0,0,0,0,492,490,497,484,2,0,0,2,1,-7,-1,1
9700,0,0,9,-37,-36,9,0,0,0,0,449,455,497,498,2,0,0,2,0,-7,-1,0
9800,0,0,58,4,-44,-9,0,0,0,0,495,475,497,495,2,0,0,2,0,-7,-1,0
9900,0,0,50,6,-25,-4,0,0,0,0,492,494,497,496,2,0,0,2,0,-7,0,0
10000,2,800,-91,-22,18,16,0,0,0,0,491,428,447,492,2,0,0,2,0,-7,0,0
10100,2,800,0,938,14,6,1,1,1,1,497,499,498,498,2,0,0,2,-1,-7,15,-3
10200,2,800,-105,834,14,2,1,1,1,1,498,499,498,498,2,0,0,2,0,-7,8,0
10300,2,800,-53,822,37,-7,1,1,1,1,490,492,490,494,2,0,0,2,0,-7,-4,-4
10400,2,800,-22,772,33,-19,1,1,1,1,498,493,496,499,2,0,0,2,0,-7,14,8
# rx_stall wheel=0 t=10805 SR=0x00D4 CR3=0x0041 NDTR=57 EN=1 RxState=0x22 Err=0x00
10500,2,800,-19,880,-8,0,1,1,1,1,378,497,496,473,3,0,0,2,0,-7,-1,-1
10600,2,800,16,947,-33,-11,1,1,1,1,498,493,497,498,3,0,0,2,0,-7,23,6
10700,2,800,8,804,14,4,1,1,1,1,493,495,493,492,3,0,0,2,0,-7,-6,-2
10800,2,800,13,805,16,-2,1,1,1,1,397,496,497,496,3,0,0,2,-1,-7,-2,-5
10901,2,800,-26,756,19,4,1,1,1,1,499,500,499,499,3,0,0,2,-1,-7,9,1
11001,2,800,-18,822,4,35,1,1,1,1,497,498,497,498,3,0,0,2,0,-7,-22,-4
11101,2,800,-33,704,-28,-4,1,1,1,1,496,499,498,498,3,0,0,2,0,-7,2,-1
11201,2,800,-51,785,-35,-7,1,1,1,1,493,492,492,494,3,0,0,2,0,-7,-2,-2
11301,2,800,45,758,29,-8,1,1,1,1,498,499,499,498,3,0,0,2,0,-7,-1,0
11401,2,800,-63,883,-25,253,1,1,1,1,498,499,497,499,3,0,0,2,0,-7,-18,-2
# rx_stall wheel=3 t=11802 SR=0x00D4 CR3=0x0041 NDTR=9 EN=1 RxState=0x22 Err=0x00
11501,2,800,19,789,12,-4,1,1,1,1,492,497,471,379,3,0,0,3,0,-7,15,5
11601,2,800,-19,904,3,-16,1,1,1,1,493,494,493,494,3,0,0,3,0,-7,2,4
11701,2,800,-22,787,26,-14,1,1,1,1,495,499,497,446,3,0,0,3,0,-7,-8,-5
11801,2,800,48,817,-34,9,1,1,1,1,496,499,496,456,3,0,0,3,0,-7,9,6
11901,2,800,-45,787,-26,-3,1,1,1,1,492,494,492,493,3,0,0,3,0,-7,0,-2
12001,2,-800,-4,809,36,7,1,1,1,1,499,498,499,499,3,0,0,3,0,-7,-8,-4
12101,2,-800,22,-1034,-42,26,1,1,1,1,498,499,498,499,3,0,0,3,0,-7,35,1
12201,2,-800,89,-785,-29,25,1,1,1,1,491,493,493,494,3,0,0,3,0,-7,-3,0
12301,2,-800,-34,-739,-26,-22,1,1,1,1,461,500,499,497,3,0,0,3,0,-7,-11,-3
12401,2,-800,-14,-809,-116,-12,1,1,1,1,458,492,494,493,3,0,0,3,-1,-7,-7,-3
12501,2,-800,-48,-732,45,6,1,1,1,1,493,495,494,495,3,0,0,3,0,-7,0,-2
12601,2,-800,-45,-750,17,-14,1,1,1,1,498,499,440,498,3,0,0,3,1,-7,6,2
12701,2,-800,11,-751,22,3,1,1,1,1,495,499,498,499,3,0,0,3,0,-7,-10,-9
12801,2,-800,-32,-847,-39,17,1,1,1,1,490,491,493,494,3,0,0,3,0,-7,-5,-4
12901,2,-800,9,-805,9,4,1,1,1,1,494,499,499,499,3,0,0,3,0,-7,-4,1
13001,2,-800,9,-828,26,1,1,1,1,1,492,494,492,449,3,0,0,3,0,-7,2,-1
13101,2,-800,14,-768,39,-1,1,1,1,1,498,499,498,499,3,0,0,3,0,-7,-6,-2
13202,2,-800,26,-764,-13,-25,1,1,1,1,498,496,499,499,3,0,0,3,0,-7,-10,-2
13302,2,-800,13,-853,-26,-29,1,1,1,1,499,500,498,499,3,0,0,3,0,-7,1,2
13402,2,-800,-17,-975,31,11,1,1,1,1,494,492,494,491,3,0,0,3,0,-7,4,1
13502,2,-800,-8,-743,22,-4,1,1,1,1,498,498,475,499,3,0,0,3,0,-7,2,-4
13602,2,-800,36,-791,1,1,1,1,1,1,498,496,498,495,3,0,0,3,0,-7,15,8
13702,2,-800,-19,-805,29,4,1,1,1,1,476,493,493,494,3,0,0,3,0,-7,3,-1
13802,2,-800,7,-751,-25,-13,1,1,1,1,498,499,495,433,3,0,0,3,0,-7,-10,-5
13902,2,-800,8,-851,34,11,1,1,1,1,494,495,494,494,3,0,0,3,0,-7,7,2
14002,0,0,-28,-760,-256,4,1,1,1,1,495,495,497,499,3,0,0,3,-1,-7,5,-1
14103,0,0,-8,44,-9,17,0,0,0,0,466,470,498,459,3,0,0,3,0,-7,-8,-1
14203,0,0,3,53,-18,-7,0,0,0,0,454,492,494,495,3,0,0,3,0,-7,0,-1
14303,0,0,-14,-2,2,-9,0,0,0,0,497,489,497,455,3,0,0,3,0,-7,0,0
14403,0,0,14,24,-41,-6,0,0,0,0,494,491,497,496,3,0,0,3,0,-7,0,1
14503,0,0,58,36,13,9,0,0,0,0,493,499,498,498,3,0,0,3,0,-7,0,-3
14603,0,0,-25,-26,-13,44,0,0,0,0,476,491,492,493,3,0,0,3,0,-7,1,-4
# rx_stall wheel=3 t=14978 SR=0x00D4 CR3=0x0041 NDTR=99 EN=1 RxState=0x22 Err=0x00
14703,0,0,-66,28,0,4,0,0,0,0,492,448,498,369,3,0,0,4,0,-7,0,0
14803,0,0,3,4,37,-11,0,0,0,0,407,454,491,487,3,0,0,4,0,-7,-3,-1
14903,0,0,-59,0,-3,1,0,0,0,0,493,495,493,495,3,0,0,4,0,-7,-2,-3
15003,3,800,-24,24,6,14,1,1,1,1,471,489,494,497,3,0,0,4,0,-7,2,1
15103,3,800,22,34,897,1,1,1,1,1,498,498,497,498,3,0,0,4,-1,-7,-6,4
15203,3,800,-32,-16,803,-12,1,1,1,1,493,494,493,493,3,0,0,4,1,-7,-10,-7
15303,3,800,50,-25,825,4,1,1,1,1,499,500,498,499,3,0,0,4,0,-7,12,2
15403,3,800,-35,26,780,9,1,1,1,1,497,499,498,498,3,0,0,4,0,-7,5,2
15503,3,800,-39,2,797,-2,1,1,1,1,493,493,492,493,3,0,0,4,0,-7,1,0
15603,3,800,72,17,817,22,1,1,1,1,497,499,498,498,3,0,0,4,0,-7,-4,-2
15703,3,800,-2,2,1012,-9,1,1,1,1,498,499,497,498,3,0,0,4,0,-7,23,0
15803,3,800,-38,39,834,-4,1,1,1,1,493,494,493,494,3,0,0,4,0,-7,10,3
15903,3,800,8,19,795,-14,1,1,1,1,498,499,498,498,3,0,0,4,0,-7,1,2
16003,3,800,19,22,796,4,1,1,1,1,497,499,497,498,3,0,0,4,0,-8,-3,-2
16103,3,800,13,48,803,-7,1,1,1,1,493,494,493,493,3,0,0,4,1,-7,0,3
16203,3,800,52,41,794,9,1,1,1,1,498,499,497,498,3,0,0,4,0,-8,3,2
16303,3,800,-58,9,867,-13,1,1,1,1,497,498,497,498,3,0,0,4,-1,-8,-5,-3
16403,3,800,-2,32,843,-4,1,1,1,1,494,495,494,494,3,0,0,4,1,-7,-6,-1
16503,3,800,-22,-52,1032,0,1,1,1,1,498,498,497,498,3,0,0,4,0,-8,-6,6
16603,3,800,29,22,833,1,1,1,1,1,498,498,498,499,3,0,0,4,-1,-8,-1,-2
16703,3,800,-53,-29,822,24,1,1,1,1,493,495,493,493,3,0,0,4,1,-8,8,1
16803,3,800,-13,-4,793,0,1,1,1,1,498,499,498,497,3,0,0,4,0,-8,1,4
16903,3,800,-14,21,791,2,1,1,1,1,497,499,498,498,3,0,0,4,0,-8,-11,-4
17003,3,-800,-11,-4,828,4,1,1,1,1,494,494,493,494,3,0,0,4,0,-8,4,0
17103,3,-800,0,-18,-1030,-1,1,1,1,1,497,499,497,498,3,0,0,4,1,-8,25,5
17203,3,-800,-19,-51,-854,-9,1,1,1,1,498,499,498,499,3,0,0,4,0,-8,-6,0
17303,3,-800,-50,34,-810,-14,1,1,1,1,494,494,494,493,3,0,0,4,-1,-8,14,6
17403,3,-800,-4,22,-826,-2,1,1,1,1,499,500,498,500,3,0,0,4,0,-8,-7,-1
17503,3,-800,-2,77,-883,4,1,1,1,1,493,495,493,493,3,0,0,4,0,-8,10,-4
17603,3,-800,11,42,-776,6,1,1,1,1,498,499,498,499,3,0,0,4,0,-8,-4,0
17703,3,-800,3,22,-853,4,1,1,1,1,493,494,493,494,3,0,0,4,1,-8,6,0
17803,3,-800,19,-19,-805,8,1,1,1,1,498,499,498,498,3,0,0,4,0,-8,6,0
17903,3,-800,13,-31,-775,-19,1,1,1,1,498,499,497,498,3,0,0,4,0,-8,-3,-2
18003,3,-800,3,-13,-726,-12,1,1,1,1,493,495,494,495,3,0,0,4,0,-8,12,-2
18103,3,-800,-19,0,-804,12,1,1,1,1,499,500,498,499,3,0,0,4,0,-8,9,0
18203,3,-800,-33,1,-805,1,1,1,1,1,493,494,493,493,3,0,0,4,1,-8,6,0
18303,3,-800,3,-16,-838,7,1,1,1,1,497,498,498,498,3,0,0,4,0,-8,3,2
18403,3,-800,4,35,-805,0,1,1,1,1,498,499,498,499,3,0,0,4,0,-8,2,-3
18503,3,-800,21,3,-807,-4,1,1,1,1,493,494,493,493,3,0,0,4,-1,-8,-3,3
18603,3,-800,-52,41,-805,3,1,1,1,1,498,500,498,499,3,0,0,4,0,-8,-8,1
18703,3,-800,35,39,-888,-11,1,1,1,1,498,499,498,499,3,0,0,4,-1,-8,-9,-3
18803,3,-800,-11,26,-793,-14,1,1,1,1,494,495,493,494,3,0,0,4,0,-8,3,0
18903,3,-800,-26,58,-789,-13,1,1,1,1,498,499,499,499,3,0,0,4,0,-8,-6,0
19003,0,0,4,31,-762,-6,0,0,0,0,494,495,493,494,3,0,0,4,-1,-8,-2,-2
19103,0,0,-18,-34,-25,4,0,0,0,0,497,498,498,489,3,0,0,4,0,-8,4,-2
19203,0,0,39,9,1,-12,0,0,0,0,472,494,497,479,3,0,0,4,0,-8,0,-1
19303,0,0,-22,-4,3,12,0,0,0,0,492,443,492,492,3,0,0,4,0,-8,1,0
19403,0,0,-24,4,-2,9,0,0,0,0,497,491,497,495,3,0,0,4,0,-8,0,1
19503,0,0,24,22,-4,-12,0,0,0,0,497,494,496,488,3,0,0,4,0,-8,0,1
19603,0,0,-4,-22,-22,0,0,0,0,0,490,492,494,496,3,0,0,4,0,-8,-1,-4
19703,0,0,14,-13,-33,19,0,0,0,0,493,482,497,470,3,0,0,4,0,-8,0,-2
19803,0,0,-13,6,17,2,0,0,0,0,493,399,487,491,3,0,0,4,0,-8,0,-1
19903,0,0,-29,-19,14,-16,0,0,0,0,495,491,493,462,3,0,0,4,0,-8,-2,-1
20003,4,800,9,36,1,9,1,1,1,1,484,491,496,489,3,0,0,4,0,-8,0,-3
20103,4,800,-22,4,-14,868,1,1,1,1,498,498,497,498,3,0,0,4,0,-8,-26,-4
20203,4,800,-12,21,-1,818,1,1,1,1,493,495,494,494,3,0,0,4,0,-8,1,0
20303,4,800,-57,29,9,855,1,1,1,1,496,499,431,498,3,0,0,4,0,-8,-28,-6
20404,4,800,-9,8,-4,777,1,1,1,1,497,498,495,494,3,0,0,4,0,-8,0,0
20504,4,800,35,-4,-33,822,1,1,1,1,497,499,498,495,3,0,0,4,1,-8,1,-3
20604,4,800,19,-2,-39,616,1,1,1,1,494,497,496,498,3,0,0,4,0,-8,4,5
20704,4,800,-89,-14,-14,755,1,1,1,1,492,495,493,494,3,0,0,4,0,-8,-2,1
20804,4,800,-42,-18,7,808,1,1,1,1,497,456,499,499,3,0,0,4,0,-8,7,0
20904,4,800,-2,4,33,793,1,1,1,1,498,499,497,495,3,0,0,4,0,-8,1,1
21004,4,800,-11,-9,-4,783,1,1,1,1,487,494,493,488,3,0,0,4,0,-8,-8,-4
21104,4,800,-6,4,-42,762,1,1,1,1,499,496,498,494,3,0,0,4,0,-8,5,0
21204,4,800,-35,-16,-38,842,1,1,1,1,495,496,498,495,3,0,0,4,0,-8,-1,0
21304,4,800,-76,9,-3,795,1,1,1,1,489,495,493,492,3,0,0,4,0,-8,-2,0
21404,4,800,-6,-18,-26,487,1,1,1,1,481,496,498,497,3,0,0,4,0,-8,3,0
21504,4,800,-19,0,-21,783,1,1,1,1,496,497,497,498,3,0,0,4,0,-8,-4,-1
21604,4,800,31,-6,-9,787,1,1,1,1,490,494,493,490,3,0,0,4,0,-8,0,-2
21704,4,800,51,24,-9,805,1,1,1,1,496,495,498,495,3,0,0,4,0,-8,-18,-8
21804,4,800,24,-29,-12,832,1,1,1,1,498,493,498,498,3,0,0,4,0,-8,2,5
21904,4,800,-25,-42,-9,779,1,1,1,1,491,491,493,494,3,0,0,4,0,-8,7,2
22004,4,-800,-16,63,48,825,1,1,1,1,498,462,497,496,3,0,0,4,0,-8,3,0
22104,4,-800,-64,18,-11,-1074,1,1,1,1,492,494,493,490,3,0,0,4,0,-8,19,0
22204,4,-800,-52,22,0,-807,1,1,1,1,490,459,499,499,3,0,0,4,0,-8,-6,0
22304,4,-800,-6,8,-13,-838,1,1,1,1,496,499,498,494,3,0,0,4,0,-8,0,1
22404,4,-800,2,12,14,-817,1,1,1,1,428,494,452,487,3,0,0,4,-1,-8,-2,-6
22504,4,-800,-22,-28,-17,-816,1,1,1,1,498,492,498,499,3,0,0,4,0,-8,13,2
22604,4,-800,19,17,-14,-753,1,1,1,1,494,495,493,494,3,0,0,4,0,-8,-16,-2
22704,4,-800,-18,44,29,-830,1,1,1,1,497,458,499,499,3,0,0,4,0,-8,0,1
22804,4,-800,47,58,8,-779,1,1,1,1,489,491,493,487,3,0,0,4,1,-8,-5,-4
22904,4,-800,29,85,1,-800,1,1,1,1,493,499,498,495,3,0,0,4,-1,-8,2,0
23004,4,-800,-47,34,-13,-779,1,1,1,1,494,495,497,499,3,0,0,4,0,-8,9,3
23104,4,-800,-21,2,-4,-849,1,1,1,1,492,494,493,493,3,0,0,4,-1,-8,-19,-8
23204,4,-800,26,11,4,-805,1,1,1,1,499,499,499,500,3,0,0,4,0,-8,-6,-2
23304,4,-800,-29,85,22,-753,1,1,1,1,494,494,494,494,3,0,0,4,0,-9,10,5
23404,4,-800,0,-6,33,-778,1,1,1,1,498,499,496,499,3,0,0,4,0,-8,6,2
23504,4,-800,-16,-22,-24,-829,1,1,1,1,487,431,493,493,3,0,0,4,0,-9,0,3
23604,4,-800,-3,91,-13,-758,1,1,1,1,482,497,498,499,3,0,0,4,1,-9,6,3
23704,4,-800,-4,-9,19,-832,1,1,1,1,499,496,498,495,3,0,0,4,0,-9,5,3
23804,4,-800,3,13,26,-772,1,1,1,1,469,482,493,493,3,0,0,4,0,-9,2,0
23904,4,-800,-22,-42,13,-798,1,1,1,1,498,491,498,499,3,0,0,4,0,-9,4,-3
24004,0,0,21,-8,22,-801,0,0,0,0,494,491,493,491,3,0,0,4,1,-9,3,0
24104,0,0,29,17,1,12,0,0,0,0,494,416,497,497,3,0,0,4,0,-9,6,1
24204,0,0,-33,16,-32,14,0,0,0,0,491,469,497,447,3,0,0,4,0,-9,-4,0
24304,0,0,2,-3,13,-7,0,0,0,0,497,496,495,407,3,0,0,4,0,-9,-1,-1
24404,0,0,22,-14,6,4,0,0,0,0,496,464,494,424,3,0,0,4,0,-9,0,-3
24504,0,0,4,29,32,-22,0,0,0,0,483,475,492,476,3,0,0,4,0,-9,1,2
24604,0,0,-22,14,16,0,0,0,0,0,447,482,494,457,3,0,0,4,0,-9,-1,3
24704,0,0,7,22,0,-6,0,0,0,0,453,495,438,493,3,0,0,4,-1,-9,-2,0
24804,0,0,21,1,3,-17,0,0,0,0,414,489,493,490,3,0,0,4,0,-9,0,-1
24904,0,0,-4,9,-14,-4,0,0,0,0,492,462,495,495,3,0,0,4,0,-9,0,0
25004,1,800,-7,42,-7,18,1,1,1,1,492,410,494,496,3,0,0,4,0,-9,0,2
25104,1,800,996,-44,-21,-9,1,1,1,1,493,493,492,493,3,0,0,4,0,-9,-1,-3
25204,1,800,862,6,-8,7,1,1,1,1,498,499,498,498,3,0,0,4,0,-9,-6,0
25304,1,800,830,-31,-9,-21,1,1,1,1,493,495,494,494,3,0,0,4,0,-9,17,0
25404,1,800,801,-22,31,29,1,1,1,1,491,494,493,494,3,0,0,4,0,-9,-3,0
25504,1,800,814,-42,13,-18,1,1,1,1,495,498,498,498,3,0,0,4,0,-9,-7,0
25605,1,800,756,-28,-34,26,1,1,1,1,497,498,498,496,3,0,0,4,0,-9,8,2
25705,1,800,966,7,16,-16,1,1,1,1,497,494,498,464,3,0,0,4,0,-9,-12,-8
25805,1,800,949,7,-11,0,1,1,1,1,496,497,442,498,3,0,0,4,0,-9,13,2
25905,1,800,893,22,-41,0,1,1,1,1,492,494,463,493,3,0,0,4,0,-9,-3,1
26005,1,800,766,-44,3,-33,1,1,1,1,498,432,497,498,3,0,0,4,0,-9,1,0
26105,1,800,818,22,19,4,1,1,1,1,498,483,498,496,3,0,0,4,0,-9,0,-2
26206,1,800,817,33,0,-1,1,1,1,1,498,496,498,463,3,0,0,4,0,-9,2,0
26306,1,800,871,74,-12,-25,1,1,1,1,497,499,497,496,3,0,0,4,0,-9,10,5
26406,1,800,793,-3,13,-29,1,1,1,1,497,499,498,498,3,0,0,4,0,-9,0,0
26506,1,800,834,-68,26,-14,1,1,1,1,493,494,493,493,3,0,0,4,-1,-9,11,0
26606,1,800,851,22,-9,-13,1,1,1,1,498,496,498,499,3,0,0,4,0,-9,-11,0
26706,1,800,791,19,-14,9,1,1,1,1,498,495,498,476,3,0,0,4,0,-9,7,1
26806,1,800,768,11,-3,-8,1,1,1,1,492,494,492,493,3,0,0,4,0,-9,-11,-3
26906,1,800,791,4,-21,26,1,1,1,1,495,458,498,495,3,0,0,4,1,-9,1,-2
27006,1,-800,830,4,-8,-4,1,1,1,1,498,499,497,494,3,0,0,4,0,-9,-5,0
27106,1,-800,-1042,14,1,6,1,1,1,1,489,461,493,491,3,0,0,4,0,-9,-31,-7
27206,1,-800,-904,-24,9,16,1,1,1,1,498,427,498,491,3,0,0,4,0,-9,13,3
27306,1,-800,-851,3,-1,22,1,1,1,1,492,414,495,499,3,0,0,4,0,-9,-11,-7
27406,1,-800,-959,63,-6,-4,1,1,1,1,491,491,493,494,3,0,0,4,0,-9,-6,-5
27506,1,-800,-778,31,45,0,1,1,1,1,498,453,498,498,3,0,0,4,0,-9,9,1
27606,1,-800,-750,-3,-6,42,1,1,1,1,488,494,490,493,3,0,0,4,-1,-9,-1,-3
27706,1,-800,-796,-17,-2,-26,1,1,1,1,496,499,498,485,3,0,0,4,0,-9,6,-2
27806,1,-800,-770,8,21,-12,1,1,1,1,491,489,494,493,3,0,0,4,0,-9,7,2
27906,1,-800,-793,55,-11,-14,1,1,1,1,495,489,498,499,3,0,0,4,0,-9,5,3
28006,1,-800,-934,-29,8,0,1,1,1,1,495,498,498,498,3,0,0,4,0,-9,-1,-4
28106,1,-800,-839,-38,-4,-9,1,1,1,1,492,494,493,490,3,0,0,4,0,-9,6,-1
28206,1,-800,-876,-26,14,-17,1,1,1,1,499,490,499,498,3,0,0,4,1,-9,-17,-4
28306,1,-800,-774,-4,-39,3,1,1,1,1,488,488,494,494,3,0,0,4,0,-9,3,1
28406,1,-800,-809,9,-14,1,1,1,1,1,498,495,498,499,3,0,0,4,0,-9,-6,-3
28506,1,-800,-770,1,-37,3,1,1,1,1,491,494,493,494,3,0,0,4,0,-9,1,0
28606,1,-800,-832,-33,-1,-18,1,1,1,1,498,496,497,498,3,0,0,4,0,-9,-6,0
28706,1,-800,-785,-7,-22,-8,1,1,1,1,488,495,494,491,3,0,0,4,0,-9,0,3
28806,1,-800,-808,26,3,24,1,1,1,1,498,462,498,409,3,0,0,4,0,-9,-7,0
28906,1,-800,-757,-7,18,-4,1,1,1,1,492,499,498,496,3,0,0,4,1,-9,2,0
29006,0,0,-900,29,-11,11,0,0,0,0,491,494,490,493,3,0,0,4,0,-9,19,3
29106,0,0,21,-9,-3,14,0,0,0,0,485,470,495,499,3,0,0,4,0,-9,2,3
29206,0,0,-91,17,-3,26,0,0,0,0,494,488,497,472,3,0,0,4,0,-9,1,-1
29306,0,0,-25,42,3,-9,0,0,0,0,494,493,494,488,3,0,0,4,0,-9,-1,-2
29406,0,0,-31,-19,-2,-7,0,0,0,0,476,490,486,480,3,0,0,4,0,-9,1,0
29506,0,0,9,29,-2,6,0,0,0,0,494,476,497,487,3,0,0,4,0,-9,0,2
29606,0,0,53,31,-3,18,0,0,0,0,488,488,497,493,3,0,0,4,0,-9,0,2
29706,0,0,-62,-253,31,-14,0,0,0,0,468,486,497,471,3,0,0,4,0,-9,-2,-2
29806,0,0,13,1,2,19,0,0,0,0,495,493,494,477,3,0,0,4,0,-9,0,-2
29907,0,0,-8,11,-41,-7,0,0,0,0,489,493,497,498,3,0,0,4,-1,-9,0,-1
30007,2,800,1,19,17,2,1,1,1,1,498,499,498,498,3,0,0,4,0,-9,0,0
30107,2,800,-14,897,-2,-11,1,1,1,1,495,495,497,494,3,0,0,4,0,-9,32,4
30207,2,800,53,872,-19,-8,1,1,1,1,491,500,498,499,3,0,0,4,0,-9,0,-8
30307,2,800,-25,853,14,48,1,1,1,1,493,494,493,494,3,0,0,4,0,-9,5,3
30407,2,800,9,789,-24,1,1,1,1,1,461,495,498,498,3,0,0,4,0,-9,-6,-3
30507,2,800,65,772,-7,-24,1,1,1,1,498,500,498,499,3,0,0,4,0,-9,-6,-2
30607,2,800,-18,817,-26,-4,1,1,1,1,494,490,493,494,3,0,0,4,0,-10,0,-1
30707,2,800,42,689,38,18,1,1,1,1,495,498,498,497,3,0,0,4,0,-10,14,3
30807,2,800,-26,741,25,0,1,1,1,1,489,492,494,494,3,0,0,4,0,-9,-7,1
30907,2,800,19,783,-7,28,1,1,1,1,498,498,495,498,3,0,0,4,0,-10,-6,0
31007,2,800,-21,870,7,2,1,1,1,1,496,493,498,448,3,0,0,4,0,-10,-1,-1
31107,2,800,-2,755,-1,-24,1,1,1,1,438,493,493,492,3,0,0,4,1,-10,5,2
31207,2,800,26,872,14,48,1,1,1,1,498,499,498,499,3,0,0,4,0,-10,8,1
31307,2,800,44,847,-29,2,1,1,1,1,486,494,498,499,3,0,0,4,0,-10,12,6
31407,2,800,-26,577,-16,7,1,1,1,1,493,495,490,474,3,0,0,4,0,-10,-7,1
31507,2,800,-13,851,19,8,1,1,1,1,499,497,498,498,3,0,0,4,0,-10,-8,-6
31607,2,800,26,842,26,-24,1,1,1,1,417,485,493,490,3,0,0,4,0,-10,0,0
31707,2,800,-34,805,-4,9,1,1,1,1,499,494,499,499,3,0,0,4,1,-10,11,7
31807,2,800,-37,828,14,1,1,1,1,1,498,492,498,497,3,0,0,4,1,-9,-12,-1
31907,2,800,56,781,11,31,1,1,1,1,493,489,493,494,3,0,0,4,0,-10,-9,-4
32007,2,-800,26,779,-61,-21,1,1,1,1,495,499,498,495,3,0,0,4,0,-10,-8,-4
32107,2,-800,-39,-1096,36,0,1,1,1,1,494,495,494,494,3,0,0,4,0,-10,-66,-17
32207,2,-800,9,-813,3,-8,1,1,1,1,498,500,499,500,3,0,0,4,1,-10,10,2
32307,2,-800,-57,-748,-39,-29,1,1,1,1,492,490,493,493,3,0,0,4,0,-10,-6,-5
32407,2,-800,24,-750,-65,-12,1,1,1,1,500,500,499,500,3,0,0,4,0,-10,-5,-6
32507,2,-800,-26,-791,1,-1,1,1,1,1,494,495,494,425,3,0,0,4,0,-10,7,7
32607,2,-800,-3,-892,-29,14,1,1,1,1,498,498,498,446,3,0,0,4,0,-10,-19,-9
32707,2,-800,-44,-828,24,-11,1,1,1,1,492,493,494,466,3,0,0,4,-1,-10,12,3
32807,2,-800,28,-780,6,-6,1,1,1,1,477,500,499,500,3,0,0,4,1,-10,11,5
32907,2,-800,39,-728,45,-1,1,1,1,1,466,491,493,492,3,0,0,4,0,-10,6,4
33007,2,-800,14,-805,-1,-14,1,1,1,1,498,499,498,498,3,0,0,4,0,-10,18,8
33107,2,-800,-6,-853,39,-1,1,1,1,1,494,495,493,484,3,0,0,4,0,-10,-5,-7
33207,2,-800,59,-732,-29,26,1,1,1,1,499,500,499,496,3,0,0,4,0,-10,-6,-3
33307,2,-800,13,-804,14,3,1,1,1,1,492,494,494,495,3,0,0,4,0,-10,7,7
33407,2,-800,-11,-845,42,-4,1,1,1,1,495,496,498,499,3,0,0,4,0,-10,15,1
33507,2,-800,33,-876,6,22,1,1,1,1,499,499,499,499,3,0,0,4,1,-10,-8,-4
33607,2,-800,-72,-768,0,4,1,1,1,1,491,495,488,494,3,0,0,4,0,-10,-2,-2
33707,2,-800,42,-771,-14,-3,1,1,1,1,499,500,498,496,3,0,0,4,0,-10,-3,-2
33807,2,-800,11,-773,22,22,1,1,1,1,494,495,494,495,3,0,0,4,0,-10,1,-2
33907,2,-800,-19,-758,7,25,1,1,1,1,498,497,499,499,3,0,0,4,-1,-10,1,-3
34007,0,0,-42,-743,-1,-4,0,0,0,0,493,486,494,492,3,0,0,4,-1,-10,28,13
34107,0,0,57,6,2,12,0,0,0,0,452,473,497,497,3,0,0,4,-1,-10,-6,-5
34207,0,0,19,-66,-29,-11,0,0,0,0,489,466,493,493,3,0,0,4,0,-10,3,1
34307,0,0,9,-19,-48,-9,0,0,0,0,492,448,498,494,3,0,0,4,0,-10,0,0
34407,0,0,2,2,-33,9,0,0,0,0,458,452,497,491,3,0,0,4,0,-10,-4,-2
34507,0,0,37,-18,-14,9,0,0,0,0,492,421,497,497,3,0,0,4,0,-10,-1,-3
34607,0,0,-16,-38,-2,14,0,0,0,0,490,438,493,437,3,0,0,4,0,-10,0,-2
34707,0,0,-19,39,-13,-13,0,0,0,0,460,483,498,497,3,0,0,4,0,-10,-1,0
# rx_stall wheel=0 t=35042 SR=0x00D4 CR3=0x0041 NDTR=71 EN=1 RxState=0x22 Err=0x00
34807,0,0,-34,-19,-28,-8,0,0,0,0,405,493,492,491,4,0,0,4,0,-10,0,-1
34907,0,0,-6,-2,21,-8,0,0,0,0,445,497,496,492,4,0,0,4,0,-10,0,-2
35007,3,800,-26,-14,-4,17,1,0,1,1,491,428,496,492,4,0,0,4,0,-10,2,0
35107,3,800,-6,22,851,-19,1,1,1,1,493,486,493,493,4,0,0,4,0,-10,13,1
35207,3,800,84,21,817,-18,1,1,1,1,498,500,498,499,4,0,0,4,1,-10,-12,-4
35307,3,800,-45,26,689,13,1,1,1,1,494,494,493,494,4,0,0,4,0,-10,1,0
35407,3,800,51,0,813,-11,1,1,1,1,498,499,498,498,4,0,0,4,0,-10,10,5
35507,3,800,33,8,825,8,1,1,1,1,498,500,499,499,4,0,0,4,1,-10,-10,-3
35607,3,800,-17,9,796,11,1,1,1,1,493,494,493,494,4,0,0,4,0,-10,-6,-2
35707,3,800,-26,-24,741,-14,1,1,1,1,498,499,498,498,4,0,0,4,0,-10,-2,-3
35807,3,800,-58,-28,863,19,1,1,1,1,494,495,494,495,4,0,0,4,0,-10,4,4
35907,3,800,6,-4,847,-24,1,1,1,1,498,499,498,498,4,0,0,4,0,-10,-12,1
36007,3,800,-78,-58,773,-11,1,1,1,1,499,499,498,499,4,0,0,4,0,-10,-2,3
36107,3,800,0,-18,841,-11,1,1,1,1,493,495,494,494,4,0,0,4,0,-10,1,-6
36207,3,800,-14,18,793,4,1,1,1,1,499,499,498,499,4,0,0,4,0,-10,3,5
36307,3,800,-16,-42,808,-16,1,1,1,1,493,494,493,493,4,0,0,4,0,-10,-4,-6
36407,3,800,-70,-22,817,-3,1,1,1,1,499,500,499,500,4,0,0,4,-1,-10,1,-1
36507,3,800,-9,-18,760,51,1,1,1,1,494,495,494,494,4,0,0,4,0,-10,-1,-6
36607,3,800,29,7,842,-11,1,1,1,1,499,500,499,500,4,0,0,4,0,-10,8,2
36707,3,800,-14,-13,712,250,1,1,1,1,498,499,498,498,4,0,0,4,1,-10,-5,0
36807,3,800,-72,0,719,-33,1,1,1,1,494,495,493,494,4,0,0,4,0,-10,-7,-7
36907,3,800,68,-45,756,-16,1,1,1,1,498,499,498,499,4,0,0,4,1,-10,-3,-4
37007,3,-800,0,-4,766,22,1,1,1,1,494,495,494,492,4,0,0,4,0,-10,-8,-4
