34203,0,0,-31,-4,0,-3,0,0,0,0,497,492,498,498,2,6,1,1,1,44,-1,-1
34303,0,0,51,-9,-22,13,0,0,0,0,495,494,498,477,2,6,1,1,1,44,-1,-2
34403,0,0,-8,-17,-4,-4,0,0,0,0,485,430,126414,1,800,766,24,29,9,1,1,1,1,499,498,496,499,7,9,1,5,2,162,-10,-2
126514,1,800,835,-14,-11,8,1,1,1,1,499,499,499,499,7,9,1,5,1,162,3,2
126614,1,800,783,-33,-14,-13,1,1,1,1,494,495,494,494,7,9,1,5,1,162,-2,0
126714,1,800,816,-8,39,1,1,1,1,1,499,500,499,500,7,9,1,5,2,163,16,6
126814,1,800,809,-52,57,0,1,1,1,1,494,493,494,494,7,9,1,5,0,163,15,7
126914,1,800,781,-4,-3,4,1,1,1,1,496,500,499,499,7,9,1,5,1,163,8,3
127014,1,-800,506,-13,14,3,1,1,1,1,495,490,498,498,7,9,1,5,0,163,3,10
127114,1,-800,-971,58,72,-2,1,1,1,1,493,495,493,492,7,9,1,5,1,163,21,10
127214,1,-800,-907,3,-3,2,1,1,1,1,499,500,500,500,7,9,1,5,0,163,3,0
127314,1,-800,-512,14,-44,7,1,1,1,1,492,495,493,494,7,9,1,5,1,163,8,6
127414,1,-800,-714,37,11,-13,1,1,1,1,497,498,497,499,7,9,1,5,1,163,15,7
127514,1,-800,-762,-6,48,-21,1,1,1,1,494,494,492,495,7,9,1,5,1,163,-13,2
127614,1,-800,-778,-24,13,22,1,1,1,1,500,494,498,500,7,9,1,5,1,164,-3,-1
127714,1,-800,-809,-45,-32,-2,1,1,1,1,495,496,495,495,7,9,1,5,1,164,0,3
127814,1,-800,-766,-6,0,12,1,1,1,1,500,500,499,500,7,9,1,5,0,164,7,4
127914,1,-800,-826,29,-44,14,1,1,1,1,493,437,492,494,7,9,1,5,2,164,-7,2
128014,1,-800,-735,-9,4,8,1,1,1,1,500,463,499,499,7,9,1,5,1,164,4,3
128114,1,-800,-1031,19,-8,9,1,1,1,1,498,494,498,465,7,9,1,5,1,164,9,4
128214,1,-800,-778,-38,-21,13,1,1,1,1,495,493,494,495,7,9,1,5,1,164,-17,-1
128314,1,-800,-701,-13,-252,-22,1,1,1,1,500,482,500,500,7,9,1,5,1,164,-11,3
128414,1,-800,-816,12,-19,4,1,1,1,1,495,492,496,496,7,9,1,5,1,164,7,1
128514,1,-800,-785,18,33,19,1,1,1,1,493,472,494,493,7,9,1,5,1,165,8,5
128614,1,-800,-796,4,16,-4,1,1,1,1,499,501,499,500,7,9,1,5,1,165,17,4
128714,1,-800,-833,0,6,8,1,1,1,1,499,500,499,499,7,9,1,5,1,165,-16,4
128814,1,-800,-833,41,-19,9,1,1,1,1,494,494,493,494,7,9,1,5,1,165,0,0
128914,1,-800,-962,-11,-14,-14,1,1,1,1,490,500,499,500,7,9,1,5,1,165,-9,0
129014,0,0,-747,-50,48,1,0,0,0,0,494,491,495,492,7,9,1,5,1,165,-8,-1
129114,0,0,12,-13,9,16,0,0,0,0,488,492,492,496,7,9,1,5,1,165,5,1
129214,0,0,26,36,8,11,0,0,0,0,493,428,490,489,7,9,1,5,1,165,0,0
129314,0,0,9,-52,0,-11,0,0,0,0,489,484,496,484,7,9,1,5,1,166,1,-2
129414,0,0,-3,13,42,22,0,0,0,0,493,496,498,496,7,9,1,5,1,166,2,0
129514,0,0,-9,-19,25,-7,0,0,0,0,493,496,492,490,7,9,1,5,1,166,1,-1
129614,0,0,-19,7,22,2,0,0,0,0,488,462,491,494,7,9,1,5,1,166,0,-3
129714,0,0,-13,-21,18,-2,0,0,0,0,495,464,498,488,7,9,1,5,1,166,2,-2
129814,0,0,12,0,-7,1,0,0,0,0,495,495,498,493,7,9,1,5,1,166,1,0
Robot Initialize Start
IMU Calibration Start (keep the robot stationary)
IMU Calibration Done  GyroBias[dps] X:-0.146 Y:-0.749 Z:-0.623
                      AccelBias[g]  X:-0.0143 Y:-0.0115
                      GyroZ std[dps] 4.199
Robot Initialize Finish
t_ms,wheel_id,cmd_x100,w0_x100,w1_x100,w2_x100,w3_x100,s0,s1,s2,s3,f0,f1,f2,f3,e0,e1,e2,e3,gyro_mrad,yaw_mrad,ax_cm,ay_cm
100,0,0,-35,0,19,8,0,0,0,0,420,470,499,456,0,0,0,0,2,0,1,-2
200,0,0,-13,-48,32,0,0,0,0,0,437,472,496,495,0,0,0,0,1,0,0,-1
300,0,0,-34,3,-3,-1,0,0,0,0,461,496,495,491,0,0,0,0,2,0,0,0
400,0,0,-53,-18,8,-12,0,0,0,0,433,448,497,496,0,0,0,0,1,0,0,-1
500,0,0,-9,9,3,-4,0,0,0,0,493,468,492,487,0,0,0,0,1,0,0,-3
600,0,0,38,8,-4,-8,0,0,0,0,494,484,497,491,0,0,0,0,2,0,0,0
700,0,0,19,-3,7,-4,0,0,0,0,494,460,497,497,0,0,0,0,1,0,1,-1
Rock SPI stall detected (no master clock for 750ms), re-arming
800,0,0,14,4,0,-2,0,0,0,0,461,494,497,492,0,0,0,0,1,0,0,0
900,0,0,136,28,1,3,0,0,0,0,494,490,496,497,0,0,0,0,1,1,0,0
1000,0,0,3,-68,3,-8,0,0,0,0,449,463,497,493,0,0,0,0,1,1,2,-1
1100,0,0,1,-19,-256,-3,0,0,0,0,456,453,497,498,0,0,0,0,1,1,1,-1
1200,0,0,11,39,-19,14,0,0,0,0,479,499,497,495,0,0,0,0,1,1,0,0
1300,0,0,-29,26,6,7,0,0,0,0,494,487,498,484,0,0,0,0,1,1,2,0
1400,0,0,39,6,4,13,0,0,0,0,492,484,491,495,0,0,0,0,1,1,0,0
1500,0,0,-26,-36,9,4,0,0,0,0,497,492,497,453,0,0,0,0,1,1,1,0
1600,0,0,14,39,-17,7,0,0,0,0,495,494,497,494,0,0,0,0,2,1,1,2
1700,0,0,9,-14,11,12,0,0,0,0,497,497,498,488,0,0,0,0,1,2,1,-1
Robot Initialize Start
IMU Calibration Start (keep the robot stationary)
IMU Calibration Done  GyroBias[dps] X:-0.597 Y:-0.387 Z:-0.928
                      AccelBias[g]  X:-0.0145 Y:-0.0114
                      GyroZ std[dps] 3.305
Robot Initialize Finish
t_ms,wheel_id,cmd_x100,w0_x100,w1_x100,w2_x100,w3_x100,s0,s1,s2,s3,f0,f1,f2,f3,e0,e1,e2,e3,gyro_mrad,yaw_mrad,ax_cm,ay_cm
100,0,0,9,-4,9,9,0,0,0,0,457,428,473,436,0,0,0,0,6,0,-2,0
200,0,0,-1,17,-42,-7,0,0,0,0,496,472,495,494,0,0,0,0,6,1,-2,0
300,0,0,-28,29,-4,-9,0,0,0,0,497,450,495,498,0,0,0,0,6,2,-1,-3
400,0,0,-19,9,-14,11,0,0,0,0,490,493,498,488,0,0,0,0,6,2,-1,-2
500,0,0,-19,4,-1,-1,0,0,0,0,489,499,496,495,0,0,0,0,6,3,0,-2
600,0,0,-39,0,-19,-9,0,0,0,0,489,497,497,497,0,0,0,0,7,4,-3,-1
700,0,0,62,16,-11,22,0,0,0,0,492,490,493,453,0,0,0,0,7,4,-1,-2
Rock SPI stall detected (no master clock for 750ms), re-arming
800,0,0,4,4,-48,-6,0,0,0,0,486,489,497,476,0,0,0,0,6,5,-1,0
900,0,0,-24,16,17,-19,0,0,0,0,497,491,496,435,0,0,0,0,6,5,-1,-2
1000,0,0,-7,19,0,-1,0,0,0,0,493,496,447,426,0,0,0,0,6,6,-1,-1
1100,0,0,-26,37,-14,-9,0,0,0,0,492,492,497,397,0,0,0,0,6,7,-1,0
1200,0,0,-7,25,0,3,0,0,0,0,490,492,459,496,0,0,0,0,7,7,0,0
1300,0,0,1,4,8,-13,0,0,0,0,447,496,497,495,0,0,0,0,6,8,-1,-1
1400,0,0,53,17,-21,-29,0,0,0,0,495,492,497,497,0,0,0,0,6,9,0,-1
1500,0,0,-44,-1,-29,28,0,0,0,0,494,486,498,495,0,0,0,0,6,9,-2,-2
1600,0,0,-66,-44,13,-1,0,0,0,0,493,434,493,436,0,0,0,0,6,10,-1,-2
1700,0,0,-8,-4,4,-32,0,0,0,0,485,457,494,440,0,0,0,0,6,11,0,-1
1800,0,0,9,-7,-18,-14,0,0,0,0,490,441,458,497,0,0,0,0,6,11,-2,0
1900,0,0,4,16,-65,19,0,0,0,0,489,431,497,468,0,0,0,0,6,12,-1,-1
2000,0,0,-35,17,2,-9,0,0,0,0,439,497,498,498,0,0,0,0,6,13,0,-1
2100,0,0,-4,-16,-32,-36,0,0,0,0,490,492,488,455,0,0,0,0,6,13,0,-5
2200,0,0,2,17,-2,9,0,0,0,0,496,494,496,499,0,0,0,0,6,14,-1,-1
2300,0,0,24,-3,-50,-4,0,0,0,0,473,485,491,488,0,0,0,0,6,15,-2,-2
2400,0,0,8,-6,-29,-22,0,0,0,0,494,492,494,451,0,0,0,0,6,15,0,-2
2500,0,0,-41,246,-35,26,0,0,0,0,480,435,495,484,0,0,0,0,7,16,0,-1
2600,0,0,11,-6,-2,34,0,0,0,0,434,487,470,478,0,0,0,0,6,16,-2,0
2700,0,0,37,-6,9,17,0,0,0,0,395,450,495,494,0,0,0,0,6,17,-1,-2
2800,0,0,39,-22,-6,-13,0,0,0,0,469,452,498,352,0,0,0,0,6,18,-1,-1
2900,0,0,-7,7,-13,12,0,0,0,0,473,472,498,496,0,0,0,0,6,18,-1,-1
3000,0,0,-26,38,-29,0,0,0,0,0,498,494,497,499,0,0,0,0,6,19,-1,-1
3100,0,0,0,-22,4,1,0,0,0,0,437,455,490,493,0,0,0,0,6,20,0,0
3200,0,0,-28,7,2,9,0,0,0,0,497,462,455,458,0,0,0,0,6,20,-2,1
3300,0,0,-4,16,34,0,0,0,0,0,496,392,497,496,0,0,0,0,6,21,-1,-2
3400,0,0,21,14,4,-22,0,0,0,0,498,494,465,493,0,0,0,0,6,22,-3,0
3500,0,0,-58,3,11,-4,0,0,0,0,491,497,498,467,0,0,0,0,6,22,-1,1
3600,0,0,-2,-4,31,0,0,0,0,0,469,491,498,494,0,0,0,0,6,23,-1,-1
3700,0,0,14,4,4,17,0,0,0,0,494,496,495,495,0,0,0,0,7,24,-2,0
3800,0,0,9,33,-4,-2,0,0,0,0,487,489,492,432,0,0,0,0,6,24,-1,3
# rx_stall wheel=2 t=6242 SR=0x0014 CR3=0x00C1 NDTR=48 EN=1 RxState=0x22 Err=0x00
3900,0,0,-33,-14,22,22,0,0,0,0,500,493,385,501,0,0,1,0,6,25,0,0
4000,0,0,9,16,13,11,0,0,0,0,492,485,494,469,0,0,1,0,6,26,-1,2
4101,0,0,-12,48,26,4,0,0,0,0,455,466,497,493,0,0,1,0,6,26,0,4
4201,0,0,-4,3,-19,-19,0,0,0,0,498,495,494,497,0,0,1,0,6,27,1,0
4301,0,0,21,-18,0,36,0,0,0,0,492,450,498,488,0,0,1,0,6,27,1,3
4401,0,0,-53,9,21,-4,0,0,0,0,437,441,496,408,0,0,1,0,7,28,1,2
4501,0,0,-21,-26,6,0,0,0,0,0,479,487,496,474,0,0,1,0,6,29,0,3
4601,0,0,28,-65,-29,7,0,0,0,0,494,442,433,450,0,0,1,0,6,29,1,2
4701,0,0,-6,-22,17,4,0,0,0,0,488,495,496,497,0,0,1,0,6,30,2,0
4801,0,0,14,19,12,4,0,0,0,0,494,491,498,493,0,0,1,0,7,31,0,-1
4901,0,0,-45,-4,22,28,0,0,0,0,492,463,492,477,0,0,1,0,6,31,0,1
5001,1,800,37,4,36,2,0,0,0,0,495,480,494,487,0,0,1,0,6,32,0,0
5101,1,800,842,21,9,8,1,1,1,1,490,499,497,498,0,0,1,0,6,33,15,6
5201,1,800,728,28,7,4,1,1,1,1,494,499,498,498,0,0,1,0,6,33,4,3
5301,1,800,808,-7,-19,-12,1,1,1,1,497,499,497,498,0,0,1,0,7,34,-3,0
5401,1,800,753,-8,9,-17,1,1,1,1,494,492,492,494,0,0,1,0,6,35,8,4
5501,1,800,776,18,-8,28,1,1,1,1,498,499,498,499,0,0,1,0,6,35,0,-4
5601,1,800,875,8,50,3,1,1,1,1,496,500,497,498,0,0,1,0,6,36,0,-2
5701,1,800,808,-7,48,-19,1,1,1,1,498,497,497,499,0,0,1,0,5,36,13,0
5801,1,800,835,0,-39,14,1,1,1,1,494,494,493,494,0,0,1,0,7,37,2,3
5901,1,800,626,14,-12,-14,1,1,1,1,498,500,498,498,0,0,1,0,7,38,-5,-6
6001,1,800,775,7,0,-24,1,1,1,1,496,500,499,500,0,0,1,0,6,38,0,-2
6101,1,800,780,7,34,-2,1,1,1,1,497,497,499,494,0,0,1,0,6,39,3,0
6201,1,800,795,31,-2,-256,1,1,1,1,493,445,493,494,0,0,1,0,6,40,16,2
6301,1,800,853,-21,-36,-14,1,1,1,1,495,500,499,496,0,0,1,0,6,40,1,0
6401,1,800,810,25,-29,-16,1,1,1,1,495,499,498,499,0,0,1,0,6,41,-3,-2
6501,1,800,884,-26,0,4,1,1,1,1,494,496,495,494,0,0,1,0,7,42,-8,2
6601,1,800,820,52,-9,-13,1,1,1,1,499,499,498,499,0,0,1,0,6,42,7,-2
6701,1,800,591,-14,13,11,1,1,1,1,496,497,498,499,0,0,1,0,6,43,8,3
6801,1,800,755,-12,39,22,1,1,1,1,491,495,493,493,0,0,1,0,6,44,-8,-3
6901,1,800,771,36,-17,-7,1,1,1,1,499,500,499,499,0,0,1,0,7,44,-1,1
7001,1,-800,785,19,-4,-38,1,1,1,1,495,497,499,469,0,0,1,0,6,45,3,1
7101,1,-800,-1026,53,-16,8,1,1,1,1,494,495,493,491,0,0,1,0,6,45,-28,-8
7201,1,-800,-805,-45,8,3,1,1,1,1,500,501,500,500,0,0,1,0,6,46,-4,2
7301,1,-800,-669,24,29,-14,1,1,1,1,493,495,484,494,0,0,1,0,6,47,6,0
7401,1,-800,-754,-21,-41,35,1,1,1,1,499,498,499,499,0,0,1,0,7,47,-6,-3
7502,1,-800,-842,-9,9,6,1,1,1,1,500,501,500,500,0,0,1,0,6,48,-5,-4
7602,1,-800,-879,29,3,22,1,1,1,1,499,500,498,498,0,0,1,0,6,49,12,-1
7702,1,-800,-804,-22,-4,-26,1,1,1,1,499,500,499,496,0,0,1,0,6,49,1,6
7802,1,-800,-818,-32,28,14,1,1,1,1,494,495,494,491,0,0,1,0,6,50,-2,0
7902,1,-800,-849,-57,11,4,1,1,1,1,499,469,499,498,0,0,1,0,6,51,-10,-5
8002,1,-800,-785,19,-12,-22,1,1,1,1,496,498,499,492,0,0,1,0,6,51,-6,-4
8102,1,-800,-814,-19,-22,-12,1,1,1,1,494,490,492,494,0,0,1,0,6,52,0,-4
8202,1,-800,-858,-32,14,18,1,1,1,1,492,436,500,500,0,0,1,0,6,53,9,3
8302,1,-800,-855,4,19,-3,1,1,1,1,491,495,493,491,0,0,1,0,7,53,-7,-2
8402,1,-800,-749,17,22,-7,1,1,1,1,499,500,499,498,0,0,1,0,7,54,-11,-3
8502,1,-800,-853,9,-14,3,1,1,1,1,494,495,494,494,0,0,1,0,6,54,9,6
8602,1,-800,-779,-8,4,-4,1,1,1,1,498,425,498,499,0,0,1,0,6,55,11,6
8702,1,-800,-803,-9,22,2,1,1,1,1,499,500,499,497,0,0,1,0,6,56,-9,0
8802,1,-800,-729,66,-31,31,1,1,1,1,495,500,498,497,0,0,1,0,6,56,0,-1
8902,1,-800,-766,19,35,-12,1,1,1,1,494,495,494,494,0,0,1,0,5,57,-3,-5
9002,0,0,-791,-37,37,-8,0,0,0,0,499,501,497,481,0,0,1,0,6,58,18,7
9102,0,0,0,13,14,0,0,0,0,0,428,484,490,413,0,0,1,0,6,58,-7,-3
9202,0,0,-4,45,-3,-12,0,0,0,0,452,495,495,494,0,0,1,0,6,59,0,-1
9302,0,0,-16,7,-24,11,0,0,0,0,446,458,441,499,0,0,1,0,6,60,0,-2
9402,0,0,39,-28,14,1,0,0,0,0,441,466,458,493,0,0,1,0,6,60,0,-1
9502,0,0,81,-12,3,6,0,0,0,0,473,493,495,498,0,0,1,0,6,61,0,-2
9602,0,0,-1,6,-66,14,0,0,0,0,494,494,497,496,0,0,1,0,6,61,0,-2
9702,0,0,-9,3,25,0,0,0,0,0,495,487,497,497,0,0,1,0,5,62,1,0
9802,0,0,12,-39,8,-21,0,0,0,0,497,450,496,494,0,0,1,0,6,63,0,-1
9902,0,0,16,26,22,-4,0,0,0,0,488,494,477,486,0,0,1,0,6,63,0,-1
10002,2,800,8,-6,37,17,1,1,1,1,494,454,496,427,0,0,1,0,6,64,1,0
10102,2,800,-24,939,-9,-8,1,1,1,1,496,499,498,498,0,0,1,0,6,65,26,11
10202,2,800,48,859,-9,8,1,1,1,1,497,496,499,499,0,0,1,0,6,65,6,0
10302,2,800,-66,824,-25,14,1,1,1,1,490,492,493,494,0,0,1,0,6,66,9,7
10402,2,800,-4,971,-9,-14,1,1,1,1,499,496,499,498,0,0,1,0,6,67,18,4
10502,2,800,56,783,-24,2,1,1,1,1,497,500,498,499,0,0,1,0,6,67,7,5
10602,2,800,-33,789,-6,-4,1,1,1,1,489,495,494,494,0,0,1,0,6,68,-1,2
10702,2,800,-31,864,-4,-9,1,1,1,1,499,499,499,499,0,0,1,0,6,68,-1,0
10802,2,800,-66,814,0,0,1,1,1,1,499,495,496,500,0,0,1,0,6,69,0,6
10902,2,800,48,748,21,-19,1,1,1,1,491,495,493,493,0,0,1,0,6,70,5,5
11002,2,800,68,834,-24,-14,1,1,1,1,499,496,499,499,0,0,1,0,6,70,-1,2
11102,2,800,-51,817,-14,3,1,1,1,1,499,497,499,500,0,0,1,0,6,71,2,7
11202,2,800,18,839,17,13,1,1,1,1,494,486,493,494,0,0,1,0,6,72,0,4
11302,2,800,-64,855,36,-16,1,1,1,1,498,500,499,498,0,0,1,0,6,72,-3,1
11402,2,800,55,803,-14,-9,1,1,1,1,461,497,498,499,0,0,1,0,6,73,-6,-7
11502,2,800,-76,816,4,35,1,1,1,1,492,493,494,491,0,0,1,0,5,74,4,-1
11602,2,800,1,762,4,-12,1,1,1,1,450,496,498,498,0,0,1,0,6,74,-6,-5
11702,2,800,-34,837,-45,16,1,1,1,1,498,500,499,448,0,0,1,0,7,75,3,0
11802,2,800,-9,810,-18,26,1,1,1,1,494,494,493,492,0,0,1,0,6,75,-7,1
11902,2,800,29,800,42,26,1,1,1,1,495,500,499,498,0,0,1,0,6,76,5,4
12002,2,-800,-87,764,-45,3,1,1,1,1,429,497,498,496,0,0,1,0,6,77,14,0
12102,2,-800,14,-1012,6,8,1,1,1,1,493,494,493,494,0,0,1,0,5,77,57,20
12202,2,-800,22,-833,-29,3,1,1,1,1,499,499,498,471,0,0,1,0,6,78,6,4
12302,2,-800,-74,-809,-6,-4,1,1,1,1,494,500,496,499,0,0,1,0,6,79,-13,2
12402,2,-800,0,-838,22,17,1,1,1,1,494,495,494,494,0,0,1,0,6,79,15,8
12502,2,-800,-13,-822,19,0,1,1,1,1,499,500,498,497,0,0,1,0,6,80,18,12
12602,2,-800,25,-796,68,39,1,1,1,1,492,491,494,494,0,0,1,0,6,81,0,2
12702,2,-800,-12,-821,-4,-9,1,1,1,1,499,498,498,499,0,0,1,0,7,81,2,7
12802,2,-800,-13,-616,0,26,1,1,1,1,498,496,496,449,0,0,1,0,6,82,-3,2
12902,2,-800,-69,-681,-2,-19,1,1,1,1,494,492,493,493,0,0,1,0,7,83,0,4
13002,2,-800,-14,-817,41,-22,1,1,1,1,495,500,499,498,0,0,1,0,6,83,-13,-2
13102,2,-800,72,-826,-6,-16,1,1,1,1,493,495,493,489,0,0,1,0,6,84,-17,-3
13202,2,-800,-52,-764,-26,19,1,1,1,1,500,500,499,500,0,0,1,0,6,84,12,5
13302,2,-800,84,-771,-34,-6,1,1,1,1,455,492,494,494,0,0,1,0,6,85,-15,-8
13402,2,-800,35,-805,-22,2,1,1,1,1,500,499,499,500,0,0,1,0,6,86,-16,-2
13502,2,-800,-42,-733,24,47,1,1,1,1,494,496,495,435,0,0,1,0,6,86,-1,2
13602,2,-800,-24,-1058,-9,14,1,1,1,1,499,497,498,497,0,0,1,0,6,87,5,2
13702,2,-800,-37,-818,-3,2,1,1,1,1,494,491,494,495,0,0,1,0,6,88,-11,-5
13802,2,-800,-51,-727,65,0,1,1,1,1,497,498,499,499,0,0,1,0,6,88,-2,-11
13902,2,-800,-7,-796,8,1,1,1,1,1,494,492,494,495,0,0,1,0,6,89,1,-2
14002,0,0,253,-808,8,-31,1,1,1,1,424,500,497,498,0,0,1,0,7,90,0,-5
14102,0,0,39,-14,4,12,0,0,0,0,403,493,494,491,0,0,1,0,6,90,-6,0
14202,0,0,-21,-25,-22,2,0,0,0,0,350,492,401,455,0,0,1,0,6,91,0,0
14302,0,0,17,0,-36,7,0,0,0,0,480,489,493,492,0,0,1,0,6,92,-1,-3
14402,0,0,-37,29,-7,0,0,0,0,0,475,475,498,483,0,0,1,0,7,92,4,0
14502,0,0,29,7,-19,4,0,0,0,0,489,481,495,498,0,0,1,0,6,93,-1,-1
14602,0,0,19,12,0,25,0,0,0,0,498,475,493,498,0,0,1,0,6,93,-1,-2
14702,0,0,-17,-33,14,19,0,0,0,0,496,498,498,495,0,0,1,0,6,94,-4,-4
14802,0,0,-26,4,39,14,0,0,0,0,489,461,493,493,0,0,1,0,6,95,0,-3
14902,0,0,-28,-9,-55,0,0,0,0,0,495,496,494,492,0,0,1,0,6,95,0,-3
15002,3,800,254,12,-26,2,1,1,1,1,498,439,497,491,0,0,1,0,6,96,0,-2
15102,3,800,18,-3,1000,-7,1,1,1,1,499,500,499,499,0,0,1,0,6,97,26,4
15202,3,800,6,16,855,9,1,1,1,1,494,494,493,494,0,0,1,0,5,97,-7,-7
15302,3,800,0,-22,833,-9,1,1,1,1,498,498,498,499,0,0,1,0,6,98,-12,-3
15402,3,800,-6,-21,830,7,1,1,1,1,499,500,499,499,0,0,1,0,6,99,-4,-2
15502,3,800,48,2,805,0,1,1,1,1,412,494,493,494,0,0,1,0,6,99,11,1
15602,3,800,-57,7,817,2,1,1,1,1,498,500,498,498,0,0,1,0,6,100,7,-2
15702,3,800,34,39,797,1,1,1,1,1,499,500,499,499,0,0,1,0,6,101,2,2
15802,3,800,17,13,1133,-2,1,1,1,1,493,494,493,494,0,0,1,0,6,101,-4,-4
15902,3,800,1,-57,851,-11,1,1,1,1,499,500,499,499,0,0,1,0,6,102,5,2
16002,3,800,18,-24,793,-11,1,1,1,1,499,499,498,499,0,0,1,0,7,102,-8,-3
16102,3,800,9,-18,895,-14,1,1,1,1,494,496,494,494,0,0,1,0,6,103,0,-5
16202,3,800,-11,38,872,31,1,1,1,1,499,499,499,500,0,0,1,0,6,104,9,-3
16302,3,800,-14,-39,750,-4,1,1,1,1,494,495,494,494,0,0,1,0,7,104,-16,-2
16402,3,800,12,12,813,19,1,1,1,1,500,501,499,500,0,0,1,0,6,105,-8,-4
16502,3,800,-29,3,855,-29,1,1,1,1,494,494,493,494,0,0,1,0,6,106,3,-3
16602,3,800,0,48,867,-18,1,1,1,1,498,500,499,498,0,0,1,0,6,106,-12,-1
16702,3,800,42,-26,801,-12,1,1,1,1,500,500,499,500,0,0,1,0,6,107,10,2
16802,3,800,-34,1,851,9,1,1,1,1,494,495,494,494,0,0,1,0,6,108,-3,-2
16902,3,800,-9,-7,783,22,1,1,1,1,498,500,498,499,0,0,1,0,6,108,-6,-1
17002,3,-800,18,-35,793,-41,1,1,1,1,494,495,494,494,0,0,1,0,6,109,2,3
17102,3,-800,58,-29,-1031,0,1,1,1,1,499,500,499,499,0,0,1,0,6,109,3,5
17202,3,-800,19,19,-860,-22,1,1,1,1,494,495,494,495,0,0,1,0,6,110,-12,-1
17302,3,-800,-78,17,-838,-17,1,1,1,1,500,501,499,499,0,0,1,0,6,111,0,0
17402,3,-800,9,-29,-812,-11,1,1,1,1,494,495,494,495,0,0,1,0,8,111,-2,0
17502,3,-800,-25,37,-760,-9,1,1,1,1,499,500,499,499,0,0,1,0,7,112,-15,-6
17602,3,-800,-7,48,-835,39,1,1,1,1,494,495,494,495,0,0,1,0,6,113,6,3
17702,3,-800,42,-14,-822,14,1,1,1,1,499,500,498,498,0,0,1,0,6,113,-5,-1
17802,3,-800,-75,2,-778,-44,1,1,1,1,494,495,495,495,0,0,1,0,6,114,-6,0
17902,3,-800,11,21,-828,-11,1,1,1,1,499,500,499,499,0,0,1,0,6,115,-1,-3
18002,3,-800,2,-33,-818,31,1,1,1,1,494,495,494,495,0,0,1,0,5,115,5,3
18102,3,-800,-32,45,-785,-7,1,1,1,1,499,500,499,499,0,0,1,0,7,116,-21,-11
18202,3,-800,22,24,-955,4,1,1,1,1,495,496,494,495,0,0,1,0,6,117,8,0
18302,3,-800,0,4,-783,9,1,1,1,1,498,500,498,498,0,0,1,0,6,117,-2,0
18402,3,-800,-47,-12,-791,-22,1,1,1,1,499,499,498,499,0,0,1,0,6,118,-5,2
18502,3,-800,3,-13,-785,-34,1,1,1,1,494,496,495,495,0,0,1,0,6,118,0,4
18602,3,-800,-75,55,-830,-8,1,1,1,1,499,500,498,499,0,0,1,0,6,119,-4,0
18702,3,-800,42,14,-789,0,1,1,1,1,494,495,494,494,0,0,1,0,6,120,0,-2
18802,3,-800,14,39,-875,-3,1,1,1,1,499,499,499,499,0,0,1,0,6,120,3,3
18902,3,-800,-22,19,-842,-18,1,1,1,1,499,500,499,499,0,0,1,0,7,121,-4,1
19002,0,0,42,22,-832,-3,0,0,0,0,494,496,494,495,0,0,1,0,6,122,5,1
19102,0,0,31,14,-2,-4,0,0,0,0,448,489,498,489,0,0,1,0,6,122,1,1
19202,0,0,1,26,19,1,0,0,0,0,498,492,498,496,0,0,1,0,6,123,0,1
19302,0,0,35,34,21,-17,0,0,0,0,407,493,495,491,0,0,1,0,6,124,-1,1
19402,0,0,37,13,16,-29,0,0,0,0,492,426,494,492,0,0,1,0,6,124,0,1
19502,0,0,-19,47,9,4,0,0,0,0,452,497,411,494,0,0,1,0,6,125,5,2
19602,0,0,34,39,-17,-4,0,0,0,0,492,457,497,497,0,0,1,0,6,126,-8,-4
19702,0,0,-11,-47,34,-14,0,0,0,0,483,418,498,494,0,0,1,0,5,126,-3,1
19802,0,0,-12,8,12,9,0,0,0,0,484,471,490,484,0,0,1,0,6,127,0,3
19902,0,0,36,0,6,21,0,0,0,0,473,494,498,498,0,0,1,0,6,128,-1,-1
20002,4,800,61,8,45,2,1,1,1,1,498,494,495,492,0,0,1,0,6,128,-2,-1
20102,4,800,66,-39,-45,889,1,1,1,1,463,499,498,498,0,0,1,0,6,129,-12,-9
20202,4,800,-39,22,35,812,1,1,1,1,494,435,491,492,0,0,1,0,6,130,27,3
20302,4,800,4,1,29,804,1,1,1,1,499,499,498,497,0,0,1,0,6,130,-2,-5
20402,4,800,3,-58,11,812,1,1,1,1,491,495,423,495,0,0,1,0,6,131,-5,-4
20502,4,800,-34,-7,-47,756,1,1,1,1,499,499,499,499,0,0,1,0,6,131,-3,-2
20602,4,800,-22,-12,22,513,1,1,1,1,494,496,492,494,0,0,1,0,6,132,-6,0
20702,4,800,4,-14,-18,846,1,1,1,1,497,499,495,500,0,0,1,0,6,133,8,4
20802,4,800,45,-55,-22,803,1,1,1,1,497,499,499,499,0,0,1,0,6,133,3,5
20902,4,800,1,29,11,772,1,1,1,1,494,495,493,493,0,0,1,0,7,134,-2,-2
21002,4,800,-56,9,0,803,1,1,1,1,498,488,498,499,0,0,1,0,6,135,6,0
21102,4,800,-16,85,-59,737,1,1,1,1,498,446,498,496,0,0,1,0,7,135,-6,-1
21202,4,800,-9,7,-4,801,1,1,1,1,490,494,494,494,0,0,1,0,6,136,-9,-4
21302,4,800,47,31,-42,772,1,1,1,1,497,499,498,499,0,0,1,0,7,137,2,-2
21402,4,800,9,-4,21,725,1,1,1,1,494,492,494,494,0,0,1,0,7,137,11,2
21502,4,800,24,-33,13,760,1,1,1,1,498,495,498,498,0,0,1,0,6,138,-9,1
21602,4,800,52,0,-7,846,1,1,1,1,422,494,498,495,0,0,1,0,6,138,0,-1
21702,4,800,-14,29,-14,803,1,1,1,1,493,494,493,492,0,0,1,0,6,139,-4,2
21802,4,800,51,66,14,789,1,1,1,1,499,500,499,499,0,0,1,0,7,140,8,7
21902,4,800,-25,17,0,794,1,1,1,1,498,499,498,498,0,0,1,0,6,140,8,5
22002,4,-800,25,29,2,829,1,1,1,1,494,494,493,494,0,0,1,0,6,141,-3,2
22102,4,-800,38,18,-9,-1046,1,1,1,1,493,496,454,498,0,0,1,0,6,142,44,13
22202,4,-800,-19,-26,-14,-832,1,1,1,1,495,496,494,491,0,0,1,0,6,142,-3,0
22302,4,-800,16,36,4,-807,1,1,1,1,499,484,500,498,0,0,1,0,6,143,3,2
22402,4,-800,-24,2,0,-804,1,1,1,1,491,491,493,493,0,0,1,0,7,144,1,5
22502,4,-800,-45,-2,17,-785,1,1,1,1,443,496,499,498,0,0,1,0,7,144,4,3
22602,4,-800,-42,-42,1,-809,1,1,1,1,494,494,493,494,0,0,1,0,6,145,-12,-7
22702,4,-800,-24,-52,8,-809,1,1,1,1,499,494,500,495,0,0,1,0,6,146,6,2
22802,4,-800,-35,-1,-3,-797,1,1,1,1,494,476,493,494,0,0,1,0,6,146,6,4
22902,4,-800,-9,-19,1,-805,1,1,1,1,496,500,499,499,0,0,1,0,6,147,-8,-2
23002,4,-800,-29,-11,3,-801,1,1,1,1,495,496,482,499,0,0,1,0,7,147,-3,-3
23102,4,-800,42,26,13,-807,1,1,1,1,494,492,495,495,0,0,1,0,6,148,0,-3
23202,4,-800,29,32,18,-780,1,1,1,1,499,496,499,499,0,0,1,0,7,149,-4,-2
23302,4,-800,8,8,-7,-777,1,1,1,1,495,448,494,492,0,0,1,0,7,149,6,7
23402,4,-800,24,12,-17,-801,1,1,1,1,496,500,498,498,0,0,1,0,6,150,-23,-10
23502,4,-800,-7,35,17,-805,1,1,1,1,447,460,494,491,0,0,1,0,6,151,13,0
23602,4,-800,0,-26,-25,-787,1,1,1,1,499,497,499,499,0,0,1,0,5,151,-1,-2
23702,4,-800,42,-9,11,-791,1,1,1,1,458,496,495,494,0,0,1,0,7,152,6,0
23802,4,-800,-33,21,-29,-785,1,1,1,1,489,494,498,499,0,0,1,0,6,152,15,1
# rx_stall wheel=1 t=26259 SR=0x00D4 CR3=0x0041 NDTR=116 EN=1 RxState=0x22 Err=0x00
23902,4,-800,-26,-53,4,-753,1,1,1,1,494,380,497,494,0,1,1,0,6,153,7,2
24002,0,0,13,-19,-32,-789,0,0,0,0,494,493,494,489,0,1,1,0,7,154,-10,4
24102,0,0,41,-19,11,-22,0,0,0,0,464,494,471,497,0,1,1,0,7,154,3,1
24202,0,0,4,3,-1,-8,0,0,0,0,496,497,498,479,0,1,1,0,6,155,0,2
24302,0,0,16,-7,14,-21,0,0,0,0,497,479,497,495,0,1,1,0,6,156,-1,2
24402,0,0,63,21,7,-18,0,0,0,0,485,492,493,443,0,1,1,0,6,156,0,1
24502,0,0,-12,-19,6,-4,0,0,0,0,493,467,497,325,0,1,1,0,6,157,1,3
24602,0,0,-18,-32,47,-1,0,0,0,0,498,435,498,498,0,1,1,0,6,158,-2,1
24702,0,0,-50,-32,-14,-6,0,0,0,0,425,484,495,498,0,1,1,0,5,158,-1,2
24802,0,0,0,9,-254,9,0,0,0,0,490,475,494,489,0,1,1,0,5,159,1,1
24902,0,0,2,0,8,6,0,0,0,0,498,491,497,498,0,1,1,0,6,159,1,0
25002,1,800,-35,-17,-3,8,1,1,1,1,493,496,497,488,0,1,1,0,6,160,0,1
25102,1,800,934,-3,22,-1,1,1,1,1,499,499,499,491,0,1,1,0,6,161,-10,1
25202,1,800,733,21,-11,-11,1,1,1,1,494,495,493,491,0,1,1,0,6,161,-13,-7
25302,1,800,771,4,0,14,1,1,1,1,497,495,499,498,0,1,1,0,5,162,0,0
25402,1,800,729,-21,-9,4,1,1,1,1,498,499,498,494,0,1,1,0,6,163,4,0
25502,1,800,809,4,9,0,1,1,1,1,494,465,493,494,0,1,1,0,6,163,2,-1
25602,1,800,801,53,-45,4,1,1,1,1,496,498,498,494,0,1,1,0,7,164,-2,0
25702,1,800,725,-4,-19,2,1,1,1,1,499,500,499,427,0,1,1,0,6,165,-2,0
25802,1,800,787,28,-3,-7,1,1,1,1,494,494,493,493,0,1,1,0,5,165,-6,-4
25902,1,800,801,29,-8,8,1,1,1,1,499,500,499,499,0,1,1,0,6,166,5,0
26002,1,800,1009,9,-2,14,1,1,1,1,496,499,498,496,0,1,1,0,7,166,26,12
26102,1,800,797,-36,-17,9,1,1,1,1,494,466,494,494,0,1,1,0,6,167,-18,-5
26202,1,800,705,47,34,11,1,1,1,1,499,485,497,495,0,1,1,0,6,168,-3,0
26302,1,800,809,14,-2,-16,1,1,1,1,495,496,494,495,0,1,1,0,6,168,-5,-3
26402,1,800,768,-7,14,12,1,1,1,1,497,498,499,499,0,1,1,0,6,169,7,-1
26502,1,800,758,22,11,-4,1,1,1,1,492,500,498,496,0,1,1,0,7,170,6,-2
26602,1,800,776,-38,-11,9,1,1,1,1,494,495,494,494,0,1,1,0,7,170,-1,0
26702,1,800,718,13,-18,11,1,1,1,1,499,500,499,499,0,1,1,0,7,171,-4,0
26802,1,800,805,32,9,21,1,1,1,1,489,494,493,494,0,1,1,0,6,172,9,4
26902,1,800,783,62,-51,13,1,1,1,1,498,499,499,499,0,1,1,0,7,172,-4,0
27002,1,-800,743,18,26,17,1,1,1,1,499,500,498,499,0,1,1,0,6,173,-5,0
27102,1,-800,-1057,-4,-2,-1,1,1,1,1,494,496,494,490,0,1,1,0,6,173,-21,-6
27202,1,-800,-720,6,29,-4,1,1,1,1,500,500,500,500,0,1,1,0,6,174,-10,-5
27302,1,-800,-794,-19,19,13,1,1,1,1,495,493,494,494,0,1,1,0,6,175,1,-5
27402,1,-800,-900,14,-2,-13,1,1,1,1,499,500,499,500,0,1,1,0,6,175,-7,-4
27502,1,-800,-808,-14,42,-2,1,1,1,1,493,496,494,495,0,1,1,0,6,176,4,-2
27602,1,-800,-781,-8,6,-35,1,1,1,1,499,500,499,499,0,1,1,0,6,177,4,-4
27702,1,-800,-834,9,-7,7,1,1,1,1,492,496,494,494,0,1,1,0,6,177,9,0
27802,1,-800,-782,12,18,29,1,1,1,1,498,493,499,499,0,1,1,0,7,178,0,4
27902,1,-800,-838,56,11,19,1,1,1,1,498,490,499,500,0,1,1,0,6,179,12,6
28002,1,-800,-42,-34,26,-4,1,1,1,1,494,495,494,494,0,1,1,0,7,179,0,2
28102,1,-800,-809,-18,-1,13,1,1,1,1,497,497,498,499,0,1,1,0,6,180,5,3
28202,1,-800,-735,22,48,-2,1,1,1,1,494,495,494,495,0,1,1,0,6,180,-6,-3
28302,1,-800,-822,-1,-3,-9,1,1,1,1,499,500,500,499,0,1,1,0,6,181,9,1
28402,1,-800,-758,7,-16,-8,1,1,1,1,487,494,458,466,0,1,1,0,6,182,-10,-4
28502,1,-800,-754,19,-9,8,1,1,1,1,500,497,497,476,0,1,1,0,6,182,4,-1
28602,1,-800,-817,-2,39,-9,1,1,1,1,499,497,495,500,0,1,1,0,6,183,0,-3
28702,1,-800,-838,-9,26,4,1,1,1,1,494,494,479,494,0,1,1,0,6,184,-10,-1
28802,1,-800,-799,-9,-25,255,1,1,1,1,500,499,500,497,0,1,1,0,5,184,-2,-4
28902,1,-800,-732,-31,32,-8,1,1,1,1,493,496,494,492,0,1,1,0,7,185,0,-2
29002,0,0,-810,48,-34,-16,0,0,0,0,499,499,496,499,0,1,1,0,7,186,2,-1
29102,0,0,-16,-22,-13,1,0,0,0,0,494,487,493,440,0,1,1,0,6,186,2,0
29202,0,0,-22,1,58,9,0,0,0,0,491,373,498,494,0,1,1,0,6,187,3,0
29302,0,0,-37,26,9,-9,0,0,0,0,498,490,498,441,0,1,1,0,6,188,0,-1
29402,0,0,9,39,-25,-6,0,0,0,0,463,491,492,475,0,1,1,0,6,188,1,0
29502,0,0,-8,-19,12,13,0,0,0,0,495,470,498,496,0,1,1,0,7,189,1,2
29602,0,0,39,4,8,9,0,0,0,0,493,445,496,490,0,1,1,0,6,190,-1,4
29702,0,0,32,-11,14,8,0,0,0,0,490,496,498,498,0,1,1,0,6,190,0,0
29802,0,0,26,22,-4,-4,0,0,0,0,394,481,497,489,0,1,1,0,7,191,-1,1
29902,0,0,45,24,21,7,0,0,0,0,493,487,493,492,0,1,1,0,6,191,0,1
30002,2,800,18,24,-8,28,1,1,1,1,496,432,498,493,0,1,1,0,7,192,0,-1
30102,2,800,74,874,-7,-29,1,1,1,1,498,500,498,499,0,1,1,0,6,193,29,10
30202,2,800,-42,830,14,14,1,1,1,1,494,495,494,494,0,1,1,0,7,193,-4,-3
30302,2,800,-29,745,26,-14,1,1,1,1,427,500,499,499,0,1,1,0,6,194,1,-1
30402,2,800,22,804,52,8,1,1,1,1,497,500,499,499,0,1,1,0,5,195,-7,-1
30502,2,800,62,879,-6,4,1,1,1,1,494,495,493,494,0,1,1,0,6,195,5,0
30602,2,800,55,735,-14,11,1,1,1,1,495,499,422,498,0,1,1,0,7,196,6,-2
30702,2,800,-24,727,16,-12,1,1,1,1,495,495,497,498,0,1,1,0,6,197,-9,0
30802,2,800,37,782,8,-13,1,1,1,1,495,496,493,495,0,1,1,0,6,197,2,-1
30902,2,800,-22,785,-34,-6,1,1,1,1,451,498,499,499,0,1,1,0,6,198,17,0
31002,2,800,-22,841,-1,7,1,1,1,1,494,491,494,494,0,1,1,0,6,199,-6,-3
31102,2,800,34,798,-19,19,1,1,1,1,444,498,499,499,0,1,1,0,6,199,21,3
31203,2,800,-28,753,-2,-4,1,1,1,1,500,501,499,499,0,1,1,0,6,200,9,5
31303,2,800,-48,817,-8,-12,1,1,1,1,498,493,498,499,0,1,1,0,6,200,14,-8
31403,2,800,-14,741,-11,-22,1,1,1,1,496,500,497,492,0,1,1,0,5,201,4,-9
31503,2,800,-11,826,26,-9,1,1,1,1,495,496,494,495,0,1,1,0,6,202,0,1
31603,2,800,-29,872,22,-11,1,1,1,1,499,500,499,499,0,1,1,0,6,202,-4,-2
31703,2,800,38,809,4,0,1,1,1,1,494,496,494,495,0,1,1,0,6,203,-14,-5
31803,2,800,-50,795,26,3,1,1,1,1,499,494,498,499,0,1,1,0,7,204,7,3
# rx_stall wheel=0 t=34237 SR=0x00D4 CR3=0x0041 NDTR=107 EN=1 RxState=0x22 Err=0x00
31903,2,800,19,762,-26,24,1,1,1,1,375,494,496,496,1,1,1,0,6,204,2,-2
32003,2,-800,18,429,-22,-6,1,1,1,1,499,500,499,500,1,1,1,0,6,205,2,0
32103,2,-800,-2,-1101,14,-9,1,1,1,1,495,496,495,495,1,1,1,0,6,206,-33,-7
32203,2,-800,38,-858,24,-17,1,1,1,1,500,498,499,500,1,1,1,0,6,206,-30,-7
32303,2,-800,-52,-716,-17,-29,1,1,1,1,492,495,495,490,1,1,1,0,6,207,-1,1
32403,2,-800,-19,-801,-25,0,1,1,1,1,495,496,454,472,1,1,1,0,6,208,-9,1
32503,2,-800,66,-785,26,-6,1,1,1,1,499,501,494,499,1,1,1,0,6,208,19,4
32603,2,-800,3,-842,-1,-14,1,1,1,1,494,495,494,494,1,1,1,0,6,209,2,0
32703,2,-800,-41,-699,9,22,1,1,1,1,499,494,499,499,1,1,1,0,6,210,-12,-6
32803,2,-800,33,-750,-16,-9,1,1,1,1,493,492,494,491,1,1,1,0,6,210,-3,-4
32903,2,-800,28,-838,22,-3,1,1,1,1,499,499,499,498,1,1,1,0,6,211,0,0
33003,2,-800,-17,-783,17,28,1,1,1,1,493,495,494,480,1,1,1,0,6,211,2,1
33103,2,-800,22,-787,-24,2,1,1,1,1,451,499,499,498,1,1,1,0,6,212,-4,-7
33203,2,-800,17,-809,4,-1,1,1,1,1,496,500,497,499,1,1,1,0,6,213,3,0
33303,2,-800,-24,-858,-4,-26,1,1,1,1,452,495,493,494,1,1,1,0,6,213,1,5
33403,2,-800,-4,-754,-7,-2,1,1,1,1,499,493,499,492,1,1,1,0,6,214,-8,-7
33503,2,-800,-19,-743,-22,11,1,1,1,1,491,490,494,494,1,1,1,0,6,215,4,6
33603,2,-800,-4,-855,-11,-24,1,1,1,1,499,498,499,497,1,1,1,0,6,215,2,0
33703,2,-800,26,-835,-28,52,1,1,1,1,491,493,494,434,1,1,1,0,6,216,7,10
33803,2,-800,38,-741,0,6,1,1,1,1,499,494,498,499,1,1,1,0,6,216,0,0
33903,2,-800,-38,-729,-7,-8,1,1,1,1,492,490,493,490,1,1,1,0,6,217,6,5
34003,0,0,74,-762,76,1,0,0,0,0,494,499,498,498,1,1,1,0,6,218,8,2
34103,0,0,79,-11,-2,17,0,0,0,0,391,492,493,423,1,1,1,0,6,218,-8,-3
34203,0,0,-52,29,36,-4,0,0,0,0,491,483,465,494,1,1,1,0,6,219,0,-1
34303,0,0,-6,-14,4,-2,0,0,0,0,495,492,498,496,1,1,1,0,7,220,-1,-1
34403,0,0,-4,-16,14,-4,0,0,0,0,482,490,498,491,1,1,1,0,6,220,0,-1
34503,0,0,31,24,9,9,0,0,0,0,496,480,498,494,1,1,1,0,6,221,-1,-2
34603,0,0,-42,4,61,-14,0,0,0,0,432,475,492,492,1,1,1,0,6,222,0,0
34703,0,0,-65,1,-2,0,0,0,0,0,498,423,463,495,1,1,1,0,6,222,0,-1
34803,0,0,42,33,-82,4,0,0,0,0,498,497,498,495,1,1,1,0,6,223,0,-3
# rx_stall wheel=3 t=37225 SR=0x00D4 CR3=0x0041 NDTR=53 EN=1 RxState=0x22 Err=0x00
34903,0,0,-2,-22,25,3,0,0,0,0,453,466,495,376,1,1,1,1,6,223,1,1
35003,3,800,-14,39,17,254,0,1,1,1,466,478,490,493,1,1,1,1,6,224,0,2
