35203,3,800,14,4,816,19,1,1,1,1,499,500,499,499,1,1,1,1,6,225,0,1
35303,3,800,-48,29,796,21,1,1,1,1,498,500,498,498,1,1,1,1,6,226,0,3
35403,3,800,4,3,791,-8,1,1,1,1,494,495,493,494,1,1,1,1,6,227,4,3
35503,3,800,-44,-13,833,14,1,1,1,1,498,499,498,498,1,1,1,1,6,227,1,-3
35603,3,800,-18,4,830,-12,1,1,1,1,498,500,498,499,1,1,1,1,7,228,-3,-2
35703,3,800,26,-26,773,4,1,1,1,1,494,495,494,495,1,1,1,1,5,229,-3,-6
35803,3,800,19,-7,820,-12,1,1,1,1,499,500,499,499,1,1,1,1,6,229,-5,-1
35903,3,800,-44,-12,867,-25,1,1,1,1,494,495,494,494,1,1,1,1,6,230,6,0
36003,3,800,-12,28,730,-11,1,1,1,1,499,500,4974306,0,0,-55,4,22,0,0,0,0,0,408,479,491,429,2,2,1,4,6,475,-1,-3
74406,0,0,35,7,-39,-2,0,0,0,0,490,422,498,493,2,2,1,4,6,476,0,-1
74506,0,0,-6,0,-7,0,0,0,0,0,485,494,449,496,2,2,1,4,7,477,2,0
74606,0,0,14,-4,0,-3,0,0,0,0,477,488,497,490,2,2,1,4,6,477,1,1
74706,0,0,-51,19,-4,-1,0,0,0,0,486,495,453,497,2,2,1,4,6,478,-1,3
74806,0,0,-76,-28,-36,0,0,0,0,0,460,457,488,436,2,2,1,4,6,479,0,1
74906,0,0,-41,11,19,-7,0,0,0,0,483,492,497,493,2,2,1,4,7,479,-2,-1
75006,3,800,8,0,9,3,1,1,1,1,477,445,497,493,2,2,1,4,6,480,-2,0
75106,3,800,22,16,854,0,1,1,1,1,497,499,498,498,2,2,1,4,6,481,-7,-5
75206,3,800,-6,-48,822,-2,1,1,1,1,494,494,493,494,2,2,1,4,6,481,7,3
75306,3,800,-39,12,770,-2,1,1,1,1,498,499,498,498,2,2,1,4,6,482,1,3
75406,3,800,-66,-22,735,-4,1,1,1,1,499,500,499,499,2,2,1,4,6,482,3,0
75506,3,800,35,-22,787,1,1,1,1,1,494,494,494,494,2,2,1,4,6,483,-2,-1
75606,3,800,4,36,773,-1,1,1,1,1,498,500,498,499,2,2,1,4,7,484,-4,1
75706,3,800,37,-51,817,-1,1,1,1,1,499,499,498,499,2,2,1,4,6,484,11,2
75806,3,800,19,14,747,-2,1,1,1,1,493,495,494,494,2,2,1,4,6,485,-4,0
75906,3,800,17,-25,764,0,1,1,1,1,499,499,498,498,2,2,1,4,6,486,-4,0
76006,3,800,-29,42,822,0,1,1,1,1,494,495,494,494,2,2,1,4,7,486,-1,2
76106,3,800,-16,-29,791,0,1,1,1,1,498,500,499,499,2,2,1,4,6,487,-1,-3
76206,3,800,-2,-4,771,0,1,1,1,1,499,499,499,499,2,2,1,4,6,488,-2,-1
76306,3,800,34,33,821,0,1,1,1,1,494,495,493,494,2,2,1,4,6,488,14,4
76406,3,800,38,-14,791,4,1,1,1,1,499,499,499,498,2,2,1,4,6,489,11,2
76506,3,800,26,-47,778,0,1,1,1,1,498,500,498,499,2,2,1,4,6,489,1,-1
76606,3,800,-18,19,748,0,1,1,1,1,494,494,493,494,2,2,1,4,7,490,-2,-2
76706,3,800,79,-1,733,0,1,1,1,1,498,500,499,499,2,2,1,4,6,491,-11,-9
76806,3,800,-4,0,780,0,1,1,1,1,499,499,498,498,2,2,1,4,7,491,7,0
76906,3,800,85,-51,851,-3,1,1,1,1,493,494,493,493,2,2,1,4,6,492,2,1
77006,3,-800,-16,-42,834,-2,1,1,1,1,498,500,499,499,2,2,1,4,6,493,-7,-2
77106,3,-800,-19,12,-1017,-1,1,1,1,1,495,495,495,496,2,2,1,4,6,493,-21,-8
77206,3,-800,-26,28,-809,0,1,1,1,1,500,501,499,500,2,2,1,4,6,494,-10,1
77306,3,-800,-9,-1,-752,0,1,1,1,1,494,495,494,494,2,2,1,4,6,495,-12,-4
77406,3,-800,12,39,-808,0,1,1,1,1,499,500,499,499,2,2,1,4,6,495,-10,-2
77506,3,-800,-9,65,-791,0,1,1,1,1,494,495,495,495,2,2,1,4,6,496,-5,-6
77606,3,-800,1,9,-766,-3,1,1,1,1,499,500,498,499,2,2,1,4,6,497,-1,0
77706,3,-800,-4,35,-697,0,1,1,1,1,499,500,499,499,2,2,1,4,7,497,3,1
77806,3,-800,48,-36,-749,-3,1,1,1,1,494,494,493,493,2,2,1,4,6,498,1,4
77906,3,-800,38,-9,-762,0,1,1,1,1,499,501,499,500,2,2,1,4,6,498,4,-1
78006,3,-800,0,63,-805,13,1,1,1,1,494,495,494,494,2,2,1,4,6,499,2,0
78106,3,-800,29,37,-812,-3,1,1,1,1,496,499,498,499,2,2,1,4,6,500,4,2
78206,3,-800,55,-2,-892,0,1,1,1,1,498,500,499,499,2,2,1,4,6,500,3,4
78306,3,-800,-39,18,-735,0,1,1,1,1,494,495,494,494,2,2,1,4,6,501,4,1
78406,3,-800,-9,-37,-791,1,1,1,1,1,499,500,499,499,2,2,1,4,6,502,1,0
78506,3,-800,48,-19,-741,0,1,1,1,1,494,494,493,494,2,2,1,4,6,502,0,-4
78606,3,-800,47,1,-760,-4,1,1,1,1,499,501,500,499,2,2,1,4,6,503,5,1
78706,3,-800,21,-3,-722,-1,1,1,1,1,499,499,498,499,2,2,1,4,6,504,0,-1
78806,3,-800,48,37,-744,0,1,1,1,1,494,495,494,494,2,2,1,4,5,504,7,0
78906,3,-800,11,-13,-766,0,1,1,1,1,498,500,498,499,2,2,1,4,6,505,-9,-1
79006,0,0,32,-7,-813,0,0,0,0,0,494,495,492,494,2,2,1,4,5,505,-4,0
79106,0,0,13,4,22,-7,0,0,0,0,496,496,498,435,2,2,1,4,6,506,5,0
79206,0,0,-4,1,2,-1,0,0,0,0,492,433,496,494,2,2,1,4,6,507,0,0
# rx_stall wheel=3 t=81632 SR=0x00D4 CR3=0x0041 NDTR=114 EN=1 RxState=0x22 Err=0x00
79306,0,0,-4,14,-3,0,0,0,0,0,431,487,495,369,2,2,1,5,6,507,1,1
79406,0,0,-7,12,4,-1,0,0,0,0,488,481,498,496,2,2,1,5,6,508,2,2
79506,0,0,70,-4,-25,4,0,0,0,0,494,465,498,495,2,2,1,5,6,509,0,1
79606,0,0,29,-17,-4,0,0,0,0,0,495,444,495,493,2,2,1,5,6,509,0,-1
79706,0,0,-9,-19,32,9,0,0,0,0,429,452,487,491,2,2,1,5,6,510,0,-3
79806,0,0,-12,-9,-7,0,0,0,0,0,495,491,499,496,2,2,1,5,6,511,0,-1
79906,0,0,-52,25,19,-4,0,0,0,0,493,492,494,493,2,2,1,5,7,511,0,1
80006,4,800,0,21,-50,-1,1,1,1,1,498,499,498,370,2,2,1,5,6,512,0,1
80106,4,800,-22,29,3,901,1,1,1,1,493,495,494,479,2,2,1,5,6,513,5,3
80206,4,800,29,-63,250,832,1,1,1,1,499,499,498,499,2,2,1,5,6,513,5,1
80306,4,800,-56,26,25,825,1,1,1,1,492,495,494,494,2,2,1,5,6,514,-6,-6
80406,4,800,8,-1,-12,774,1,1,1,1,500,501,499,497,2,2,1,5,6,515,6,1
80506,4,800,21,22,3,866,1,1,1,1,497,499,498,493,2,2,1,5,6,515,9,2
80606,4,800,36,42,-14,807,1,1,1,1,492,490,494,492,2,2,1,5,6,516,-3,0
80706,4,800,26,-29,-52,834,1,1,1,1,496,498,499,497,2,2,1,5,6,517,5,3
80806,4,800,17,25,-22,879,1,1,1,1,491,494,493,494,2,2,1,5,7,517,-22,-3
80906,4,800,14,-24,-13,810,1,1,1,1,499,501,500,496,2,2,1,5,6,518,-3,-4
81006,4,800,-28,-48,-26,795,1,1,1,1,494,492,494,495,2,2,1,5,6,518,6,0
81106,4,800,14,29,41,754,1,1,1,1,500,483,499,500,2,2,1,5,6,519,-19,-6
81206,4,800,-7,37,18,766,1,1,1,1,465,497,499,499,2,2,1,5,6,520,6,0
81306,4,800,-1,-1,6,839,1,1,1,1,493,487,494,494,2,2,1,5,6,520,7,5
81406,4,800,1,11,-14,841,1,1,1,1,499,500,498,499,2,2,1,5,6,521,-12,-4
81506,4,800,-48,-45,-2,814,1,1,1,1,496,497,440,499,2,2,1,5,6,522,4,3
81606,4,800,26,-45,9,714,1,1,1,1,458,495,492,494,2,2,1,5,6,522,13,0
81706,4,800,4,-28,-2,851,1,1,1,1,499,500,499,497,2,2,1,5,7,523,-9,-5
81806,4,800,36,-34,-26,834,1,1,1,1,494,491,489,494,2,2,1,5,6,524,-20,-6
81906,4,800,115,0,6,769,1,1,1,1,435,473,500,500,2,2,1,5,6,524,0,-1
82006,4,-800,0,26,-2,817,1,1,1,1,494,488,493,487,2,2,1,5,5,525,15,5
82106,4,-800,9,-58,-19,-1080,1,1,1,1,499,496,499,499,2,2,1,5,6,525,7,4
82207,4,-800,-31,-24,-25,-859,1,1,1,1,438,501,499,493,2,2,1,5,6,526,6,5
82307,4,-800,-52,45,28,-821,1,1,1,1,500,499,500,500,2,2,1,5,6,527,6,0
82407,4,-800,18,-14,22,-704,1,1,1,1,449,430,494,494,2,2,1,5,6,527,-16,-9
82507,4,-800,-28,-29,35,-772,1,1,1,1,500,501,499,500,2,2,1,5,6,528,3,-2
82607,4,-800,-31,7,-21,-773,1,1,1,1,489,496,495,495,2,2,1,5,7,529,4,3
82707,4,-800,19,24,-8,-758,1,1,1,1,496,500,446,499,2,2,1,5,6,529,-1,-1
82807,4,-800,-79,-48,24,-783,1,1,1,1,495,496,495,495,2,2,1,5,6,530,-9,-1
82907,4,-800,42,4,29,-825,1,1,1,1,497,500,499,498,2,2,1,5,6,530,2,2
83007,4,-800,-26,4,-17,-748,1,1,1,1,499,500,499,499,2,2,1,5,6,531,-1,2
83107,4,-800,-7,-29,-4,-814,1,1,1,1,494,495,494,494,2,2,1,5,6,532,-12,-6
83208,4,-800,16,19,-16,-980,1,1,1,1,500,495,499,500,2,2,1,5,6,532,-7,0
83308,4,-800,-17,7,6,-801,1,1,1,1,499,500,500,494,2,2,1,5,6,533,8,0
83408,4,-800,42,28,12,-826,1,1,1,1,499,500,498,496,2,2,1,5,6,534,1,-4
83508,4,-800,4,-14,34,-814,1,1,1,1,494,495,494,494,2,2,1,5,6,534,-1,0
83608,4,-800,-38,-26,-8,-813,1,1,1,1,494,496,499,500,2,2,1,5,5,535,9,2
83708,4,-800,-59,-29,-4,-838,1,1,1,1,494,496,494,494,2,2,1,5,6,535,0,0
83808,4,-800,-24,-6,-4,-793,1,1,1,1,500,500,497,500,2,2,1,5,6,536,0,0
83908,4,-800,85,-39,48,-774,1,1,1,1,494,495,493,493,2,2,1,5,7,537,10,7
84008,0,0,72,9,-42,-963,0,0,0,0,500,481,499,493,2,2,1,5,6,537,3,0
84108,0,0,14,-17,9,2,0,0,0,0,448,493,498,426,2,2,1,5,6,538,-5,0
84208,0,0,-14,14,-9,2,0,0,0,0,492,454,493,440,2,2,1,5,6,539,-1,-1
84308,0,0,18,-4,-53,-24,0,0,0,0,484,451,437,488,2,2,1,5,6,539,-1,-1
84408,0,0,-37,2,2,22,0,0,0,0,499,494,458,498,2,2,1,5,6,540,1,-2
84508,0,0,12,-14,4,-13,0,0,0,0,497,468,492,496,2,2,1,5,7,541,0,-4
84608,0,0,-29,-9,-1,-4,0,0,0,0,467,488,475,491,2,2,1,5,6,541,0,-1
84708,0,0,39,-28,29,6,0,0,0,0,499,494,496,499,2,2,1,5,7,542,2,0
84808,0,0,19,9,0,9,0,0,0,0,494,494,495,461,2,2,1,5,6,542,1,3
84908,0,0,-37,-1,-19,-16,0,0,0,0,493,494,497,453,2,2,1,5,6,543,0,3
85008,1,800,19,11,254,16,1,1,1,1,498,433,496,432,2,2,1,5,6,544,-1,-3
85108,1,800,746,-12,-31,0,1,1,1,1,493,495,493,491,2,2,1,5,6,544,-1,0
85208,1,800,533,29,13,-7,1,1,1,1,498,499,498,498,2,2,1,5,10,545,14,7
# rx_stall wheel=0 t=87620 SR=0x00D6 CR3=0x0041 NDTR=43 EN=1 RxState=0x22 Err=0x00
# rx_stall wheel=1 t=87620 SR=0x00D6 CR3=0x0041 NDTR=66 EN=1 RxState=0x22 Err=0x00
# rx_stall wheel=2 t=87620 SR=0x0116 CR3=0x00C1 NDTR=43 EN=1 RxState=0x22 Err=0x00
# rx_stall wheel=3 t=87620 SR=0x00D6 CR3=0x0041 NDTR=51 EN=1 RxState=0x22 Err=0x00
85308,1,800,533,29,13,-7,1,1,1,1,48,47,47,48,6,6,5,9,7,546,-1,7
85408,1,800,533,29,13,-7,1,1,1,1,0,0,0,0,11,11,10,14,7,547,5,13
85508,1,800,533,29,13,-7,1,1,1,1,0,0,0,0,16,16,15,19,7,547,5,13
85608,1,800,533,29,13,-7,1,1,1,1,0,0,0,0,21,21,20,24,7,548,6,15
85708,1,800,533,29,13,-7,1,1,1,1,0,0,0,0,26,26,25,29,7,549,6,18
85808,1,800,533,29,13,-7,1,1,1,1,0,0,0,0,31,31,30,34,7,550,7,15
85908,1,800,533,29,13,-7,1,1,1,1,0,0,0,0,36,36,35,39,7,550,0,8
86008,1,800,533,29,13,-7,1,1,1,1,0,0,0,0,41,41,40,44,6,551,1,7
86108,1,800,533,29,13,-7,1,1,1,1,0,0,0,0,46,46,45,49,7,552,1,6
86208,1,800,533,29,13,-7,1,1,1,1,0,0,0,0,51,51,50,54,6,553,5,16
86308,1,800,533,29,13,-7,1,1,1,1,0,0,0,0,56,56,55,59,7,553,2,9
86408,1,800,533,29,13,-7,1,1,1,1,0,0,0,0,61,61,60,64,6,554,5,10
86508,1,800,533,29,13,-7,1,1,1,1,0,0,0,0,66,66,65,69,6,555,6,14
86608,1,800,533,29,13,-7,1,1,1,1,0,0,0,0,71,71,70,74,7,556,3,11
86708,1,800,533,29,13,-7,1,1,1,1,0,0,0,0,76,76,75,79,7,556,2,13
86808,1,800,533,29,13,-7,1,1,1,1,0,0,0,0,81,81,80,84,7,557,5,13
86908,1,800,533,29,13,-7,1,1,1,1,0,0,0,0,86,86,85,89,7,558,2,13
87008,1,-800,533,29,13,-7,1,1,1,1,0,0,0,0,91,91,90,94,7,559,3,11
87108,1,-800,533,29,13,-7,1,1,1,1,0,0,0,0,96,96,95,99,7,559,5,12
87208,1,-800,533,29,13,-7,1,1,1,1,0,0,0,0,101,101,100,104,6,560,1,10
87309,1,-800,533,29,13,-7,1,1,1,1,0,0,0,0,106,106,105,109,7,561,2,12
87409,1,-800,533,29,13,-7,1,1,1,1,0,0,0,0,111,111,110,114,7,562,1,10
87509,1,-800,533,29,13,-7,1,1,1,1,0,0,0,0,116,116,115,119,7,562,2,13
87609,1,-800,533,29,13,-7,1,1,1,1,0,0,0,0,121,121,120,124,6,563,4,11
87709,1,-800,533,29,13,-7,1,1,1,1,0,0,0,0,126,126,125,129,7,564,4,12
87809,1,-800,533,29,13,-7,1,1,1,1,0,0,0,0,131,131,130,134,7,564,2,14
87909,1,-800,533,29,13,-7,1,1,1,1,0,0,0,0,136,136,135,139,7,565,3,14
88009,1,-800,533,29,13,-7,1,1,1,1,0,0,0,0,141,141,140,144,6,566,1,13
88109,1,-800,533,29,13,-7,1,1,1,1,0,0,0,0,146,146,145,149,7,567,2,11
88209,1,-800,533,29,13,-7,1,1,1,1,0,0,0,0,151,151,150,154,6,568,2,11
88309,1,-800,533,29,13,-7,1,1,1,1,0,0,0,0,156,156,155,159,7,568,2,12
88409,1,-800,533,29,13,-7,1,1,1,1,0,0,0,0,161,161,160,164,7,569,4,10
88509,1,-800,533,29,13,-7,1,1,1,1,0,0,0,0,166,166,165,169,6,570,0,10
88609,1,-800,533,29,13,-7,1,1,1,1,0,0,0,0,171,171,170,174,6,570,4,11
88709,1,-800,533,29,13,-7,1,1,1,1,0,0,0,0,176,176,175,179,7,571,2,10
88809,1,-800,533,29,13,-7,1,1,1,1,0,0,0,0,181,181,180,184,6,572,2,11
88909,1,-800,533,29,13,-7,1,1,1,1,0,0,0,0,186,186,185,189,6,573,2,11
89009,0,0,533,29,13,-7,1,1,1,1,0,0,0,0,191,191,190,194,7,573,2,11
89109,0,0,533,29,13,-7,1,1,1,1,0,0,0,0,196,196,195,199,7,574,2,12
89209,0,0,533,29,13,-7,1,1,1,1,0,0,0,0,201,201,200,204,7,575,2,12
89309,0,0,533,29,13,-7,1,1,1,1,0,0,0,0,206,206,205,209,7,576,2,10
89409,0,0,533,29,13,-7,1,1,1,1,0,0,0,0,211,211,210,214,7,576,2,11
89509,0,0,533,29,13,-7,1,1,1,1,0,0,0,0,216,216,215,219,7,577,1,10
89609,0,0,533,29,13,-7,1,1,1,1,0,0,0,0,221,221,220,224,6,578,3,11
89709,0,0,533,29,13,-7,1,1,1,1,0,0,0,0,226,226,225,229,7,578,2,10
89809,0,0,533,29,13,-7,1,1,1,1,0,0,0,0,231,231,230,234,7,579,4,10
89909,0,0,533,29,13,-7,1,1,1,1,0,0,0,0,236,236,235,239,7,580,2,14
90010,2,800,533,29,13,-7,1,1,1,1,0,0,0,0,241,241,240,244,6,581,1,12
90110,2,800,533,29,13,-7,1,1,1,1,0,0,0,0,246,246,245,249,7,581,2,11
90210,2,800,533,29,13,-7,1,1,1,1,0,0,0,0,251,251,250,254,7,582,1,12
90310,2,800,533,29,13,-7,1,1,1,1,0,0,0,0,256,256,255,259,6,583,2,12
90410,2,800,533,29,13,-7,1,1,1,1,0,0,0,0,261,261,260,264,6,584,3,10
90510,2,800,533,29,13,-7,1,1,1,1,0,0,0,0,266,266,265,269,7,584,2,10
90610,2,800,533,29,13,-7,1,1,1,1,0,0,0,0,271,271,270,274,7,585,0,12
90710,2,800,533,29,13,-7,1,1,1,1,0,0,0,0,276,276,275,279,7,586,3,11
90810,2,800,533,29,13,-7,1,1,1,1,0,0,0,0,281,281,280,284,7,587,2,9
90910,2,800,533,29,13,-7,1,1,1,1,0,0,0,0,286,286,285,289,7,587,3,13
91010,2,800,533,29,13,-7,1,1,1,1,0,0,0,0,291,291,290,294,7,588,2,11
91110,2,800,533,29,13,-7,1,1,1,1,0,0,0,0,296,296,295,299,5,589,0,1
91210,2,800,533,29,13,-7,1,1,1,1,0,0,0,0,301,301,300,304,5,589,-1,0
91310,2,800,0,0,0,0,0,0,0,0,379,372,380,380,302,302,301,305,6,590,1,4
91410,2,800,0,0,0,0,0,0,0,0,500,500,500,500,302,302,301,305,6,591,3,2
91510,2,800,0,0,0,0,3,3,3,3,494,495,494,494,302,302,301,305,6,591,-2,-3
91610,2,800,0,0,0,0,3,3,3,3,499,500,499,500,302,302,301,305,7,592,-1,2
91710,2,800,0,0,0,0,3,3,3,3,495,496,494,495,302,302,301,305,6,593,3,4
91810,2,800,0,0,0,0,3,3,3,3,499,500,499,499,302,302,301,305,6,593,0,4
91910,2,800,0,0,0,0,3,3,3,3,494,495,495,495,302,302,301,305,6,594,2,2
92010,2,-800,0,0,0,0,3,3,3,3,499,500,499,499,302,302,301,305,6,594,0,-2
92110,2,-800,-251,2842,-2551,13,1,1,1,1,496,496,494,495,302,302,301,305,10,595,-80,19
92210,2,-800,-37,-1167,83,-56,1,1,1,1,497,498,497,498,302,302,301,305,8,595,96,41
92310,2,-800,7,-837,21,2,1,1,1,1,497,498,497,497,302,302,301,305,6,596,-7,-5
92410,2,-800,-14,-880,14,-18,1,1,1,1,500,501,500,501,302,302,301,305,6,597,-4,-3
92510,2,-800,-25,-837,-36,14,1,1,1,1,497,498,497,496,302,302,301,305,6,597,-14,-9
92610,2,-800,47,-849,-14,36,1,1,1,1,497,498,496,498,302,302,301,305,6,598,-6,0
92710,2,-800,48,-851,28,28,1,1,1,1,497,497,496,496,302,302,301,305,6,599,12,20
92810,2,-800,26,-797,29,47,1,1,1,1,496,497,496,497,302,302,301,305,6,599,-12,-21
92910,2,-800,36,-871,0,-38,1,1,1,1,497,498,497,497,302,302,301,305,7,600,3,10
93010,2,-800,-26,-828,26,31,1,1,1,1,496,497,496,496,302,302,301,305,7,601,-23,-17
93110,2,-800,-32,-783,-16,0,1,1,1,1,502,502,501,502,302,302,301,305,6,601,-3,4
93210,2,-800,-48,-768,-24,-17,1,1,1,1,496,497,496,496,302,302,301,305,6,602,18,19
93310,2,-800,39,-789,-26,-14,1,1,1,1,497,498,496,498,302,302,301,305,6,602,9,15
93410,2,-800,-19,-813,9,16,1,1,1,1,496,498,496,496,302,302,301,305,7,603,7,0
93510,2,-800,37,-725,37,-9,1,1,1,1,496,496,496,496,302,302,301,305,7,604,0,4
93610,2,-800,-72,-822,-33,-17,1,1,1,1,496,497,496,497,302,302,301,305,7,604,-2,9
93710,2,-800,-24,-854,6,28,1,1,1,1,502,502,501,502,302,302,301,305,6,605,-30,-6
93810,2,-800,-16,-762,9,-19,1,1,1,1,496,497,496,496,302,302,301,305,7,605,30,18
93910,2,-800,-13,-798,58,45,1,1,1,1,497,498,497,497,302,302,301,305,6,606,29,6
94010,0,0,-16,-779,34,-19,0,0,0,0,496,497,495,497,302,302,301,305,6,607,23,5
94110,0,0,51,-34,-56,2,0,0,0,0,496,497,496,496,302,302,301,305,5,607,6,-5
94210,0,0,0,37,22,3,0,0,0,0,500,501,500,500,302,302,301,305,6,608,5,-5
94310,0,0,-13,254,-4,8,0,0,0,0,495,495,494,495,302,302,301,305,7,609,-26,-8
94410,0,0,24,-29,18,12,0,0,0,0,495,497,496,496,302,302,301,305,6,609,-11,7
94510,0,0,-78,-3,-4,0,0,0,0,0,501,501,500,501,302,302,301,305,6,610,-14,1
94610,0,0,-12,-17,-6,9,0,0,0,0,496,496,495,495,302,302,301,305,7,611,9,1
94710,0,0,4,11,9,-4,0,0,0,0,500,501,500,501,302,302,301,305,7,611,-6,0
94810,0,0,-52,-3,-4,2,0,0,0,0,494,496,494,495,302,302,301,305,6,612,-32,-8
94910,0,0,-16,-8,-13,-2,0,0,0,0,496,496,495,495,302,302,301,305,7,612,-5,2
95010,3,800,-52,14,32,6,1,1,1,1,500,501,500,501,302,302,301,305,6,613,-14,0
95110,3,800,-51,-19,855,-9,1,1,1,1,496,497,496,496,302,302,301,305,6,614,27,1
95210,3,800,22,-17,797,3,1,1,1,1,496,496,495,496,302,302,301,305,6,614,7,-9
95310,3,800,-79,-34,801,9,1,1,1,1,500,502,500,501,302,302,301,305,7,615,8,4
95410,3,800,50,-13,787,13,1,1,1,1,496,496,496,496,302,302,301,305,6,616,-14,-17
95510,3,800,-22,-9,834,0,1,1,1,1,497,497,496,497,302,302,301,305,6,616,-12,-4
95610,3,800,-112,2,776,7,1,1,1,1,496,497,495,496,302,302,301,305,7,617,2,-6
95711,3,800,-4,-31,808,0,1,1,1,1,500,501,501,501,302,302,301,305,6,618,-11,-7
95811,3,800,-8,19,1102,18,1,1,1,1,501,502,500,501,302,302,301,305,6,618,8,-3
95911,3,800,9,-13,851,-4,1,1,1,1,495,496,495,496,302,302,301,305,6,619,12,2
96011,3,800,-88,-52,805,24,1,1,1,1,496,497,496,496,302,302,301,305,6,620,-15,-12
96111,3,800,55,-19,822,-8,1,1,1,1,497,497,496,496,302,302,301,305,5,620,7,-1
96211,3,800,-9,37,826,-14,1,1,1,1,500,501,500,501,302,302,301,305,6,621,-31,-13
96311,3,800,42,17,834,4,1,1,1,1,496,498,496,497,302,302,301,305,6,621,25,-9
96411,3,800,11,-22,756,0,1,1,1,1,496,496,495,496,302,302,301,305,6,622,20,6
96511,3,800,-44,65,800,4,1,1,1,1,495,496,495,495,302,302,301,305,5,623,-4,-9
96611,3,800,29,-11,1054,-57,1,1,1,1,501,502,501,501,302,302,301,305,7,623,-6,-1
96711,3,800,-18,6,787,-4,1,1,1,1,496,496,495,496,302,302,301,305,6,624,-24,-13
96811,3,800,31,2,809,1,1,1,1,1,495,497,496,497,302,302,301,305,6,625,-7,7
96911,3,800,1,-3,872,12,1,1,1,1,495,496,494,495,302,302,301,305,7,625,-12,-2
97011,3,-800,-4,-21,667,0,1,1,1,1,500,501,501,500,302,302,301,305,6,626,5,9
97111,3,-800,39,-29,-992,-13,1,1,1,1,496,496,495,496,302,302,301,305,5,626,20,-16
97211,3,-800,66,-19,-834,4,1,1,1,1,496,498,496,497,302,302,301,305,6,627,-9,-16
97311,3,-800,-3,-12,-813,-12,1,1,1,1,496,497,496,496,302,302,301,305,6,628,17,-12
97411,3,-800,12,-17,-797,-44,1,1,1,1,496,497,496,497,302,302,301,305,5,628,17,4
97511,3,-800,26,0,-834,14,1,1,1,1,496,497,496,496,302,302,301,305,6,629,19,7
97611,3,-800,14,-14,-842,-14,1,1,1,1,500,502,500,501,302,302,301,305,5,630,26,5
97711,3,-800,14,-8,-775,14,1,1,1,1,496,497,496,496,302,302,301,305,6,630,23,11
97811,3,-800,19,16,-855,1,1,1,1,1,496,497,495,496,302,302,301,305,6,631,31,12
97911,3,-800,-8,-17,-842,0,1,1,1,1,495,497,496,496,302,302,301,305,6,631,12,7
98012,3,-800,-4,-76,-783,14,1,1,1,1,501,502,500,501,302,302,301,305,6,632,-4,-4
98112,3,-800,-42,-26,-812,-26,1,1,1,1,501,502,501,501,302,302,301,305,6,633,13,17
98212,3,-800,22,-33,-704,26,1,1,1,1,497,497,497,497,302,302,301,305,6,633,4,-12
98312,3,-800,12,-22,-850,-9,1,1,1,1,496,497,496,497,302,302,301,305,6,634,-16,-5
98412,3,-800,-64,9,-810,13,1,1,1,1,496,498,496,497,302,302,301,305,5,635,1,0
98512,3,-800,28,-37,-845,-2,1,1,1,1,496,496,496,496,302,302,301,305,7,635,-7,-9
98612,3,-800,-9,-66,-813,4,1,1,1,1,496,498,496,496,302,302,301,305,6,636,-4,-2
98713,3,-800,-63,-9,-833,0,1,1,1,1,501,502,501,501,302,302,301,305,6,637,-1,0
98813,3,-800,13,-26,-783,4,1,1,1,1,500,502,500,501,302,302,301,305,7,637,-1,0
98913,3,-800,-6,25,-783,8,1,1,1,1,496,496,496,496,302,302,301,305,6,638,-1,2
99013,0,0,-62,45,-753,4,0,0,0,0,495,497,495,496,302,302,301,305,7,638,0,0
99113,0,0,14,7,1,13,0,0,0,0,500,500,500,500,302,302,301,305,6,639,1,0
99213,0,0,-79,9,-11,-1,0,0,0,0,494,495,493,494,302,302,301,305,6,640,-1,0
99313,0,0,-55,4,44,-17,0,0,0,0,494,496,495,495,302,302,301,305,6,640,2,0
99413,0,0,-42,0,-32,28,0,0,0,0,500,500,499,500,302,302,301,305,6,641,1,1
99513,0,0,-18,-31,-24,-11,0,0,0,0,494,496,495,495,302,302,301,305,6,641,-1,1
99613,0,0,-38,11,-51,7,0,0,0,0,501,501,500,501,302,302,301,305,6,642,1,0
99713,0,0,-1,9,-6,8,0,0,0,0,495,496,495,495,302,302,301,305,5,643,0,1
99813,0,0,-31,22,-7,19,0,0,0,0,498,500,499,499,302,302,301,305,6,643,2,0
99913,0,0,-4,50,4,-8,0,0,0,0,495,495,494,495,302,302,301,305,5,644,-3,-3
100013,4,800,7,21,-35,101,1,1,1,1,495,496,495,495,302,302,301,305,6,645,-14,-17
100113,4,800,9,-21,-14,903,1,1,1,1,501,502,500,502,302,302,301,305,6,645,21,9
100213,4,800,2,-29,70,807,1,1,1,1,495,497,496,496,302,302,301,305,6,646,10,-2
100313,4,800,-41,-14,-59,818,1,1,1,1,496,497,496,496,302,302,301,305,6,647,18,1
100413,4,800,82,25,0,752,1,1,1,1,496,497,496,496,302,302,301,305,7,647,-2,-1
100514,4,800,32,-38,-19,810,1,1,1,1,501,501,500,501,302,302,301,305,6,648,1,-3
100614,4,800,33,9,-2,729,1,1,1,1,500,502,501,501,302,302,301,305,6,648,6,4
100714,4,800,-33,31,0,818,1,1,1,1,495,496,495,496,302,302,301,305,6,649,4,3
100814,4,800,29,12,-22,851,1,1,1,1,496,496,495,496,302,302,301,305,6,650,10,7
100915,4,800,-14,4,32,905,1,1,1,1,500,501,500,500,302,302,301,305,6,650,13,0
101015,4,800,-8,-7,17,776,1,1,1,1,500,501,500,501,302,302,301,305,6,651,-9,-5
101115,4,800,-50,-42,17,821,1,1,1,1,496,497,496,495,302,302,301,305,6,652,-5,-1
101215,4,800,-3,-19,39,777,1,1,1,1,496,497,496,497,302,302,301,305,6,652,-3,-5
101315,4,800,24,18,14,821,1,1,1,1,495,497,496,496,302,302,301,305,6,653,19,3
101415,4,800,-44,21,-1,810,1,1,1,1,501,501,500,501,302,302,301,305,6,654,-17,-5
101515,4,800,38,-25,35,789,1,1,1,1,496,497,496,496,302,302,301,305,6,654,7,7
101615,4,800,-34,-26,-7,749,1,1,1,1,495,496,495,496,302,302,301,305,6,655,24,10
101715,4,800,-19,-19,-41,778,1,1,1,1,497,497,496,497,302,302,301,305,6,655,-8,2
101815,4,800,-2,11,72,769,1,1,1,1,496,497,496,496,302,302,301,305,6,656,2,-1
101915,4,800,50,-22,-29,787,1,1,1,1,500,502,500,501,302,302,301,305,6,657,11,3
102015,4,-800,-18,26,-1,207,1,1,1,1,496,497,496,496,302,302,301,305,7,657,-5,-4
102115,4,-800,22,-17,21,-949,1,1,1,1,496,496,496,497,302,302,301,305,6,658,36,6
102215,4,-800,16,-33,-32,-772,1,1,1,1,496,497,496,496,302,302,301,305,6,659,0,-2
102315,4,-800,-8,-28,9,-833,1,1,1,1,497,498,496,497,302,302,301,305,6,659,-12,-4
102415,4,-800,42,14,11,-987,1,1,1,1,496,497,496,497,302,302,301,305,6,660,16,4
102515,4,-800,-91,-53,9,-820,1,1,1,1,496,497,496,496,302,302,301,305,6,660,8,0
102615,4,-800,14,-25,-22,-785,1,1,1,1,501,502,501,501,302,302,301,305,5,661,9,5
102715,4,-800,11,50,-56,-828,1,1,1,1,496,497,496,497,302,302,301,305,6,662,2,0
102815,4,-800,25,31,13,-826,1,1,1,1,496,497,496,496,302,302,301,305,6,662,-1,-1
102915,4,-800,95,26,-37,-785,1,1,1,1,496,497,496,497,302,302,301,305,7,663,-4,-1
103015,4,-800,-71,253,-45,-839,1,1,1,1,497,497,496,497,302,302,301,305,6,664,-6,-5
103115,4,-800,-11,25,16,-789,1,1,1,1,497,498,497,497,302,302,301,305,6,664,12,1
103215,4,-800,34,-14,29,-867,1,1,1,1,496,497,496,497,302,302,301,305,6,665,20,9
103315,4,-800,-9,-19,28,-785,1,1,1,1,501,502,501,501,302,302,301,305,6,666,-11,-1
103415,4,-800,9,4,-48,-872,1,1,1,1,497,498,496,497,302,302,301,305,6,666,-8,0
103515,4,-800,-91,-4,38,-801,1,1,1,1,496,497,496,496,302,302,301,305,6,667,5,8
103615,4,-800,-62,79,21,-821,1,1,1,1,496,496,496,497,302,302,301,305,6,668,-13,0
103715,4,-800,14,-4,18,-793,1,1,1,1,496,497,496,496,302,302,301,305,6,668,7,0
103815,4,-800,-4,25,-37,-795,1,1,1,1,495,497,495,496,302,302,301,305,6,669,-3,0
103915,4,-800,-33,7,-24,-800,1,1,1,1,501,501,501,501,302,302,301,305,6,669,5,-1
104015,0,0,38,-36,56,-706,0,0,0,0,496,497,495,496,302,302,301,305,6,670,-16,-4
104115,0,0,18,-8,-22,13,0,0,0,0,495,497,496,496,302,302,301,305,6,671,9,1
104215,0,0,-14,13,25,-1,0,0,0,0,495,495,494,495,302,302,301,305,6,671,-4,-1
104315,0,0,-7,22,-14,-6,0,0,0,0,500,501,500,500,302,302,301,305,6,672,1,1
104415,0,0,-45,-9,31,-19,0,0,0,0,495,495,494,495,302,302,301,305,7,673,0,0
104515,0,0,-76,-19,24,16,0,0,0,0,495,496,495,495,302,302,301,305,6,673,1,2
104615,0,0,-37,45,52,-13,0,0,0,0,499,500,499,500,302,302,301,305,6,674,0,2
104715,0,0,-56,-29,44,7,0,0,0,0,495,496,495,495,302,302,301,305,5,674,-1,1
104815,0,0,11,31,2,-4,0,0,0,0,495,495,494,495,302,302,301,305,6,675,-1,1
104915,0,0,25,-22,28,0,0,0,0,0,499,500,499,500,302,302,301,305,6,676,-1,0
105015,1,800,-168,21,-26,0,1,1,1,1,494,496,495,495,302,302,301,305,6,676,14,-3
105115,1,800,878,-8,-6,39,1,1,1,1,501,501,500,501,302,302,301,305,6,677,-8,-3
105215,1,800,804,-6,-45,-9,1,1,1,1,496,497,496,495,302,302,301,305,7,678,11,6
105315,1,800,863,11,-16,-26,1,1,1,1,495,496,495,496,302,302,301,305,5,678,-2,1
105415,1,800,839,-42,-1,0,1,1,1,1,496,496,495,496,302,302,301,305,5,679,9,-1
105515,1,800,812,39,-2,-4,1,1,1,1,496,497,496,497,302,302,301,305,6,680,1,-2
105615,1,800,835,26,-2,7,1,1,1,1,500,501,500,500,302,302,301,305,6,680,15,3
105715,1,800,821,-87,-42,-9,1,1,1,1,496,496,495,496,302,302,301,305,6,681,-2,1
105815,1,800,829,-24,-31,-4,1,1,1,1,496,497,496,497,302,302,301,305,5,682,0,0
105915,1,800,785,-21,3,-7,1,1,1,1,496,496,495,495,302,302,301,305,6,682,19,8
106015,1,800,807,-39,29,-22,1,1,1,1,500,502,501,501,302,302,301,305,6,683,-5,-1
106115,1,800,824,-35,-13,-4,1,1,1,1,496,497,496,497,302,302,301,305,6,683,-1,0
106215,1,800,785,-4,-37,3,1,1,1,1,496,496,495,496,302,302,301,305,7,684,-4,-2
106315,1,800,824,-37,-7,11,1,1,1,1,496,497,496,496,302,302,301,305,6,685,9,1
106415,1,800,826,-18,68,64,1,1,1,1,496,497,496,496,302,302,301,305,6,685,-9,-8
106515,1,800,822,59,-3,-12,1,1,1,1,501,501,501,501,302,302,301,305,6,686,18,8
106615,1,800,777,-29,7,-22,1,1,1,1,496,497,495,496,302,302,301,305,6,687,5,0
106715,1,800,810,18,7,13,1,1,1,1,496,497,496,497,302,302,301,305,6,687,-5,0
106815,1,800,796,-17,1,-16,1,1,1,1,495,496,495,495,302,302,301,305,6,688,1,4
106915,1,800,756,-6,6,37,1,1,1,1,500,501,500,501,302,302,301,305,7,688,-14,-4
107015,1,-800,397,4,-19,4,1,1,1,1,496,497,496,496,302,302,301,305,7,689,-5,-2
107115,1,-800,-922,-17,-33,-29,1,1,1,1,496,496,495,496,302,302,301,305,6,690,7,5
107215,1,-800,-900,-26,1,26,1,1,1,1,496,497,496,497,302,302,301,305,6,690,4,0
107315,1,-800,-900,-22,-6,26,1,1,1,1,495,496,496,496,302,302,301,305,7,691,4,4
107415,1,-800,-943,-28,4,-1,1,1,1,1,501,501,500,501,302,302,301,305,6,692,-1,0
107515,1,-800,-845,12,0,-2,1,1,1,1,496,497,496,496,302,302,301,305,6,692,-3,5
107615,1,-800,-828,-39,37,-22,1,1,1,1,495,496,495,496,302,302,301,305,6,693,5,8
107715,1,-800,-778,-8,-8,-17,1,1,1,1,496,497,496,496,302,302,301,305,6,693,-10,-1
107815,1,-800,-764,-16,14,14,1,1,1,1,497,497,496,497,302,302,301,305,6,694,-5,-3
107916,1,-800,-799,1,9,-9,1,1,1,1,501,503,502,502,302,302,301,305,6,695,-10,-7
108016,1,-800,-814,9,6,29,1,1,1,1,501,501,500,501,302,302,301,305,6,695,8,2
108116,1,-800,-847,24,18,-13,1,1,1,1,496,496,496,496,302,302,301,305,5,696,8,0
108216,1,-800,-920,-26,-32,33,1,1,1,1,496,498,496,497,302,302,301,305,7,697,2,3
108316,1,-800,-791,37,32,-14,1,1,1,1,496,497,496,496,302,302,301,305,6,697,-2,1
108416,1,-800,-776,-58,57,-8,1,1,1,1,496,496,496,496,302,302,301,305,7,698,3,6
108516,1,-800,-843,-14,19,8,1,1,1,1,501,502,500,502,302,302,301,305,5,699,-7,-3
108616,1,-800,-801,-6,34,4,1,1,1,1,496,497,496,496,302,302,301,305,6,699,2,0
108716,1,-800,-687,39,-14,-3,1,1,1,1,495,496,496,496,302,302,301,305,5,700,-6,-6
108816,1,-800,-803,37,-68,-14,1,1,1,1,497,498,496,497,302,302,301,305,7,701,14,5
108916,1,-800,-781,-55,-14,19,1,1,1,1,496,497,496,497,302,302,301,305,7,701,2,2
109016,0,0,-847,36,-2,12,0,0,0,0,496,496,496,496,302,302,301,305,6,702,5,6
109116,0,0,34,58,-9,18,0,0,0,0,500,501,500,500,302,302,301,305,7,703,3,2
109216,0,0,31,31,4,-1,0,0,0,0,495,496,494,495,302,302,301,305,6,703,-1,-1
109316,0,0,41,13,-44,-7,0,0,0,0,495,495,495,495,302,302,301,305,6,704,-2,0
109416,0,0,-29,16,-8,-19,0,0,0,0,500,501,500,501,302,302,301,305,6,705,-1,-1
109516,0,0,68,13,8,-33,0,0,0,0,495,497,495,496,302,302,301,305,7,705,0,-4
109616,0,0,0,4,-1,7,0,0,0,0,495,495,495,495,302,302,301,305,6,706,0,-4
109716,0,0,9,-35,16,6,0,0,0,0,499,500,499,500,302,302,301,305,6,706,0,-1
109816,0,0,22,-4,9,-2,0,0,0,0,495,496,495,495,302,302,301,305,6,707,0,0
109916,0,0,-8,19,-8,-36,0,0,0,0,500,500,499,500,302,302,301,305,6,708,1,1
110016,2,800,-41,280,-19,7,1,1,1,1,495,496,495,495,302,302,301,305,7,708,10,11
110116,2,800,-26,900,0,-8,1,1,1,1,495,497,495,496,302,302,301,305,5,709,-11,-4
110216,2,800,6,863,2,3,1,1,1,1,501,502,501,501,302,302,301,305,6,710,9,10
110316,2,800,19,872,-22,-12,1,1,1,1,495,496,494,496,302,302,301,305,6,710,-2,-4
110416,2,800,1,785,29,-26,1,1,1,1,496,497,496,496,302,302,301,305,6,711,14,4
110516,2,800,68,714,-4,-9,1,1,1,1,501,501,501,501,302,302,301,305,6,711,-22,0
110616,2,800,22,741,14,7,1,1,1,1,495,496,495,496,302,302,301,305,6,712,11,3
110716,2,800,58,689,25,-9,1,1,1,1,495,497,495,496,302,302,301,305,5,713,-14,-3
110816,2,800,-38,760,0,26,1,1,1,1,496,496,496,496,302,302,301,305,6,713,-2,0
110916,2,800,-9,762,-31,-11,1,1,1,1,500,501,500,501,302,302,301,305,6,714,-24,-7
111016,2,800,-48,719,-9,-52,1,1,1,1,496,497,496,496,302,302,301,305,6,715,5,4
111116,2,800,61,814,-22,-14,1,1,1,1,495,496,495,496,302,302,301,305,6,715,-11,0
111216,2,800,-32,783,35,-4,1,1,1,1,496,497,496,496,302,302,301,305,6,716,14,2
111316,2,800,-17,754,9,-4,1,1,1,1,496,496,495,496,302,302,301,305,7,716,13,4
111416,2,800,-26,846,-19,-14,1,1,1,1,500,502,501,501,302,302,301,305,6,717,-19,-2
111516,2,800,-17,748,-26,-2,1,1,1,1,497,498,496,497,302,302,301,305,6,718,16,10
111616,2,800,-26,797,42,-12,1,1,1,1,496,496,496,496,302,302,301,305,6,718,-15,-3
111716,2,800,-16,800,-25,19,1,1,1,1,496,497,496,497,302,302,301,305,5,719,-7,-1
111816,2,800,-24,764,-9,24,1,1,1,1,496,497,496,496,302,302,301,305,5,720,-4,1
111916,2,800,4,739,-50,29,1,1,1,1,495,497,495,496,302,302,301,305,6,720,-2,-1
112016,2,-800,7,311,65,-22,1,1,1,1,501,501,501,501,302,302,301,305,7,721,-32,2
112116,2,-800,56,-899,14,6,1,1,1,1,496,497,496,497,302,302,301,305,6,722,-26,-13
112216,2,-800,36,-829,4,-22,1,1,1,1,496,498,496,496,302,302,301,305,5,722,-4,0
112316,2,-800,31,-845,-2,1,1,1,1,1,496,496,496,497,302,302,301,305,6,723,20,4
112416,2,-800,14,-769,29,-3,1,1,1,1,496,497,495,496,302,302,301,305,6,723,-4,0
112516,2,-800,19,-816,22,0,1,1,1,1,501,502,501,501,302,302,301,305,6,724,6,5
112616,2,-800,-16,-826,1,-29,1,1,1,1,495,496,495,496,302,302,301,305,6,725,-1,-1
112716,2,-800,-9,-746,17,-13,1,1,1,1,496,497,496,496,302,302,301,305,6,725,11,3
112816,2,-800,-14,-537,-48,4,1,1,1,1,497,497,496,497,302,302,301,305,7,726,1,4
112916,2,-800,47,-787,-48,-42,1,1,1,1,496,497,496,496,302,302,301,305,6,727,-6,2
113016,2,-800,12,-796,4,3,1,1,1,1,496,497,496,497,302,302,301,305,6,727,-24,-13
113116,2,-800,8,-867,-33,16,1,1,1,1,501,503,501,501,302,302,301,305,6,728,-8,-5
113216,2,-800,-33,-770,-9,9,1,1,1,1,496,497,496,497,302,302,301,305,6,728,1,0
113316,2,-800,-39,-789,-97,-17,1,1,1,1,496,496,495,496,302,302,301,305,6,729,2,-1
113416,2,-800,-29,-780,-14,-13,1,1,1,1,496,498,496,497,302,302,301,305,6,730,0,-3
113516,2,-800,-16,-859,38,-6,1,1,1,1,497,497,496,496,302,302,301,305,6,730,-4,-3
113616,2,-800,31,-897,0,-2,1,1,1,1,496,497,496,497,302,302,301,305,6,731,-2,-1
113716,2,-800,-22,-751,42,-7,1,1,1,1,501,501,501,501,302,302,301,305,7,732,5,5
113816,2,-800,17,-789,4,-26,1,1,1,1,495,497,495,496,302,302,301,305,7,732,-6,0
113916,2,-800,19,-760,-28,-13,1,1,1,1,496,497,496,496,302,302,301,305,7,733,-5,2
114016,0,0,-79,-619,-26,3,0,0,0,0,496,497,496,497,302,302,301,305,6,734,9,3
114116,0,0,-48,-13,-31,-11,0,0,0,0,496,496,495,496,302,302,301,305,6,734,1,2
114216,0,0,22,22,-14,13,0,0,0,0,500,501,501,501,302,302,301,305,6,735,2,0
114316,0,0,-36,-16,29,-2,0,0,0,0,495,496,494,495,302,302,301,305,6,735,-1,-2
114416,0,0,-48,-31,51,-2,0,0,0,0,496,497,496,496,302,302,301,305,6,736,-2,-2
114516,0,0,34,-12,-7,4,0,0,0,0,495,496,495,496,302,302,301,305,6,737,0,-2
114616,0,0,7,16,48,-22,0,0,0,0,500,501,500,500,302,302,301,305,7,737,0,-2
114716,0,0,-26,-24,6,-6,0,0,0,0,495,496,495,496,302,302,301,305,6,738,1,-3
114816,0,0,-44,11,3,-24,0,0,0,0,500,501,499,500,302,302,301,305,6,739,1,1
114916,0,0,36,-14,8,11,0,0,0,0,495,496,495,495,302,302,301,305,6,739,1,0
115016,3,800,9,-31,317,-12,1,1,1,1,494,496,494,495,302,302,301,305,7,740,-17,2
115116,3,800,14,36,884,7,1,1,1,1,501,501,501,501,302,302,301,305,7,741,22,14
115216,3,800,29,17,725,14,1,1,1,1,495,497,495,496,302,302,301,305,6,741,-20,-5
115316,3,800,-18,-19,854,-3,1,1,1,1,496,496,496,496,302,302,301,305,6,742,8,0
115416,3,800,-29,38,779,-7,1,1,1,1,496,497,495,496,302,302,301,305,5,742,4,0
115516,3,800,9,28,749,13,1,1,1,1,500,501,500,501,302,302,301,305,5,743,1,-1
115616,3,800,14,14,809,3,1,1,1,1,495,496,495,496,302,302,301,305,6,744,-10,-7
115716,3,800,45,-4,826,0,1,1,1,1,495,497,495,495,302,302,301,305,6,744,8,5
115816,3,800,25,-37,876,-12,1,1,1,1,500,500,500,501,302,302,301,305,6,745,0,0
115916,3,800,-24,9,817,-12,1,1,1,1,496,497,496,496,302,302,301,305,6,746,-5,-2
116016,3,800,45,16,754,-1,1,1,1,1,496,497,495,496,302,302,301,305,6,746,-5,0
116116,3,800,2,-31,789,0,1,1,1,1,495,496,495,496,302,302,301,305,7,747,0,2
116216,3,800,41,-14,756,7,1,1,1,1,500,501,500,500,302,302,301,305,6,748,-2,-1
116316,3,800,29,25,772,32,1,1,1,1,495,496,496,496,302,302,301,305,6,748,8,1
116416,3,800,47,29,892,-14,1,1,1,1,496,496,494,495,302,302,301,305,6,749,7,5
116516,3,800,-55,29,762,-3,1,1,1,1,495,497,496,497,302,302,301,305,6,749,-4,-1
116616,3,800,32,13,818,-6,1,1,1,1,501,502,501,501,302,302,301,305,6,750,1,6
116716,3,800,-33,0,874,-28,1,1,1,1,495,496,495,495,302,302,301,305,6,751,1,0
116816,3,800,53,8,797,9,1,1,1,1,496,497,495,496,302,302,301,305,6,751,3,0
116916,3,800,-2,-11,737,-3,1,1,1,1,499,500,500,501,302,302,301,305,5,752,-9,-3
117016,3,-800,19,59,152,-3,1,1,1,1,496,497,496,496,302,302,301,305,5,753,6,12
117116,3,-800,14,-74,-866,24,1,1,1,1,496,497,495,496,302,302,301,305,6,753,-7,-6
117216,3,-800,-19,12,-838,-1,1,1,1,1,496,497,497,497,302,302,301,305,6,754,-6,-7
117316,3,-800,19,-21,-567,-9,1,1,1,1,497,498,496,496,302,302,301,305,6,755,-14,-6
117416,3,-800,-29,29,-809,9,1,1,1,1,496,497,496,497,302,302,301,305,7,755,0,0
117516,3,-800,24,-2,-818,-7,1,1,1,1,501,501,500,501,302,302,301,305,6,756,5,1
117616,3,-800,34,33,-841,-19,1,1,1,1,495,497,496,496,302,302,301,305,7,756,-9,-2
117716,3,-800,8,-36,-847,-4,1,1,1,1,497,497,496,496,302,302,301,305,7,757,-9,-4
117816,3,-800,0,-47,-808,-26,1,1,1,1,496,497,496,497,302,302,301,305,6,758,-18,-13
117916,3,-800,-1,6,-842,8,1,1,1,1,497,498,497,497,302,302,301,305,5,758,-2,-6
118016,3,-800,-4,-17,-822,-13,1,1,1,1,495,496,495,496,302,302,301,305,7,759,3,0
118116,3,-800,-9,7,-436,0,1,1,1,1,502,502,501,502,302,302,301,305,5,760,-2,-5
118216,3,-800,-29,-53,-872,-11,1,1,1,1,495,497,496,496,302,302,301,305,6,760,1,-7
118316,3,-800,36,25,-801,8,1,1,1,1,497,497,496,497,302,302,301,305,5,761,-4,-3
118416,3,-800,41,63,-817,4,1,1,1,1,496,497,496,496,302,302,301,305,6,762,-11,-4
118516,3,-800,-51,14,-884,-3,1,1,1,1,496,496,496,496,302,302,301,305,6,762,-6,-1
118616,3,-800,-12,-56,-749,-24,1,1,1,1,496,497,496,497,302,302,301,305,6,763,0,8
118716,3,-800,31,4,-789,-7,1,1,1,1,502,502,501,501,302,302,301,305,6,763,-1,4
118816,3,-800,-45,-39,-770,7,1,1,1,1,495,497,495,496,302,302,301,305,6,764,7,1
118916,3,-800,-19,13,-816,39,1,1,1,1,496,496,496,496,302,302,301,305,6,765,2,2
119016,0,0,-50,-8,-752,-12,0,0,0,0,496,497,495,496,302,302,301,305,6,765,-14,-3
119116,0,0,12,-19,36,3,0,0,0,0,496,496,496,496,302,302,301,305,6,766,-4,-2
119216,0,0,-26,9,14,32,0,0,0,0,499,501,499,501,302,302,301,305,6,766,0,-3
119316,0,0,-8,0,1,6,0,0,0,0,495,495,495,495,302,302,301,305,6,767,-2,-2
119416,0,0,7,-69,-26,-17,0,0,0,0,499,500,498,499,302,302,301,305,6,768,0,-1
119516,0,0,0,-18,-4,29,0,0,0,0,495,496,495,495,302,302,301,305,6,768,1,-4
119616,0,0,-6,-21,-12,-12,0,0,0,0,495,496,495,495,302,302,301,305,6,769,0,-4
119716,0,0,-32,3,4,1,0,0,0,0,500,501,500,501,302,302,301,305,6,770,0,-3
119816,0,0,-28,4,-18,-6,0,0,0,0,495,495,494,495,302,302,301,305,6,770,3,4
119916,0,0,26,29,-38,19,0,0,0,0,500,501,500,500,302,302,301,305,6,771,2,1
120016,4,800,74,-96,-24,274,1,1,1,1,495,496,494,496,302,302,301,305,6,772,-3,3
120116,4,800,-66,-34,-35,847,1,1,1,1,495,496,496,496,302,302,301,305,6,772,-12,-2
120216,4,800,9,16,-3,807,1,1,1,1,497,497,496,496,302,302,301,305,7,773,-5,-2
120316,4,800,95,-9,37,842,1,1,1,1,495,497,495,496,302,302,301,305,6,774,-5,-1
120416,4,800,-66,4,-17,780,1,1,1,1,501,501,501,502,302,302,301,305,6,774,7,0
120516,4,800,-52,17,-24,809,1,1,1,1,495,497,495,495,302,302,301,305,7,775,-6,-5
120616,4,800,-35,42,-26,824,1,1,1,1,497,497,496,497,302,302,301,305,6,776,0,-4
120716,4,800,42,1,50,779,1,1,1,1,495,496,496,496,302,302,301,305,6,776,9,-2
120816,4,800,13,11,25,789,1,1,1,1,496,496,495,496,302,302,301,305,6,777,-13,-10
120916,4,800,19,6,-59,785,1,1,1,1,501,503,501,501,302,302,301,305,6,777,5,0
121016,4,800,3,42,-26,793,1,1,1,1,495,496,495,496,302,302,301,305,7,778,0,2
121116,4,800,-44,4,-12,809,1,1,1,1,496,496,495,496,302,302,301,305,7,779,12,10
121216,4,800,-14,0,4,797,1,1,1,1,496,497,496,496,302,302,301,305,7,779,11,4
121316,4,800,29,13,1,787,1,1,1,1,500,501,500,501,302,302,301,305,6,780,-10,-2
121416,4,800,42,-19,-13,828,1,1,1,1,495,496,496,496,302,302,301,305,5,781,-12,-6
121516,4,800,-39,-18,-32,800,1,1,1,1,497,497,496,497,302,302,301,305,6,781,3,-1
121616,4,800,16,-93,2,567,1,1,1,1,496,497,496,496,302,302,301,305,6,782,-8,-5
121716,4,800,38,-11,-19,841,1,1,1,1,496,497,495,496,302,302,301,305,6,782,-6,-6
121816,4,800,-39,-25,8,764,1,1,1,1,501,502,502,502,302,302,301,305,6,783,1,-4
121916,4,800,-66,11,62,796,1,1,1,1,496,497,495,497,302,302,301,305,6,784,13,4
122016,4,-800,22,21,-14,257,1,1,1,1,496,496,496,496,302,302,301,305,7,784,35,11
122116,4,-800,66,-32,-28,-971,1,1,1,1,496,497,496,496,302,302,301,305,6,785,3,-2
122216,4,-800,-4,-79,-48,-737,1,1,1,1,496,497,496,497,302,302,301,305,6,786,-2,-5
122316,4,-800,-48,28,6,-762,1,1,1,1,497,498,496,497,302,302,301,305,6,786,-24,-6
122416,4,-800,56,0,-18,-843,1,1,1,1,496,497,497,497,302,302,301,305,6,787,-22,-7
122516,4,-800,-29,-33,24,-754,1,1,1,1,502,502,501,501,302,302,301,305,5,788,22,5
122616,4,-800,-133,41,8,-779,1,1,1,1,496,497,496,497,302,302,301,305,6,788,-12,-4
122716,4,-800,0,48,-36,-776,1,1,1,1,496,498,496,497,302,302,301,305,6,789,-9,-3
122816,4,-800,64,89,-24,-764,1,1,1,1,497,497,496,497,302,302,301,305,6,789,4,-1
122916,4,-800,-52,6,26,-764,1,1,1,1,496,497,496,496,302,302,301,305,7,790,10,4
123016,4,-800,55,-29,22,-770,1,1,1,1,495,496,496,496,302,302,301,305,7,791,0,5
123116,4,-800,-25,-39,-2,-766,1,1,1,1,501,502,501,502,302,302,301,305,6,791,15,8
123216,4,-800,-22,29,6,-798,1,1,1,1,497,497,496,496,302,302,301,305,7,792,14,3
123316,4,-800,-63,0,-29,-781,1,1,1,1,495,497,495,496,302,302,301,305,6,793,-5,-5
123416,4,-800,6,-16,-75,-796,1,1,1,1,496,497,496,497,302,302,301,305,6,793,2,-5
123516,4,-800,-24,0,4,-808,1,1,1,1,497,497,496,496,302,302,301,305,6,794,-8,-1
123616,4,-800,50,-38,36,-805,1,1,1,1,496,496,496,497,302,302,301,305,6,794,7,4
123716,4,-800,0,8,8,-766,1,1,1,1,501,502,501,501,302,302,301,305,7,795,-6,0
123816,4,-800,-61,25,16,-845,1,1,1,1,495,496,495,496,302,302,301,305,6,796,20,9
123916,4,-800,25,35,-22,-381,1,1,1,1,496,497,496,496,302,302,301,305,6,796,5,3
124016,0,0,-33,11,-2,-696,0,0,0,0,496,497,495,497,302,302,301,305,6,797,4,8
124116,0,0,3,-11,-44,17,0,0,0,0,500,501,501,500,302,302,301,305,6,798,-1,1
124216,0,0,-22,-2,9,-31,0,0,0,0,495,496,495,496,302,302,301,305,6,798,-2,0
124316,0,0,-16,4,-1,2,0,0,0,0,495,496,494,495,302,302,301,305,6,799,-1,-1
124416,0,0,-26,26,17,32,0,0,0,0,500,500,500,500,302,302,301,305,6,800,-1,-1
124516,0,0,-52,-9,-1,-26,0,0,0,0,495,496,495,495,302,302,301,305,6,800,0,-1
124616,0,0,34,34,-1,-18,0,0,0,0,495,496,495,496,302,302,301,305,6,801,0,-3
124716,0,0,26,12,-2,-35,0,0,0,0,500,501,500,500,302,302,301,305,6,801,-1,0
124816,0,0,-19,14,-3,29,0,0,0,0,495,496,494,495,302,302,301,305,6,802,1,0
124916,0,0,48,14,4,-9,0,0,0,0,495,496,495,496,302,302,301,305,6,803,1,-1
125016,1,800,209,-7,42,-29,1,1,1,1,500,501,500,500,302,302,301,305,6,803,3,2
125116,1,800,857,101,-19,0,1,1,1,1,496,496,495,496,302,302,301,305,5,804,-8,-2
125216,1,800,843,-71,-24,-18,1,1,1,1,496,497,496,496,302,302,301,305,6,805,16,7
125316,1,800,735,52,3,6,1,1,1,1,496,497,496,497,302,302,301,305,6,805,-9,2
125416,1,800,783,1,33,13,1,1,1,1,500,501,501,500,302,302,301,305,6,806,3,0
125516,1,800,766,31,0,21,1,1,1,1,495,496,495,496,302,302,301,305,6,807,-14,-5
125616,1,800,807,31,-9,-26,1,1,1,1,496,497,496,496,302,302,301,305,6,807,-6,-2
125716,1,800,789,-11,51,-47,1,1,1,1,501,502,501,502,302,302,301,305,6,808,-16,-13
125816,1,800,683,-13,-13,-12,1,1,1,1,497,497,496,497,302,302,301,305,7,809,-5,-5
125916,1,800,775,52,22,0,1,1,1,1,497,498,497,497,302,302,301,305,6,809,0,-2
126016,1,800,855,42,71,17,1,1,1,1,495,496,495,495,302,302,301,305,6,810,11,-2
126116,1,800,783,-29,7,-16,1,1,1,1,496,497,496,497,302,302,301,305,7,810,-7,-4
126216,1,800,883,58,-45,39,1,1,1,1,501,502,501,501,302,302,301,305,6,811,6,4
126316,1,800,807,-69,-24,-29,1,1,1,1,495,496,495,496,302,302,301,305,7,812,0,5
126416,1,800,897,14,-8,18,1,1,1,1,496,497,496,496,302,302,301,305,5,812,6,1
126516,1,800,812,2,16,8,1,1,1,1,496,497,495,496,302,302,301,305,6,813,17,4
126616,1,800,394,11,-25,-53,1,1,1,1,500,501,500,501,302,302,301,305,6,814,-4,-6
126716,1,800,801,36,-33,7,1,1,1,1,496,497,496,496,302,302,301,305,5,814,2,-2
126816,1,800,814,-2,-100,-26,1,1,1,1,496,497,495,496,302,302,301,305,6,815,11,0
126916,1,800,814,-45,28,-22,1,1,1,1,496,497,497,497,302,302,301,305,6,815,-2,2
127016,1,-800,237,18,9,-17,1,1,1,1,501,502,501,501,302,302,301,305,7,816,-36,1
127116,1,-800,-943,-22,29,22,1,1,1,1,496,498,496,497,302,302,301,305,7,817,21,11
127216,1,-800,-859,-52,-4,-14,1,1,1,1,497,498,496,497,302,302,301,305,6,817,5,2
127316,1,-800,-801,-16,-17,26,1,1,1,1,497,497,496,497,302,302,301,305,6,818,-8,-7
127416,1,-800,-783,-12,-51,-61,1,1,1,1,496,498,497,497,302,302,301,305,7,819,-7,-3
127516,1,-800,-755,42,-82,17,1,1,1,1,497,498,497,497,302,302,301,305,6,819,0,5
127616,1,-800,-808,-14,47,-3,1,1,1,1,496,497,496,497,302,302,301,305,6,820,9,5
127716,1,-800,-757,4,19,-19,1,1,1,1,502,502,501,502,302,302,301,305,7,821,-4,0
127816,1,-800,-667,-39,16,25,1,1,1,1,496,497,496,496,302,302,301,305,6,821,9,-2
127916,1,-800,-847,-72,-17,48,1,1,1,1,496,498,496,497,302,302,301,305,7,822,4,-2
128016,1,-800,-833,-19,-52,24,1,1,1,1,497,498,497,497,302,302,301,305,6,822,-8,-2
128116,1,-800,-739,7,48,2,1,1,1,1,497,498,496,498,302,302,301,305,6,823,-5,3
128216,1,-800,-798,-21,24,-14,1,1,1,1,496,496,496,496,302,302,301,305,6,824,-3,1
128316,1,-800,-891,48,-26,-4,1,1,1,1,501,503,501,502,302,302,301,305,6,824,4,1
128416,1,-800,-750,29,19,-52,1,1,1,1,496,497,496,497,302,302,301,305,6,825,-1,-2
128516,1,-800,-842,-36,9,4,1,1,1,1,497,498,497,497,302,302,301,305,7,826,9,1
128616,1,-800,-766,19,9,8,1,1,1,1,496,497,496,496,302,302,301,305,6,826,-12,-6
128716,1,-800,-829,-9,19,22,1,1,1,1,496,497,495,496,302,302,301,305,6,827,0,2
128816,1,-800,-798,1,4,-1,1,1,1,1,501,502,501,502,302,302,301,305,6,827,-15,-5
128916,1,-800,-498,14,1,-14,1,1,1,1,496,497,496,496,302,302,301,305,6,828,5,4
129016,0,0,-658,19,0,-9,0,0,0,0,496,497,496,497,302,302,301,305,6,829,-2,-3
129116,0,0,12,-13,-7,-4,0,0,0,0,495,497,495,496,302,302,301,305,6,829,-2,-2
129216,0,0,-14,-22,3,41,0,0,0,0,501,501,500,501,302,302,301,305,6,830,0,2
129316,0,0,9,4,-7,11,0,0,0,0,495,496,495,495,302,302,301,305,6,831,-1,-3
129416,0,0,42,-3,18,-9,0,0,0,0,499,501,500,500,302,302,301,305,6,831,0,0
129516,0,0,-42,-2,-9,11,0,0,0,0,495,496,494,495,302,302,301,305,5,832,0,-2
129616,0,0,-18,-77,-24,-9,0,0,0,0,495,496,495,496,302,302,301,305,6,833,0,-3
129716,0,0,-12,-42,19,-39,0,0,0,0,501,502,500,501,302,302,301,305,6,833,0,-1
129816,0,0,-44,-29,18,-19,0,0,0,0,495,496,496,496,302,302,301,305,6,834,0,-2
129916,0,0,-45,-14,-4,6,0,0,0,0,496,497,495,496,302,302,301,305,6,835,0,0
130016,2,800,-13,264,29,-32,1,1,1,1,500,501,500,500,302,302,301,305,6,835,30,4
130116,2,800,-26,910,-7,-14,1,1,1,1,496,498,496,497,302,302,301,305,6,836,-17,-4
130216,2,800,4,787,-39,21,1,1,1,1,496,497,496,496,302,302,301,305,6,836,10,7
130316,2,800,4,796,-3,-17,1,1,1,1,496,497,495,496,302,302,301,305,6,837,4,4
130416,2,800,3,670,26,-9,1,1,1,1,500,501,500,501,302,302,301,305,6,838,10,1
130516,2,800,13,737,-26,-29,1,1,1,1,495,496,495,496,302,302,301,305,6,838,-2,0
130616,2,800,-9,766,14,-58,1,1,1,1,496,497,496,496,302,302,301,305,6,839,-5,-2
130716,2,800,-37,874,1,-19,1,1,1,1,496,497,496,497,302,302,301,305,6,840,6,6
130816,2,800,39,854,-52,-16,1,1,1,1,500,502,500,501,302,302,301,305,6,840,-17,-5
130916,2,800,-6,868,18,0,1,1,1,1,497,497,496,496,302,302,301,305,6,841,9,-2
131016,2,800,-13,798,14,48,1,1,1,1,495,497,495,496,302,302,301,305,6,841,4,0
131116,2,800,-1,876,-26,52,1,1,1,1,496,496,496,496,302,302,301,305,6,842,11,2
131216,2,800,-22,1042,22,47,1,1,1,1,496,497,496,497,302,302,301,305,6,843,-23,-7
131316,2,800,14,787,7,51,1,1,1,1,501,503,501,502,302,302,301,305,6,844,0,-2
131416,2,800,-22,737,19,-9,1,1,1,1,496,496,495,496,302,302,301,305,6,844,16,3
131516,2,800,-1,854,55,17,1,1,1,1,496,497,496,496,302,302,301,305,6,845,-6,-6
131616,2,800,-37,799,-28,-22,1,1,1,1,496,498,496,497,302,302,301,305,6,845,-1,-5
131716,2,800,35,813,53,-13,1,1,1,1,501,502,501,502,302,302,301,305,6,846,7,5
131816,2,800,9,741,2,6,1,1,1,1,496,497,496,496,302,302,301,305,5,847,11,0
131916,2,800,-19,809,-7,12,1,1,1,1,495,497,495,496,302,302,301,305,5,847,0,-5
132016,2,-800,7,562,26,-41,1,1,1,1,497,497,495,496,302,302,301,305,6,848,-8,-6
132116,2,-800,16,-1107,-39,39,1,1,1,1,501,502,501,502,302,302,301,305,6,849,-82,-29
132216,2,-800,11,-821,-11,22,1,1,1,1,497,499,497,498,302,302,301,305,6,849,37,10
132316,2,-800,-71,-816,-9,-21,1,1,1,1,497,498,497,497,302,302,301,305,6,850,-3,0
132416,2,-800,4,-808,-63,18,1,1,1,1,497,497,497,497,302,302,301,305,6,850,5,-1
132516,2,-800,-18,-826,38,22,1,1,1,1,496,498,496,497,302,302,301,305,6,851,8,4
132616,2,-800,13,-888,42,-48,1,1,1,1,496,497,495,497,302,302,301,305,6,852,0,3
132716,2,-800,-35,-798,19,-12,1,1,1,1,496,497,496,496,302,302,301,305,6,852,10,3
132816,2,-800,-4,-755,-9,19,1,1,1,1,502,503,502,502,302,302,301,305,6,853,-27,-8
132916,2,-800,-22,-841,33,39,1,1,1,1,496,498,496,497,302,302,301,305,6,854,1,0
133016,2,-800,17,-821,4,29,1,1,1,1,496,497,496,497,302,302,301,305,6,854,-15,-7
133116,2,-800,47,-764,36,35,1,1,1,1,496,497,496,497,302,302,301,305,6,855,5,-2
133216,2,-800,0,-829,26,-17,1,1,1,1,496,497,496,496,302,302,301,305,7,856,-9,-2
133316,2,-800,19,-741,6,24,1,1,1,1,497,498,496,497,302,302,301,305,6,856,-4,-3
133416,2,-800,-22,-771,91,-1,1,1,1,1,501,502,501,502,302,302,301,305,6,857,1,2
133516,2,-800,-45,-804,19,-48,1,1,1,1,496,497,496,496,302,302,301,305,6,858,-12,-1
133616,2,-800,22,-818,12,-29,1,1,1,1,497,499,497,498,302,302,301,305,6,858,2,2
133716,2,-800,6,-867,-3,-12,1,1,1,1,496,497,496,496,302,302,301,305,6,859,-22,-7
133816,2,-800,13,-789,-36,-9,1,1,1,1,497,497,496,497,302,302,301,305,6,859,6,4
133916,2,-800,22,-749,26,44,1,1,1,1,496,498,496,497,302,302,301,305,6,860,0,0
134016,0,0,-70,-699,14,-38,0,0,0,0,501,502,501,501,302,302,301,305,6,861,-4,-3
134116,0,0,19,-28,16,9,0,0,0,0,496,497,496,497,302,302,301,305,7,861,0,-3
134216,0,0,-55,-41,-159,-4,0,0,0,0,495,496,495,495,302,302,301,305,6,862,0,-3
134316,0,0,2,4,-9,-33,0,0,0,0,496,497,495,497,302,302,301,305,6,863,1,-1
134416,0,0,-13,-6,26,31,0,0,0,0,500,501,500,500,302,302,301,305,6,863,0,1
134516,0,0,26,35,-33,-42,0,0,0,0,495,496,495,495,302,302,301,305,6,864,1,0
