t_ms,tcs_on,slip,target_vx,cmd_vx,odom_vx,odom_vy,ground_vx,ground_vy,a_odom_x_cm,a_imu_x_cm,accel_res_cm,geom_res_x10,rot_res_mrad,accel_gain_x1000,w0_x100,w1_x100,w2_x100,w3_x100,cmd_vy,cmd_w_mrad,gyro_mrad,t0_x100,t1_x100,t2_x100,t3_x100,rx_stall,rx_restart,v0_x100,v1_x100,v2_x100,v3_x100
20789,23,196,1057,1039,1030,-29,956,-18,378,-75,454,-62,-128,1000,-3016,-2220,2331,2879,-2,1,77,-2844,-2444,2457,2834,0,0,-258,-234,203,256
20809,23,64,1230,1200,1095,-62,1003,-31,141,282,-141,-59,-741,1000,-3412,-2462,2409,2825,-2,0,45,-3283,-2824,2836,3273,0,0,-274,-254,213,274
20829,23,192,1425,1360,1206,41,1056,-5,152,125,27,-68,-1093,1000,-3600,-3012,2338,3284,-2,-56,140,-3732,-3214,3197,3695,0,0,-324,-280,245,291
20849,23,192,1625,1520,1216,137,1118,-38,241,313,-71,-66,171,1000,-3229,-3059,2349,3696,-2,118,-290,-4125,-3549,3617,4176,0,0,-311,-255,284,318
20869,23,192,1796,1680,1350,70,1143,-57,359,154,204,-78,1022,1000,-3507,-2942,3034,4204,-1,151,-172,-4554,-3918,4002,4622,0,0,-354,-300,306,355
20889,23,196,1910,1840,1487,55,1182,-3,770,225,543,-116,-729,1000,-4390,-3537,2899,4230,-1,121,-18,-4998,-4304,4372,5052,0,0,-395,-336,299,353
20909,23,193,2013,2000,1646,182,1254,-51,608,274,334,-224,1736,1000,-4282,-3414,3238,5667,-1,162,-365,-5424,-4671,4759,5500,0,0,-384,-294,346,393
20929,23,193,1003,1816,1872,-19,1300,1,1305,314,-995,-324,-688,1000,-6014,-3734,3486,5598,-11,18,6,-4977,-4249,4313,4941,0,1,-156,-127,100,150
20949,23,197,1155,1666,1416,-89,1363,-17,-1596,255,1853,-230,510,1000,-4431,-2458,3079,4291,-10,203,-108,-4519,-3851,4003,4580,0,1,-74,-71,52,107
20969,23,196,1380,1506,1229,-25,1333,-27,-911,-141,770,-17,-215,1000,-3514,-2864,2848,3277,-9,195,-60,-4082,-3478,3621,4142,0,1,-18,-33,10,26
20990,23,196,1618,1346,1039,50,1270,-4,-1090,-260,831,-20,333,1000,-2723,-2457,2345,3040,-8,219,-84,-3637,-3097,3248,3713,0,1,26,20,-19,-26
21010,23,192,1858,1186,963,44,1215,-19,-411,-313,98,-93,118,1000,-2742,-2138,1937,2918,-7,247,-102,-3191,-2716,2875,3285,0,1,47,40,-48,-53
21030,23,196,2041,1025,853,15,1158,2,-824,-230,593,-80,-136,1000,-2530,-1907,1717,2472,-6,266,-97,-2745,-2334,2499,2853,0,1,77,59,-69,-70
21050,23,193,2167,865,750,7,1050,-7,-294,-578,-284,-188,445,1000,-2355,-1237,1367,2546,-5,303,-117,-2297,-1950,2128,2427,0,1,93,76,-82,-76
21070,23,196,2205,705,676,-10,987,14,-620,-217,400,-60,-266,1000,-2085,-1506,1383,1869,-4,288,-81,-1863,-1580,1746,1990,0,1,102,75,-85,-80
21090,23,193,1928,545,559,-86,875,17,-406,-597,-194,-213,926,1000,-1952,-389,1189,2016,-3,325,-139,-1415,-1196,1375,1564,0,1,67,47,-48,-6
21110,23,192,1835,385,606,40,838,11,111,-182,-289,-126,-26,1000,-1881,-1244,992,1973,-2,334,-97,-974,-819,998,1131,0,1,69,64,-61,-54
21130,23,192,1820,225,510,-32,670,3,-471,-512,-42,-131,564,1000,-1599,-664,1092,1750,-1,295,-15,-545,-454,608,686,0,1,79,62,-70,-48
21150,23,64,1818,65,478,-49,534,-29,-23,-286,-261,-117,632,1000,-1507,-577,1098,1603,0,325,-58,-98,-71,236,259,0,1,82,66,-63,-36
21170,23,0,1817,0,421,-28,453,-27,-344,-351,0,-110,549,1000,-1311,-524,917,1461,0,316,-31,79,79,79,79,0,1,87,72,-26,-16
21190,23,0,1817,0,381,-30,359,-17,27,-355,0,-113,626,1000,-1146,-350,887,1421,0,269,157,67,67,67,67,0,1,57,46,-46,-40
21210,23,0,1817,0,362,46,350,0,-219,-183,0,-30,32,1000,-855,-775,781,1254,0,55,413,13,13,13,13,0,1,22,32,-56,-79
21230,23,0,1817,0,338,35,285,11,-66,-387,0,-30,-89,1000,-885,-773,671,1091,0,16,224,4,4,4,4,0,1,49,52,-35,-51
21250,23,0,1817,0,267,37,279,18,-326,-107,0,-20,-3,1000,-658,-624,535,888,0,73,178,18,18,18,18,0,1,33,41,-37,-54
21270,23,0,1817,0,234,31,199,26,-191,-422,0,-29,-56,1000,-590,-498,456,816,0,-4,268,-1,-1,-1,-1,0,1,25,32,-40,-58
21290,23,0,1817,0,193,46,188,41,-216,-136,0,-6,-74,1000,-419,-512,364,664,0,-20,213,-5,-5,-5,-5,0,1,19,31,-35,-58
21311,23,0,1817,0,161,41,141,36,-139,-243,0,-15,-10,1000,-366,-412,271,583,0,0,123,0,0,0,0,0,1,24,34,-28,-48
21331,23,0,1817,0,118,42,124,43,-209,-136,0,-12,-55,1000,-258,-339,158,442,0,-1,96,0,0,0,0,0,1,19,32,-23,-45
21351,23,0,1817,0,89,27,82,31,-151,-194,0,-10,-112,1000,-227,-261,110,309,0,0,67,0,0,0,0,0,1,19,28,-23,-40
21371,23,0,1817,0,56,24,56,22,-183,-163,0,-5,34,1000,-122,-180,63,209,0,54,-42,13,13,13,13,0,1,23,32,-14,-28
23311,24,196,1064,-1082,-1043,-49,-968,-16,-293,264,554,54,5,1000,2900,2470,-2180,-3034,-39,-83,106,2858,2624,-2477,-3052,0,3,245,219,-219,-262
23331,24,196,1239,-1242,-1182,-87,-1057,-25,-797,-351,445,-76,575,1000,3057,3339,-2613,-3076,-36,-74,53,3303,2995,-2860,-3480,0,3,279,252,-250,-272
23351,24,192,1435,-1402,-1250,-107,-1071,13,-81,-135,-61,-48,477,1000,3209,3423,-2709,-3414,-33,-9,-62,3763,3381,-3229,-3895,0,3,303,266,-265,-286
23371,24,196,1635,-1562,-1361,-24,-1113,-10,-707,-185,529,-30,-282,1000,3539,3275,-3291,-3764,-29,-53,19,4195,3739,-3625,-4336,0,3,333,303,-303,-343
23391,24,193,1803,-1722,-1439,-149,-1207,21,-406,-483,-84,-252,-264,1000,2984,4248,-3784,-3796,-26,83,-216,4673,4143,-3976,-4733,0,3,330,297,-305,-294
23411,24,196,1915,-1882,-1553,32,-1212,15,-458,-1,467,-45,572,1000,4291,3782,-3768,-3996,-23,61,-234,5110,4507,-4367,-5169,0,3,379,352,-315,-362
23431,24,196,2018,-2042,-1649,-13,-1271,-5,-964,-342,616,-129,711,1000,4323,4362,-4053,-4129,-19,195,-219,5588,4910,-4718,-5566,0,3,390,359,-349,-381
23451,24,197,2118,-2202,-1994,-119,-1351,1,-1271,-362,892,-430,2405,1000,4820,6569,-4965,-4234,-16,222,-321,6038,5286,-5097,-5990,0,3,415,380,-360,-338
23471,24,129,1001,-1757,-1761,1,-1392,-4,555,-204,0,-163,155,1000,4505,4594,-4518,-4415,-3,17,12,4797,4156,-4130,-4802,0,3,125,123,-107,-119
23491,24,196,1143,-1613,-1630,-31,-1447,15,1391,-289,1680,-41,1028,1000,4577,4295,-3596,-4148,-3,130,71,4431,3843,-3762,-4379,0,3,66,70,-62,-59
23511,24,196,1368,-1452,-1297,35,-1390,28,1439,343,1096,12,95,1000,3707,3013,-3041,-3432,-3,46,184,3972,3442,-3405,-3960,0,3,15,34,-25,-37
23531,24,196,1605,-1293,-1177,55,-1393,2,628,16,612,7,207,1000,3413,2703,-2812,-3051,-2,35,94,3534,3063,-3032,-3527,0,3,-17,10,10,0
23551,24,196,1845,-1133,-1011,46,-1310,26,827,268,558,-33,-320,1000,2718,2299,-2633,-2659,-2,26,86,3095,2683,-2658,-3092,0,3,-62,-29,46,43
23571,24,196,2033,-973,-829,112,-1243,17,883,371,512,-148,878,1000,2375,2268,-2376,-1521,-2,82,-32,2673,2319,-2268,-2640,0,3,-86,-31,77,66
23591,24,192,2165,-813,-850,54,-1144,21,104,420,-317,-62,310,1000,2375,2113,-2205,-2002,-1,61,18,2231,1935,-1896,-2207,0,3,-99,-58,87,86
23611,24,197,2287,-652,-593,1,-1008,10,1241,452,788,-217,-345,1000,1079,1856,-2019,-1232,-1,49,29,1792,1554,-1523,-1773,0,3,-146,-107,122,143
23632,24,192,2388,-492,-574,67,-765,9,358,392,-32,-125,272,1000,1525,1602,-1726,-1075,-1,-8,113,1341,1162,-1161,-1349,0,3,-144,-92,120,121
23652,24,197,2412,-332,-243,17,-514,23,1593,530,1062,-358,680,1000,101,1586,-1336,300,0,37,-13,916,795,-773,-900,0,3,-168,-115,160,207
23672,24,193,2086,-172,-282,5,-318,-3,-299,470,-769,-230,-44,1000,310,1242,-1232,-249,0,0,121,470,407,-405,-471,0,3,-143,-96,96,116
23692,24,197,2026,-14,-98,-132,-198,-25,1192,494,696,-328,-1414,1000,-992,1051,-1039,-128,0,-47,187,27,22,-45,-51,0,3,-178,-113,64,132
23712,24,129,2016,0,-310,-89,-119,-97,-1246,415,0,-157,-1417,1000,18,1008,-1235,-1008,0,-210,121,-52,-52,-52,-52,0,3,-55,-73,-2,19
23732,24,128,2015,0,-317,-74,-202,-30,90,169,0,22,-211,1000,707,807,-580,-1120,0,-14,-41,-3,-3,-3,-3,0,3,-29,-44,23,48
23752,24,0,2014,0,-351,27,-216,-49,-70,395,0,2,-235,1000,967,710,-935,-959,0,-18,40,-4,-4,-4,-4,0,3,-55,-41,37,34
23772,24,0,2014,0,-331,48,-236,3,64,244,0,3,-86,1000,992,644,-897,-832,0,-54,35,-13,-13,-13,-13,0,3,-58,-38,41,32
23792,24,0,2014,0,-273,41,-244,16,260,177,0,10,10,1000,825,498,-737,-712,0,25,-98,6,6,6,6,0,3,-43,-24,45,38
23812,24,0,2014,0,-249,45,-206,16,132,266,0,11,-46,1000,780,440,-677,-630,0,-20,0,-5,-5,-5,-5,0,3,-49,-29,40,30
23832,24,0,2014,0,-201,14,-183,28,191,204,0,0,-18,1000,562,419,-528,-544,0,16,-59,4,4,4,4,0,3,-36,-24,37,35
23852,24,0,2014,0,-159,30,-163,19,261,142,0,5,8,1000,500,284,-438,-394,0,7,-29,1,1,1,1,0,3,-36,-20,35,27
23872,24,0,2014,0,-130,19,-126,19,150,184,0,6,-6,1000,421,259,-325,-323,0,-36,55,-9,-9,-9,-9,0,3,-39,-25,27,20
23892,24,0,2014,0,-92,22,-94,16,216,171,0,6,10,1000,305,144,-262,-228,0,-3,-31,0,0,0,0,0,3,-18,-6,39,34
23912,24,0,2014,0,-70,18,-67,12,134,142,0,-2,-51,1000,216,123,-222,-158,0,-15,27,-3,-3,-3,-3,0,3,-46,-30,12,1
26745,25,64,1005,11,-16,1037,22,1012,-256,98,186,86,35,1000,2214,-2621,-2273,1752,1008,-20,-40,1889,-2408,-2352,1954,0,13,207,-225,-195,212
26765,25,196,1137,10,-21,1136,3,986,80,-13,684,0,529,1000,2358,-2499,-2601,2243,1162,43,-18,2202,-2754,-2702,2262,0,13,238,-262,-241,247
26785,25,64,1326,9,21,1153,8,1065,63,32,104,19,496,1000,2347,-2658,-2460,2382,1322,-32,140,2492,-3148,-3101,2547,0,13,244,-284,-264,245
26805,25,192,1525,9,15,1241,13,1062,96,-35,147,-14,378,1000,2445,-2781,-2780,2592,1482,-38,202,2799,-3524,-3482,2849,0,13,263,-311,-296,268
26825,25,192,1722,8,16,1282,28,1118,-38,81,79,0,526,1000,2634,-2831,-2756,2726,1642,-216,387,3064,-3944,-3906,3108,0,13,273,-330,-313,276
26845,25,196,1856,7,27,1429,26,1119,-24,-129,595,53,-475,1000,2793,-3548,-3154,2712,1802,-312,552,3348,-4343,-4309,3387,0,13,280,-360,-338,276
26865,25,192,1962,6,29,1507,14,1168,-169,-5,291,78,86,1000,3097,-3689,-3165,2924,1962,-553,422,3597,-4778,-4749,3630,0,13,292,-373,-348,286
26886,25,192,2063,5,32,1514,62,1182,105,60,146,126,-518,1000,2993,-4041,-3263,2634,2123,-310,189,3967,-5094,-5069,3996,0,13,335,-392,-362,323
26906,25,197,2163,4,154,1811,3,1229,605,-171,807,307,-1678,1000,3357,-5733,-3482,2891,2283,-456,322,4239,-5505,-5485,4263,0,13,333,-421,-380,288
26926,25,197,2263,3,46,1779,49,1236,-538,166,423,168,-554,1000,3516,-4836,-3787,3051,2442,-396,83,4562,-5864,-5849,4580,0,13,371,-433,-401,353
26946,25,196,1037,99,125,1663,17,1291,110,-124,1040,114,-1410,1000,2726,-4855,-3696,2925,1758,-236,-7,3031,-4438,-3969,3575,0,13,38,-134,-98,33
26966,25,196,1230,90,24,1094,47,1284,-191,150,2284,-1,-958,1000,1728,-2928,-2818,1869,1598,-215,-214,2755,-4035,-3609,3249,0,13,-1,-22,0,8
26986,25,196,1463,81,12,901,29,1254,-109,-26,1083,-12,-861,1000,1361,-2425,-2429,1481,1438,-66,-348,2512,-3600,-3216,2956,0,13,-39,18,38,-32
27006,25,192,1702,72,28,807,22,1185,51,41,247,21,-1187,1000,1145,-2393,-2153,1206,1279,-47,-288,2236,-3197,-2856,2631,0,13,-65,46,61,-67
27026,25,192,1935,63,4,700,16,1127,-147,-9,210,45,-1002,1000,1085,-2113,-1868,916,1119,33,-354,1975,-2779,-2480,2321,0,13,-77,77,94,-78
27046,25,192,2089,54,1,659,0,1054,-118,-32,-65,24,-865,1000,1005,-1925,-1794,909,959,92,-352,1709,-2366,-2110,2005,0,13,-96,96,110,-98
27066,25,196,2215,45,-55,465,3,836,-343,47,564,92,-1505,1000,785,-1652,-1456,84,799,144,-319,1441,-1955,-1741,1688,0,13,-138,117,140,-144
27086,25,192,2313,36,-76,451,-27,724,-80,-95,-414,49,-972,1000,818,-1367,-1479,192,639,191,-461,1172,-1545,-1374,1369,0,13,-108,124,147,-103
27106,25,197,2335,27,-84,246,10,678,-89,184,854,198,-1574,1000,667,-1332,-749,-639,479,309,-260,920,-1118,-990,1069,0,13,-140,135,163,-174
27126,25,193,2007,18,-63,11,25,547,97,47,101,435,-1064,1000,754,-1325,526,-1454,319,277,-425,630,-726,-641,729,0,13,-73,95,172,-144
27146,25,193,1954,9,15,201,-40,482,245,-228,-776,178,-469,1000,492,-1186,-226,-184,160,440,-456,391,-289,-246,441,0,13,-59,100,124,-143
27166,25,192,1945,0,-45,224,14,420,-178,196,-481,88,-637,1000,483,-901,-681,-145,6,476,-407,130,103,104,132,0,13,-53,110,122,-111
27186,25,128,1944,0,9,251,-43,347,233,-196,0,31,176,1000,456,-760,-560,370,0,577,-446,144,144,144,144,0,13,37,104,88,38
27206,25,0,1943,0,-10,237,-4,285,-95,116,0,-10,-91,1000,473,-498,-596,462,0,416,145,104,104,104,104,0,13,-29,45,37,-25
27227,25,0,1943,0,-14,201,-25,220,-43,-83,0,12,-241,1000,492,-431,-439,359,0,113,400,28,28,28,28,0,13,-40,26,26,-35
27247,25,0,1943,0,-4,174,5,187,-35,79,0,-2,-79,1000,359,-375,-410,344,0,178,154,44,44,44,44,0,13,3,59,56,5
27267,25,0,1943,0,2,146,-4,145,53,3,0,0,-80,1000,307,-313,-307,323,0,139,221,34,34,34,34,0,13,-33,24,20,-32
27287,25,0,1943,0,-6,117,4,113,-22,19,0,-1,-99,1000,278,-221,-257,250,0,75,254,18,18,18,18,0,13,-27,23,23,-24
27307,25,0,1943,0,-2,97,-10,92,43,-38,0,12,-38,1000,261,-214,-164,192,0,67,199,16,16,16,16,0,13,-21,24,24,-19
27327,25,0,1943,0,-2,77,-8,64,47,-6,0,4,-46,1000,193,-159,-148,158,0,51,157,12,12,12,12,0,13,-8,31,30,-6
29226,26,196,1020,4,-7,-859,10,-811,-4,108,655,36,160,1000,-1466,2031,2179,-1661,-793,93,156,-1506,1883,1904,-1481,0,15,-204,208,196,-208
29246,26,192,1173,4,6,-949,-38,-843,60,-85,317,31,229,1000,-1724,2185,2374,-1820,-953,159,-60,-1795,2278,2297,-1772,0,15,-214,251,236,-218
29266,26,192,1366,3,-28,-1024,12,-849,-130,114,131,65,-334,1000,-1818,2245,2435,-2251,-1113,102,31,-2114,2641,2659,-2093,0,15,-254,268,261,-256
29286,26,196,1565,3,-45,-1101,-53,-862,-141,-194,463,-55,636,1000,-1983,2959,2470,-1993,-1273,227,-164,-2388,3051,3067,-2369,0,15,-256,301,282,-245
29306,26,192,1755,3,-47,-1138,0,-901,-27,173,150,21,189,1000,-1986,2758,2643,-2335,-1434,179,-125,-2706,3418,3434,-2689,0,15,-285,314,304,-280
29326,26,196,1878,2,-23,-1387,-40,-892,235,-178,753,-25,1333,1000,-2395,3639,3400,-2416,-1594,342,-340,-2970,3836,3850,-2954,0,15,-280,355,338,-273
29346,26,192,1982,2,-2,-1260,-30,-961,29,-31,-588,57,288,1000,-2258,2859,3129,-2516,-1754,345,-196,-3274,4215,4227,-3260,0,15,-305,349,338,-309
29366,26,197,2083,2,-144,-1518,-5,-984,-561,97,748,160,-1387,1000,-2504,3182,3296,-3980,-1914,236,30,-3607,4566,4576,-3595,0,15,-341,340,355,-333
29386,26,192,2183,1,8,-1550,-19,-1012,616,-13,114,12,-528,1000,-3097,3464,3566,-3107,-2074,259,-24,-3906,4950,4958,-3896,0,15,-358,388,370,-356
29406,26,196,1044,41,-95,-1484,-17,-1076,-645,-21,461,37,-568,1000,-2668,3459,3197,-3350,-1448,85,-115,-2860,3338,3532,-2635,0,15,-62,82,84,-46
29426,26,196,1241,36,-29,-1036,-8,-1052,252,12,1787,-4,614,1000,-1802,2634,2468,-1944,-1288,372,-181,-2470,3044,3216,-2270,0,15,13,29,18,21
29446,26,196,1475,32,44,-735,-2,-1024,249,50,1292,61,601,1000,-1241,1633,2145,-1261,-1128,311,19,-2167,2662,2813,-1992,0,15,56,-34,-54,43
29466,26,192,1714,27,2,-706,-26,-944,-17,-91,-194,43,858,1000,-1012,1804,2035,-1183,-968,228,157,-1869,2275,2404,-1719,0,15,78,-65,-82,71
29486,26,196,1944,22,-21,-563,-14,-900,-90,31,428,21,707,1000,-721,1579,1582,-930,-808,109,300,-1580,1878,1987,-1455,0,15,99,-99,-115,96
29506,26,192,2095,18,-22,-478,-12,-777,14,69,-131,82,1042,1000,-330,1321,1624,-807,-648,40,339,-1280,1495,1581,-1179,0,15,111,-114,-128,103
29527,26,192,2221,13,-18,-414,-25,-699,0,-30,47,21,749,1000,-406,1255,1274,-603,-487,-62,400,-986,1101,1166,-910,0,16,124,-132,-151,116
29547,26,64,2342,9,12,-370,-28,-470,171,-60,-284,81,432,1000,-357,851,1315,-635,-327,-133,411,-685,717,761,-634,0,16,132,-141,-162,115
29567,26,64,2462,4,15,-234,-9,-329,92,9,195,124,249,1000,-57,374,1066,-502,-168,-206,422,-386,334,356,-360,0,16,167,-162,-182,130
29587,26,64,2582,0,31,-155,-25,-214,-3,-98,-155,128,-354,1000,-69,14,801,-444,-11,-333,518,-106,-57,-55,-104,0,18,145,-214,-203,110
29607,26,0,2702,0,3,-195,3,-111,-201,27,0,79,-317,1000,-194,276,685,-514,0,-348,397,-87,-87,-87,-87,0,18,-17,-71,-64,-20
29627,26,0,2822,0,-26,-216,-18,-144,-90,-52,0,19,162,1000,-275,549,518,-502,0,-201,-65,-50,-50,-50,-50,0,18,32,-37,-26,37
29647,26,0,2942,0,-26,-187,-15,-136,9,41,0,3,212,1000,-272,500,393,-429,0,-48,-185,-12,-12,-12,-12,0,18,19,-40,-33,26
29667,26,0,3062,0,-11,-148,-14,-125,79,22,0,2,52,1000,-265,357,315,-334,0,-65,-112,-16,-16,-16,-16,0,18,14,-38,-33,17
29687,26,0,3183,0,-8,-127,-6,-104,49,41,0,1,61,1000,-238,293,262,-291,0,-24,-148,-6,-6,-6,-6,0,18,21,-28,-25,24
29707,26,0,3303,0,-1,-102,0,-82,46,38,0,5,101,1000,-188,227,244,-220,0,-12,-130,-3,-3,-3,-3,0,18,17,-27,-25,18
29727,26,0,3423,0,5,-79,3,-67,62,26,0,1,89,1000,-188,146,179,-166,0,37,-187,9,9,9,9,0,18,33,-8,-9,33
32630,27,0,1000,1068,1068,902,1043,902,61,-4,0,-31,-640,1000,-1406,-4717,166,4564,902,51,51,-848,-4977,19,4939,0,18,-10,-280,-41,279
32650,27,64,1103,1156,1099,898,1057,887,264,56,165,-73,-322,1000,-1532,-4616,203,4787,1001,93,-35,-1220,-5063,389,5096,0,18,-76,-322,21,320
32670,27,64,1288,1263,1176,897,1107,896,270,13,184,-61,-376,1000,-1743,-4850,391,4944,1121,111,-81,-1279,-5593,364,5622,0,18,-68,-348,14,345
32690,27,64,1485,1370,1082,864,1158,890,-236,398,-426,-49,-153,1000,-1465,-4524,332,4658,1239,152,-75,-1332,-6114,344,6149,0,18,-67,-353,19,356
32710,27,196,1685,1476,1192,1007,1063,873,650,-344,1253,26,-222,1000,-1327,-5302,450,5075,1359,109,16,-1406,-6657,304,6659,0,18,-66,-404,18,389
32730,27,192,1864,1583,1283,1056,1182,937,323,594,-202,-73,242,1000,-1558,-5253,433,5762,1478,64,82,-1481,-7201,263,7167,0,18,-67,-427,6,426
32750,27,196,2028,1690,1357,1173,1147,933,601,-108,966,32,-649,1000,-1542,-6194,367,5734,1597,68,60,-1543,-7733,234,7687,0,18,-69,-471,7,442
32770,27,196,1114,1285,1262,1010,1225,961,-784,306,1609,12,-236,1000,-1532,-5431,581,5306,1107,14,60,-1389,-5636,424,5631,0,18,-80,-125,52,96
32790,27,196,1333,1164,1136,822,1163,940,-673,-310,683,2,-349,1000,-1636,-4737,635,4558,1002,94,-98,-1238,-5084,404,5120,0,18,-58,-75,51,64
32810,27,196,1570,1043,997,709,1206,933,-514,222,776,-44,-387,1000,-1602,-4054,431,4034,898,190,-170,-1083,-4528,388,4613,0,18,-60,-26,45,12
32831,27,192,1810,921,972,623,1114,847,-215,-416,-52,-54,427,1000,-1557,-3604,707,3987,793,230,-339,-941,-3986,358,4092,0,18,-36,13,51,1
32851,27,192,2011,800,943,590,1072,874,-126,-110,-67,-37,115,1000,-1579,-3571,687,3734,689,445,-318,-756,-3400,373,3615,0,18,-35,30,49,-20
32871,27,196,2147,679,814,457,1053,827,-658,-199,839,-127,930,1000,-1492,-2554,655,3503,584,400,-410,-636,-2879,322,3073,0,18,-21,79,50,-43
32891,27,193,2254,557,796,437,912,761,59,-574,-961,-155,1224,1000,-1463,-2318,669,3552,480,612,-395,-450,-2292,335,2593,0,18,-15,94,53,-42
32911,27,192,2280,436,761,473,942,759,-160,-78,-96,-14,-394,1000,-1321,-2992,528,2898,375,469,-71,-355,-1796,259,2026,0,18,-40,70,44,-77
32931,27,192,1969,315,720,369,814,715,-118,-557,-220,-113,979,1000,-1316,-2102,735,3103,271,509,-230,-214,-1256,230,1507,0,18,-22,62,48,-18
32951,27,64,1904,194,734,462,812,621,-146,26,-133,-42,-57,1000,-1271,-2776,475,2921,167,536,-183,-76,-717,197,983,0,18,-34,38,50,-22
32971,27,64,1894,72,718,465,707,532,9,-393,-378,-25,-151,1000,-1186,-2787,475,2845,62,503,-87,46,-193,149,444,0,18,-35,38,51,-26
32991,27,64,1892,0,675,399,691,471,-286,-115,0,13,-773,1000,-1252,-2768,485,2381,0,481,-25,120,120,120,120,0,18,-12,39,41,-15
33011,27,64,1892,0,642,431,652,405,-210,-140,0,-7,-249,1000,-1005,-2576,419,2535,0,467,5,116,116,116,116,0,18,-13,46,47,-12
33031,27,64,1892,0,577,353,601,392,-288,-213,0,-66,128,1000,-970,-1952,440,2471,0,382,173,95,95,95,95,0,18,0,68,24,-36
33051,27,64,1892,0,569,391,574,337,-66,-126,0,-4,-432,1000,-847,-2284,378,2284,0,284,311,71,71,71,71,0,18,-13,56,24,-49
33071,27,64,1892,0,514,308,488,320,-77,-338,0,-52,0,1000,-835,-1716,450,2201,0,181,374,45,45,45,45,0,18,4,71,4,-66
33091,27,64,1892,0,478,296,486,286,-189,-127,0,-37,-220,1000,-773,-1687,381,1999,0,98,403,24,24,24,24,0,18,11,77,4,-69
33111,27,64,1892,0,451,280,414,242,-80,-327,0,-24,-173,1000,-710,-1625,381,1861,0,70,330,17,17,17,17,0,18,17,80,7,-63
33132,27,0,1892,0,387,236,402,232,-288,-158,0,-24,-94,1000,-602,-1354,352,1621,0,18,322,4,4,4,4,0,18,16,75,-7,-78
33151,27,0,1892,0,364,220,334,209,-130,-324,0,-21,-137,1000,-585,-1292,319,1496,0,3,272,0,0,0,0,0,18,15,73,-9,-80
33172,27,0,1892,0,318,193,325,174,-306,-155,0,-16,-183,1000,-526,-1160,262,1283,0,-4,215,-1,-1,-1,-1,0,18,14,69,-8,-75
33192,27,0,1892,0,281,154,264,143,-189,-300,0,-22,-143,1000,-533,-988,230,1098,0,40,86,10,10,10,10,0,18,22,69,-5,-63
33212,27,0,1892,0,234,133,237,126,-202,-161,0,-5,-39,1000,-390,-846,232,913,0,40,68,10,10,10,10,0,18,20,65,-3,-57
33232,27,0,1892,0,192,110,197,105,-236,-196,0,-6,-160,1000,-340,-712,163,737,0,4,106,1,1,1,1,0,18,14,56,-5,-56
33252,27,0,1892,0,167,104,161,89,-143,-192,0,-11,-33,1000,-280,-608,124,683,0,25,45,6,6,6,6,0,18,16,57,-2,-51
33272,27,0,1892,0,142,72,132,75,-124,-163,0,-5,-109,1000,-263,-496,149,538,0,-16,102,-4,-4,-4,-4,0,18,12,47,-8,-52
33292,27,0,1892,0,108,68,105,57,-150,-155,0,-1,-45,1000,-170,-416,91,431,0,1,42,0,0,0,0,0,18,12,47,-3,-46
33312,27,0,1892,0,84,44,78,44,-122,-144,0,-3,2,1000,-141,-284,97,333,0,-3,42,0,0,0,0,0,18,12,42,-4,-41
33332,27,0,1892,0,54,28,51,27,-114,-142,0,-1,-74,1000,-93,-187,61,211,0,-39,93,-9,-9,-9,-9,0,18,6,33,-7,-41
36016,28,64,1020,-1059,-1048,-989,-1067,-937,-10,-120,172,61,600,1000,1249,4800,163,-4736,-971,-52,-5,1023,4773,-221,-4763,0,18,77,296,25,-310
36036,28,64,1173,-1169,-1121,-948,-1048,-948,-433,70,326,44,802,1000,1524,4946,-116,-4790,-1087,-16,-81,1108,5316,-196,-5277,0,18,76,334,4,-331
36056,28,192,1366,-1279,-1245,-1122,-1132,-952,-452,-387,393,-132,2710,1000,1592,6529,2,-4644,-1204,45,-229,1200,5865,-164,-5784,0,18,87,393,25,-347
36076,28,64,1565,-1388,-1138,-939,-1128,-976,195,85,-376,72,308,1000,1558,4812,-195,-4965,-1320,-4,67,1265,6385,-160,-6318,0,18,64,354,-6,-377
36096,28,192,1761,-1498,-1266,-1074,-1141,-969,-381,-160,367,70,190,1000,1604,5396,-227,-5612,-1438,-79,13,1323,6902,-163,-6862,0,18,67,395,-1,-417
36116,28,196,1930,-1608,-1293,-1081,-1204,-988,-238,21,429,4,791,1000,1614,5727,-349,-5471,-1554,78,-233,1439,7473,-107,-7342,0,18,77,432,12,-420
36137,28,192,2092,-1717,-1352,-1185,-1252,-1061,-360,-317,161,83,-49,1000,1567,5741,-223,-6174,-1670,60,-93,1511,8002,-96,-7870,0,18,72,445,8,-467
36157,28,192,1024,-1407,-1411,-1267,-1282,-1031,-120,-209,-135,-46,998,1000,1482,6582,-304,-6030,-1261,-326,-396,1350,6209,-426,-6337,0,18,104,165,-45,-136
36177,28,196,1208,-1288,-1201,-915,-1315,-1088,921,-147,1699,37,651,1000,1711,5000,-477,-5008,-1154,181,-239,1356,5803,-270,-5680,0,18,97,123,-19,-79
36197,28,192,1438,-1169,-1150,-809,-1244,-1044,192,425,107,72,528,1000,1882,4575,-489,-4708,-1047,117,11,1219,5255,-257,-5167,0,18,66,50,-33,-45
36217,28,196,1677,-1050,-1047,-676,-1273,-999,560,-140,798,124,-237,1000,1828,3753,-572,-4421,-940,41,223,1079,4703,-247,-4656,0,18,45,-7,-40,-12
36237,28,192,1914,-931,-1000,-790,-1209,-959,220,393,-407,8,-18,1000,1295,4256,-416,-4204,-834,-60,245,932,4145,-243,-4152,0,18,64,-10,-51,16
36257,28,196,2075,-811,-958,-590,-1202,-926,267,-27,600,69,-316,1000,1643,3482,-689,-3887,-727,-88,339,804,3605,-221,-3629,0,18,36,-49,-44,33
36277,28,192,2202,-692,-950,-616,-1140,-867,106,433,-292,6,565,1000,1656,3900,-548,-3566,-620,-207,327,652,3043,-221,-3129,0,18,49,-47,-39,60
36297,28,192,2323,-573,-872,-494,-1100,-831,415,110,399,59,129,1000,1676,3188,-631,-3341,-513,-151,322,545,2524,-178,-2585,0,18,41,-73,-32,80
36317,28,192,2443,-454,-844,-513,-1057,-793,270,360,-66,-19,1019,1000,1608,3571,-502,-2918,-407,-295,282,388,1956,-185,-2092,0,18,39,-82,-42,92
36337,28,192,2564,-334,-762,-429,-992,-736,454,288,232,-17,885,1000,1520,3150,-531,-2568,-299,-286,301,268,1423,-153,-1558,0,18,33,-107,-40,114
36357,28,196,2684,-215,-691,-359,-926,-669,454,209,499,55,478,1000,1512,2534,-450,-2500,-193,-363,295,128,873,-143,-1050,0,18,22,-138,-39,131
36377,28,192,2804,-96,-585,-356,-831,-593,642,411,115,-3,1336,1000,1315,2634,-145,-1869,-86,-397,281,-1,332,-123,-528,0,18,19,-147,-38,153
36397,28,128,2924,0,-627,-358,-797,-568,-69,293,0,8,537,1000,1232,2489,-423,-2231,0,-397,209,-99,-99,-99,-99,0,18,-68,-156,-13,83
36417,28,0,3044,0,-530,-423,-679,-481,451,334,0,-43,-520,1000,471,2283,-429,-2239,0,-443,228,-110,-110,-110,-110,0,18,-53,-163,-37,78
36437,28,0,3164,0,-483,-359,-564,-408,373,289,0,-19,30,1000,545,1991,-388,-2012,0,-249,-216,-62,-62,-62,-62,0,18,-3,-110,8,126
36457,28,0,3284,0,-440,-280,-461,-358,147,307,0,-31,585,1000,649,1829,-404,-1621,0,-103,-383,-25,-25,-25,-25,0,18,2,-88,24,129
36478,28,0,3405,0,-396,-304,-393,-301,264,329,0,-8,84,1000,450,1641,-266,-1677,0,-117,-208,-29,-29,-29,-29,0,18,-31,-126,-16,92
36498,28,0,3525,0,-381,-283,-356,-273,78,230,0,6,-16,1000,466,1500,-264,-1645,0,-111,-178,-27,-27,-27,-27,0,18,-13,-112,0,112
36518,28,0,3645,0,-313,-230,-323,-232,323,188,0,-2,244,1000,431,1309,-183,-1271,0,-72,-163,-18,-18,-18,-18,0,18,-21,-108,-6,94
36538,28,0,3765,0,-285,-219,-259,-215,107,316,0,0,150,1000,373,1204,-142,-1188,0,-99,-98,-24,-24,-24,-24,0,18,-15,-105,-4,97
36558,28,0,3885,0,-245,-172,-242,-167,199,147,0,-4,135,1000,341,1009,-171,-979,0,-88,-90,-22,-22,-22,-22,0,18,-16,-97,-1,91
36578,28,0,4005,0,-208,-153,-196,-147,142,237,0,-9,156,1000,265,883,-145,-834,0,-62,-125,-15,-15,-15,-15,0,18,-7,-87,3,94
36598,28,0,4125,0,-173,-116,-164,-112,173,181,0,7,134,1000,266,664,-114,-714,0,-28,-136,-7,-7,-7,-7,0,18,-9,-80,4,87
36618,28,0,4245,0,-132,-102,-132,-88,241,206,0,-6,88,1000,174,589,-66,-523,0,-86,-5,-21,-21,-21,-21,0,18,-14,-84,-4,74
36638,28,0,4365,0,-97,-87,-99,-75,218,177,0,4,-44,1000,97,411,-24,-454,0,-89,-3,-22,-22,-22,-22,0,18,-13,-80,-6,69
36658,28,0,4470,0,-68,-50,-68,-53,200,160,0,-3,96,1000,78,284,-55,-278,0,-21,-112,-5,-5,-5,-5,0,18,-6,-65,2,70
36678,28,0,4495,0,-57,-29,-42,-28,46,149,0,-4,63,1000,87,209,-84,-210,0,-18,-87,-4,-4,-4,-4,0,18,-8,-62,3,67
39449,29,64,1072,1036,1007,-822,996,-883,181,4,-185,-55,381,1000,-4384,-241,4235,1354,-949,22,-150,-4640,-198,4687,1019,0,24,-310,-28,284,77
39469,29,64,1249,1145,1083,-834,1048,-869,219,181,-133,-38,554,1000,-4519,-375,4542,1564,-1065,15,-85,-5163,-184,5217,1094,0,24,-338,-22,310,71
39489,29,64,1445,1255,1089,-815,1098,-860,-85,150,-363,-3,900,1000,-4364,-458,4660,1602,-1182,93,-185,-5666,-149,5770,1191,0,24,-350,-14,336,73
39509,29,64,1645,1365,1092,-815,1118,-841,-164,63,-278,-78,155,1000,-4690,-441,4323,1612,-1298,59,-75,-6197,-142,6294,1260,0,24,-384,-12,347,69
39529,29,196,1830,1475,1215,-962,1124,-851,542,73,790,-106,-435,1000,-5460,-410,4796,1632,-1415,-58,136,-6749,-156,6799,1308,0,24,-430,-17,365,64
39550,29,64,1995,1585,1222,-940,1180,-908,76,161,-237,-82,-126,1000,-5319,-469,4886,1707,-1531,-66,93,-7274,-142,7330,1383,0,24,-441,-11,386,64
39570,29,196,2156,1695,1293,-1083,1196,-924,379,54,546,-41,-582,1000,-5837,-538,5356,1404,-1648,-17,2,-7784,-114,7876,1472,0,24,-476,-16,415,65
39590,29,192,1044,1275,1376,-1108,1261,-953,377,219,-230,-124,-669,1000,-6328,-510,5364,1718,-1027,23,-74,-5442,-578,5435,1523,0,24,-159,-67,114,108
39610,29,196,1242,1151,1169,-765,1252,-936,-766,58,1476,-21,894,1000,-4531,-728,4683,1948,-927,108,-203,-4889,-499,4926,1396,0,24,-68,-43,79,91
39630,29,192,1475,1026,1108,-704,1218,-900,-322,-323,109,-8,457,1000,-4319,-859,4324,1769,-827,141,-168,-4348,-434,4403,1256,0,24,-36,-52,32,72
39650,29,196,1714,901,1034,-591,1216,-879,-548,96,982,-53,638,1000,-3932,-775,3836,1942,-726,99,-93,-3826,-388,3862,1097,0,24,0,-37,8,71
39670,29,192,1944,777,1013,-614,1150,-799,-121,-370,-345,-55,-91,1000,-4070,-813,3691,1701,-626,107,52,-3292,-328,3334,951,0,24,16,-51,-28,60
39690,29,192,2096,652,971,-556,1115,-804,-183,-162,-50,-22,261,1000,-3687,-845,3620,1714,-525,39,45,-2775,-288,2784,785,0,24,41,-46,-40,57
39710,29,196,2220,527,846,-486,1110,-768,-631,-146,727,-88,-213,1000,-3464,-662,2891,1540,-425,14,85,-2250,-238,2249,631,0,24,61,-48,-74,53
39730,29,192,2332,403,787,-346,1005,-676,-136,-345,-305,-146,-1102,1000,-3311,-860,2126,1614,-324,-160,361,-1761,-224,1675,439,0,24,75,-52,-125,21
39750,29,192,2363,278,789,-429,988,-654,-197,-162,-191,-11,193,1000,-2903,-723,2940,1454,-224,-124,193,-1220,-158,1154,300,0,24,89,-50,-97,42
39770,29,192,2064,153,740,-317,899,-621,-274,-421,190,-70,-589,1000,-2859,-900,2239,1487,-123,-177,273,-701,-114,610,138,0,24,49,-50,-88,26
39790,29,64,1986,29,697,-358,828,-515,-322,-161,6,-3,482,1000,-2430,-620,2650,1396,-23,-197,195,-174,-62,75,-14,0,24,65,-49,-75,37
39810,29,64,1973,0,672,-336,704,-403,-22,-291,0,-7,-186,1000,-2489,-768,2365,1212,0,-235,206,-58,-58,-58,-58,0,24,52,-27,-84,-17
39830,29,64,1971,0,623,-388,649,-363,-255,-196,0,-11,22,1000,-2457,-510,2368,995,0,-199,27,-49,-49,-49,-49,0,24,65,-24,-69,11
39850,29,64,1971,0,556,-328,608,-361,-384,-149,0,-43,-90,1000,-2288,-475,1932,938,0,-98,-96,-24,-24,-24,-24,0,24,71,-10,-70,4
39870,29,64,1971,0,567,-346,501,-294,-89,-517,0,-17,205,1000,-2220,-444,2140,954,0,-84,-85,-21,-21,-21,-21,0,24,73,-16,-92,-14
39891,29,64,1971,0,408,-261,514,-299,-608,68,0,-29,-415,1000,-1823,-419,1363,535,0,-33,-159,-8,-8,-8,-8,0,24,87,8,-70,-4
39911,29,0,1971,0,425,-269,393,-226,-84,-486,0,-33,90,1000,-1742,-279,1562,728,0,-14,-60,-3,-3,-3,-3,0,24,82,0,-91,-24
39931,29,0,1971,0,389,-256,401,-229,-203,-55,0,-7,170,1000,-1549,-277,1524,610,0,-58,-90,-14,-14,-14,-14,0,24,90,5,-83,-14
39951,29,0,1971,0,341,-196,328,-229,-286,-369,0,-21,101,1000,-1353,-288,1214,605,0,-13,-97,-3,-3,-3,-3,0,24,80,10,-74,-17
39971,29,0,1971,0,317,-212,296,-164,-153,-214,0,-12,156,1000,-1271,-188,1248,514,0,-30,-43,-7,-7,-7,-7,0,24,81,3,-79,-15
39991,29,0,1971,0,277,-173,267,-169,-214,-248,0,-29,17,1000,-1150,-170,989,492,0,-47,-9,-11,-11,-11,-11,0,24,73,2,-75,-19
40011,29,0,1971,0,235,-145,236,-139,-192,-119,0,5,208,1000,-870,-189,947,391,0,-15,-57,-3,-3,-3,-3,0,24,71,6,-67,-14
40031,29,0,1971,0,190,-120,187,-117,-197,-252,0,-15,33,1000,-778,-123,698,327,0,-30,-16,-7,-7,-7,-7,0,24,63,3,-64,-15
40051,29,0,1971,0,172,-111,156,-99,-132,-193,0,-8,-6,1000,-712,-132,639,266,0,-18,-31,-4,-4,-4,-4,0,24,64,3,-62,-13
40071,29,0,1971,0,129,-85,127,-87,-196,-171,0,-7,92,1000,-504,-56,516,236,0,-46,24,-11,-11,-11,-11,0,24,53,0,-59,-15
40091,29,0,1971,0,106,-86,106,-79,-169,-127,0,-3,33,1000,-461,-33,452,139,0,-34,-13,-8,-8,-8,-8,0,24,67,8,-46,1
40111,29,0,1971,0,85,-71,80,-66,-95,-138,0,-2,-2,1000,-388,-39,354,90,0,-9,-45,-2,-2,-2,-2,0,24,54,1,-51,-7
40131,29,0,1971,0,63,-46,60,-47,-115,-113,0,-5,86,1000,-263,-14,258,110,0,-6,-36,-1,-1,-1,-1,0,24,49,2,-47,-8
40151,29,0,1971,0,35,-40,37,-33,-127,-114,0,1,-56,1000,-181,0,171,6,0,-16,17,-4,-4,-4,-4,0,24,39,-4,-48,-11
43009,30,64,1072,-1074,-1073,905,-1018,897,-291,149,306,32,-592,1000,4586,170,-4728,-1413,1007,74,13,4879,175,-4890,-988,0,32,306,24,-311,-72
43029,30,64,1249,-1185,-1175,951,-1134,948,-366,-346,9,1,-831,1000,4816,309,-5225,-1607,1123,102,-27,5409,170,-5416,-1062,0,32,332,26,-344,-66
43049,30,196,1445,-1295,-1224,968,-1135,942,-488,99,508,103,332,1000,5459,390,-4871,-1673,1239,145,-165,5943,168,-5939,-1131,0,32,371,30,-341,-54
43069,30,196,1645,-1406,-1346,1102,-1172,929,-533,-292,793,-24,-587,1000,5600,502,-5968,-1650,1355,147,53,6467,157,-6471,-1211,0,32,395,14,-425,-67
43089,30,192,1830,-1516,-1293,997,-1193,991,79,-78,-543,34,-402,1000,5462,562,-5365,-1745,1471,-15,205,6949,103,-7046,-1332,0,32,404,5,-422,-66
43109,30,64,1995,-1627,-1313,1054,-1277,1008,-165,-327,60,-65,-1407,1000,5202,513,-6001,-1690,1586,-113,370,7449,66,-7604,-1437,0,32,401,-1,-464,-78
43129,30,196,2156,-1737,-1424,1139,-1282,1042,-771,31,975,65,-304,1000,6174,473,-5915,-1886,1702,-156,165,7961,43,-8148,-1528,0,32,450,-5,-476,-71
43149,30,196,1086,-1388,-1400,1136,-1367,1103,332,-488,1032,-39,-1377,1000,5617,425,-6369,-1860,1122,-71,202,5919,610,-5935,-1664,0,32,102,59,-182,-120
43170,30,196,1298,-1264,-1266,764,-1319,1061,485,317,1013,22,-1488,1000,4581,739,-5116,-2431,1021,-39,-57,5395,562,-5397,-1508,0,32,53,49,-78,-65
43190,30,192,1535,-1139,-1186,717,-1287,1030,441,59,295,57,-271,1000,4607,835,-4476,-2120,920,38,-242,4879,524,-4845,-1341,0,32,25,52,-35,-59
43210,30,196,1774,-1015,-1054,683,-1275,987,698,246,590,-6,-967,1000,3855,571,-4430,-1877,820,166,-305,4381,500,-4284,-1162,0,32,-11,59,-4,-59
43230,30,192,1988,-890,-943,629,-1220,930,585,227,102,-100,-736,1000,3350,772,-4173,-1375,719,101,-128,3833,428,-3770,-1030,0,32,-50,62,23,-57
43250,30,192,2128,-766,-1010,617,-1217,917,-56,135,-59,-9,-522,1000,3716,746,-4064,-1760,619,227,-290,3332,403,-3208,-851,0,32,-46,59,39,-47
43270,30,196,2251,-641,-855,474,-1164,818,649,199,543,84,263,1000,3382,651,-2963,-1645,518,317,-416,2822,369,-2654,-681,0,32,-53,65,91,-24
43290,30,192,2372,-517,-878,503,-1120,811,12,253,-233,31,-212,1000,3320,698,-3287,-1608,417,309,-216,2288,311,-2126,-535,0,32,-90,50,81,-47
43310,30,196,2492,-392,-773,385,-1080,741,548,203,531,-38,-770,1000,2510,750,-3084,-1550,317,346,-261,1765,264,-1586,-378,0,32,-105,57,111,-24
43330,30,192,2612,-268,-797,442,-986,690,-98,470,-815,-12,-376,1000,2884,752,-3065,-1417,216,274,-75,1214,189,-1074,-249,0,32,-127,54,121,-36
43350,30,196,2732,-143,-689,299,-968,651,464,86,605,74,298,1000,2637,758,-2122,-1445,116,303,-202,689,140,-536,-94,0,32,-143,48,170,-6
43370,30,192,2852,-19,-609,294,-883,566,639,445,120,62,168,1000,2362,589,-1977,-1234,15,364,-165,172,99,9,68,0,32,-160,45,187,-2
43390,30,129,2972,0,-375,94,-839,564,739,247,0,-151,-1555,1000,557,710,-1810,-846,0,257,250,64,64,64,64,0,32,-68,-29,44,25
43410,30,128,3092,0,-513,309,-772,524,-126,282,0,-14,-570,1000,1889,444,-2051,-854,0,105,273,26,26,26,26,0,32,-107,-11,95,19
43430,30,128,3213,0,-527,349,-680,487,-38,296,0,4,-192,1000,2134,427,-2036,-764,0,82,262,20,20,20,20,0,32,-116,-9,100,13
43450,30,0,3333,0,-475,329,-552,349,221,312,0,-3,-301,1000,1903,335,-1923,-676,0,43,234,10,10,10,10,0,32,-109,-6,95,10
43470,30,0,3453,0,-409,264,-469,346,274,180,0,-3,-305,1000,1586,316,-1629,-637,0,46,177,11,11,11,11,0,32,-97,-8,86,13
43490,30,0,3573,0,-385,280,-389,263,206,323,0,-8,-190,1000,1566,267,-1592,-500,0,10,180,2,2,2,2,0,32,-106,-7,88,5
43511,30,0,3693,0,-318,209,-348,219,247,139,0,-22,-442,1000,1153,245,-1371,-492,0,-5,163,-1,-1,-1,-1,0,32,-94,-12,74,6
43531,30,0,3813,0,-293,213,-274,209,98,317,0,-17,-412,1000,1094,152,-1320,-436,0,11,93,2,2,2,2,0,32,-101,-12,73,-1
43551,30,0,3933,0,-275,214,-272,186,174,108,0,-6,-178,1000,1104,113,-1216,-374,0,50,-3,12,12,12,12,0,32,-80,8,93,19
43571,30,0,4053,0,-235,178,-221,173,182,269,0,1,-145,1000,955,96,-1007,-338,0,45,11,11,11,11,11,0,32,-85,0,79,8
43591,30,0,4173,0,-200,155,-212,148,249,84,0,-1,-41,1000,813,79,-872,-275,0,81,-73,20,20,20,20,0,32,-60,17,92,29
43611,30,0,4293,0,-163,142,-151,124,194,296,0,-8,-90,1000,666,33,-775,-190,0,90,-48,22,22,22,22,0,32,-80,0,70,3
43631,30,0,4414,0,-148,119,-146,121,182,81,0,-1,-140,1000,607,48,-660,-199,0,61,42,15,15,15,15,0,32,-81,-4,65,1
43651,30,0,4485,0,-106,92,-109,88,153,182,0,0,-38,1000,452,22,-485,-129,0,54,-18,13,13,13,13,0,32,-61,6,69,12
43671,30,0,4498,0,-85,77,-83,71,135,124,0,10,-8,1000,395,-14,-363,-114,0,84,-18,21,21,21,21,0,32,-63,3,62,6
43691,30,0,4500,0,-63,43,-60,47,112,129,0,7,-13,1000,273,29,-233,-103,0,57,19,14,14,14,14,0,32,-56,1,57,9
43711,30,0,4500,0,-35,32,-40,23,149,107,0,1,-41,1000,159,2,-162,-41,0,47,29,11,11,11,11,0,32,-53,2,53,6
46491,31,196,1714,1761,1816,49,1948,29,-740,315,1054,-81,162,1000,-5012,-4171,3989,5257,38,83,-54,-4715,-4223,4082,4906,0,33,-40,-39,24,37
46511,31,196,1929,1601,1540,9,1850,67,-1124,-589,544,-144,156,1000,-4485,-3284,3263,4542,35,152,-112,-4266,-3819,3728,4478,0,33,0,-6,-8,8
46531,31,196,2082,1441,1211,-49,1800,43,-1586,-195,1398,-50,-695,1000,-3689,-2795,2670,3143,31,122,-18,-3845,-3443,3353,4028,0,33,40,11,-47,-31
46551,31,192,2208,1281,1188,117,1689,57,-521,-649,-142,-66,112,1000,-3159,-2910,2364,3613,28,176,-102,-3401,-3043,2998,3597,0,33,41,50,-36,-61
46571,31,197,2329,1121,881,0,1631,39,-1249,-390,863,-315,-261,1000,-3167,-1385,1211,2992,24,181,-87,-2970,-2656,2630,3155,0,33,82,70,-79,-77
46591,31,193,2449,961,1054,33,1514,48,405,-628,-1041,-212,390,1000,-3216,-1984,1935,3452,21,253,-173,-2521,-2253,2279,2729,0,33,93,87,-71,-73
46611,31,197,2569,801,848,61,1440,75,-893,-427,460,-282,506,1000,-2726,-1369,1231,3114,17,299,-202,-2079,-1856,1922,2297,0,33,119,119,-98,-112
46631,31,193,2690,641,717,34,1335,61,-384,-448,-60,-335,-447,1000,-2720,-1053,667,2632,14,223,5,-1668,-1489,1534,1834,0,33,108,109,-129,-139
46651,31,193,2810,481,657,12,1245,72,-762,-504,267,-287,676,1000,-2250,-732,946,2570,10,265,-131,-1227,-1093,1175,1401,0,33,162,150,-118,-120
46671,31,197,2930,321,323,18,1123,75,-1231,-592,627,-627,-237,1000,-2264,669,-909,2183,7,324,-68,-783,-693,821,972,0,33,161,183,-183,-176
46691,31,193,2544,161,478,34,1020,100,320,-514,-821,-315,173,1000,-1877,-390,303,2085,3,157,-21,-394,-349,411,486,0,33,117,125,-127,-127
46711,31,193,2480,6,479,48,919,52,178,-510,-698,-197,-261,1000,-1718,-838,446,1743,0,274,-60,50,52,84,87,0,33,140,145,-109,-121
46731,31,129,2470,0,369,8,792,87,-389,-596,0,-275,361,1000,-1490,-116,261,1706,0,291,6,72,72,72,72,0,33,62,61,-24,-26
46751,31,128,2468,0,479,24,739,65,291,-288,0,-78,36,1000,-1344,-907,963,1606,0,138,304,34,34,34,34,0,33,34,39,-65,-82
46771,31,128,2468,0,430,21,711,52,-186,-236,0,-60,-95,1000,-1204,-857,872,1402,0,19,328,4,4,4,4,0,33,36,38,-53,-68
46792,31,128,2468,0,388,37,576,46,-151,-408,0,-32,225,1000,-962,-830,839,1295,0,79,150,19,19,19,19,0,33,46,51,-33,-48
46812,31,0,2468,0,330,28,476,30,-299,-121,0,-32,0,1000,-883,-733,667,1060,0,66,135,16,16,16,16,0,33,42,45,-31,-44
46832,31,0,2468,0,285,17,322,19,-234,-407,0,-22,-109,1000,-809,-671,562,847,0,93,53,23,23,23,23,0,33,44,45,-26,-35
46852,31,0,2468,0,250,6,295,3,-302,-122,0,-9,-55,1000,-683,-576,557,723,0,68,82,17,17,17,17,0,33,41,39,-28,-35
46872,31,0,2468,0,216,-4,223,7,-141,-250,0,-5,-16,1000,-599,-471,522,610,0,59,75,14,14,14,14,0,33,40,35,-28,-32
46892,31,0,2468,0,188,0,184,-4,-157,-199,0,-2,-45,1000,-521,-439,440,519,0,65,44,16,16,16,16,0,33,38,35,-25,-29
46912,31,0,2468,0,145,0,151,0,-205,-168,0,-7,-36,1000,-413,-321,328,417,0,54,47,13,13,13,13,0,33,33,31,-23,-27
46932,31,0,2468,0,118,0,116,-1,-144,-165,0,-8,33,1000,-311,-233,284,369,0,38,77,9,9,9,9,0,33,17,17,-32,-38
46952,31,0,2468,0,89,2,86,-1,-141,-158,0,0,63,1000,-212,-188,228,277,0,29,42,7,7,7,7,0,33,37,34,-10,-13
49580,32,0,1600,-1971,-1971,-44,-1975,26,-380,-307,0,22,743,1000,5501,4851,-4330,-5362,-44,-123,-123,5489,4742,-4685,-5432,0,34,257,222,-224,-232
49600,32,196,1724,-1839,-1794,26,-1928,-45,1002,157,860,43,-181,1000,4992,4007,-4234,-4994,-41,75,-23,4961,4452,-4218,-5083,0,34,20,39,-24,-35
49620,32,196,1938,-1679,-1431,9,-1919,-1,1789,61,1725,-34,195,1000,3921,3505,-3418,-3748,-38,22,72,4517,4053,-3862,-4652,0,34,-32,-8,16,21
49640,32,197,2089,-1519,-1241,-64,-1779,-19,1145,659,472,-163,-685,1000,2770,3332,-3325,-3313,-34,-1,93,4082,3662,-3500,-4214,0,34,-53,-42,27,58
49660,32,192,2214,-1358,-1064,-69,-1776,-3,453,130,330,-71,-1220,1000,2382,2610,-2758,-3126,-30,-128,267,3619,3243,-3162,-3801,0,34,-82,-73,44,76
49680,32,197,2335,-1199,-916,-102,-1638,11,1078,520,544,-177,-2188,1000,1438,2353,-2845,-2805,-27,-94,238,3198,2867,-2785,-3349,0,34,-116,-109,41,82
49700,32,193,2455,-1039,-816,179,-1558,-1,474,534,-25,-195,598,1000,2350,2176,-2638,-1275,-23,-330,173,2709,2422,-2476,-2965,0,34,-128,-53,82,56
49720,32,133,2575,-879,-534,48,-1464,-7,1240,362,865,-276,-1537,1000,592,1458,-2429,-1148,-19,-105,53,2335,2092,-2051,-2464,0,34,-166,-126,137,149
49740,32,193,2696,-719,-646,124,-1359,19,71,569,-496,-150,1207,1000,1993,1912,-1877,-896,-16,-61,35,1916,1717,-1671,-2009,0,34,-163,-101,119,111
49761,32,197,2816,-558,-197,184,-1246,-26,2083,577,1511,-568,1464,1000,9,1764,-1978,1354,-12,7,-151,1503,1349,-1285,-1548,0,35,-182,-105,183,170
49781,32,193,2936,-399,-402,122,-1180,-29,-1478,323,-1806,-294,860,1000,904,1591,-1762,-32,-9,14,-51,1075,965,-915,-1103,0,35,-222,-155,186,194
49801,32,133,3056,-238,2,25,-1040,-30,2250,643,1596,-545,179,1000,-1065,1340,-1346,1275,-5,-48,46,628,562,-561,-673,0,35,-231,-194,194,222
49821,32,129,3176,-78,354,-168,-937,-38,746,539,177,-850,-1547,1000,-3475,1295,-1240,2090,-1,-85,66,190,168,-202,-240,0,37,-194,-220,161,242
49841,32,128,3296,0,-52,61,-832,-57,-596,561,0,-349,-614,1000,-580,752,-1225,627,0,-218,242,-54,-54,-54,-54,0,37,-43,-24,-8,-31
49861,32,128,2624,0,-89,9,-737,-3,-1105,463,0,-345,-668,1000,-633,884,-1246,354,0,-123,34,-30,-30,-30,-30,0,37,-24,-20,1,-2
49881,32,128,2514,0,-388,40,-741,-64,-956,42,0,-23,-252,1000,979,771,-1178,-1041,0,-11,-180,-2,-2,-2,-2,0,37,-32,-19,63,62
49901,32,128,2495,0,-340,9,-611,-47,-6,395,0,-35,-4,1000,855,851,-930,-853,0,-40,-63,-10,-10,-10,-10,0,37,-45,-37,35,38
49921,32,0,2492,0,-357,38,-471,-13,-14,147,0,27,14,1000,1088,664,-885,-980,0,-13,-95,-3,-3,-3,-3,0,37,-48,-32,44,40
49941,32,0,2492,0,-273,36,-358,1,314,263,0,-1,-57,1000,773,521,-777,-714,0,10,-107,2,2,2,2,0,37,-38,-23,40,35
49961,32,0,2492,0,-276,37,-283,14,39,226,0,1,-51,1000,803,531,-764,-714,0,0,-60,0,0,0,0,0,37,-42,-26,41,35
49981,32,0,2492,0,-217,30,-236,22,288,222,0,-7,-11,1000,628,452,-612,-526,0,-15,-18,-3,-3,-3,-3,0,37,-39,-24,34,28
50001,32,0,2492,0,-184,30,-196,22,181,153,0,-1,-3,1000,548,357,-523,-452,0,-1,-40,0,0,0,0,0,37,-27,-14,40,35
50021,32,0,2492,0,-141,14,-144,16,203,231,0,-2,10,1000,395,290,-390,-367,0,21,-69,5,5,5,5,0,37,-19,-10,37,36
50041,32,0,2492,0,-116,22,-118,14,144,128,0,10,41,1000,398,210,-289,-285,0,14,13,3,3,3,3,0,37,-32,-18,25,19
50061,32,0,2492,0,-85,21,-83,11,131,170,0,7,-19,1000,290,133,-235,-209,0,-14,16,-3,-3,-3,-3,0,37,-27,-15,24,17
50082,32,0,2492,0,-58,7,-60,2,144,120,0,1,33,1000,171,114,-157,-155,0,26,-53,6,6,6,6,0,37,-17,-9,23,22
53368,33,64,1071,1057,967,66,969,26,107,40,65,24,351,1000,-2393,-2428,2250,2784,25,88,-79,-2816,-2530,2454,2957,0,39,-244,-221,213,246
53388,33,192,1248,1217,1080,89,987,19,391,59,329,-3,357,1000,-2690,-2651,2426,3228,23,31,35,-3271,-2916,2822,3376,0,39,-274,-240,231,263
53408,33,192,1444,1377,1180,70,1042,46,451,229,221,-42,438,1000,-3035,-2703,2656,3593,21,-35,134,-3729,-3305,3187,3793,0,39,-306,-265,249,290
53428,33,196,1644,1537,1324,82,1047,14,589,113,476,-53,47,1000,-3538,-3150,2826,3923,19,-2,88,-4162,-3669,3578,4234,0,40,-344,-294,271,312
53448,33,192,1812,1697,1375,22,1142,25,171,320,-143,-109,-172,1000,-3953,-3032,2909,4023,17,-65,140,-4619,-4058,3944,4651,0,40,-371,-322,283,343
53468,33,196,1925,1857,1531,-58,1122,23,917,54,864,-129,-100,1000,-4581,-3164,3414,4334,15,-61,52,-5058,-4429,4327,5085,0,40,-383,-345,304,385
53489,33,197,2027,2018,1666,-243,1228,38,828,367,478,-303,-1947,1000,-6067,-3004,3348,4329,12,-94,337,-5510,-4811,4703,5512,0,40,-394,-366,257,388
53509,33,193,2127,2177,1663,-90,1259,4,-105,165,-280,-219,-1501,1000,-5469,-3448,3304,4553,10,-268,360,-5992,-5225,5040,5900,0,40,-444,-392,308,405
53529,33,193,1024,1620,1739,-13,1335,56,502,481,-21,-211,-793,1000,-5427,-3745,3409,4978,-5,-68,-1,-4454,-3823,3817,4397,0,40,-135,-108,56,99
53549,33,196,1207,1460,1391,66,1352,17,-1634,1,1637,-77,-491,1000,-3957,-3366,2809,3971,-5,-105,8,-4025,-3457,3429,3952,0,40,-75,-61,37,44
53569,33,196,1438,1300,1199,24,1300,33,-1038,-173,864,-43,-128,1000,-3395,-2851,2584,3339,-4,5,-170,-3559,-3054,3078,3544,0,40,-7,-13,-2,3
53589,33,192,1677,1140,1075,-13,1240,56,-692,-362,328,-81,274,1000,-3121,-2285,2382,3100,-4,55,-211,-3109,-2665,2712,3121,0,40,25,11,-23,-9
53609,33,192,1914,980,1015,87,1190,29,-250,-237,15,-100,-88,1000,-2874,-2403,1886,3101,-3,45,-123,-2673,-2292,2331,2682,0,40,23,30,-42,-52
53629,33,192,2074,820,874,48,1098,70,-678,-416,261,-146,-68,1000,-2681,-1890,1510,2718,-2,121,-229,-2216,-1897,1972,2265,0,40,75,69,-58,-58
53649,33,193,2198,660,722,166,1032,23,-621,-391,232,-221,-1299,1000,-2458,-1877,433,2435,-2,47,-19,-1796,-1539,1574,1811,0,40,37,65,-73,-94
53669,33,192,2240,500,718,112,916,54,-245,-478,-233,-133,-458,1000,-2172,-1769,959,2323,-1,91,-100,-1347,-1152,1206,1386,0,40,82,87,-82,-98
53689,33,197,1988,340,506,140,750,71,-845,-376,470,-235,-1480,1000,-1987,-1313,-91,1784,-1,84,-3,-911,-778,826,948,0,40,34,61,-101,-75
53709,33,193,1877,179,542,162,565,120,145,-392,-538,-196,-1084,1000,-1883,-1467,116,1916,0,14,-89,-489,-419,429,493,0,40,38,65,-74,-71
53729,33,192,1858,20,530,-4,507,128,-61,-409,-349,-128,222,1000,-1762,-951,910,1683,0,229,-346,1,9,105,112,0,40,77,70,-52,-31
53749,33,0,1855,0,445,96,427,106,-555,-339,0,-4,1084,1000,-849,-1075,1005,1606,0,289,-311,72,72,72,72,0,40,76,94,-8,-33
53769,33,0,1855,0,473,36,391,71,40,-414,0,-32,141,1000,-1259,-1088,983,1466,0,193,-7,48,48,48,48,0,40,49,57,-55,-74
53789,33,0,1855,0,425,42,401,78,-161,-109,0,-38,24,1000,-1119,-964,851,1366,0,62,146,15,15,15,15,0,40,57,63,-41,-61
53809,33,0,1855,0,379,33,332,46,-226,-375,0,-29,221,1000,-953,-821,826,1245,0,63,105,15,15,15,15,0,40,57,61,-39,-57
53829,33,0,1855,0,332,14,309,25,-177,-258,0,-27,38,1000,-895,-705,728,1039,0,25,140,6,6,6,6,0,40,52,52,-42,-57
53850,33,0,1855,0,277,29,263,18,-267,-252,0,-2,131,1000,-657,-669,631,870,0,45,69,11,11,11,11,0,40,48,53,-34,-51
53870,33,0,1855,0,244,8,228,14,-221,-265,0,-11,-69,1000,-678,-570,527,708,0,36,63,9,9,9,9,0,40,48,48,-36,-48
53890,33,0,1855,0,216,9,196,6,-166,-208,0,-5,10,1000,-567,-504,491,635,0,32,53,8,8,8,8,0,40,46,47,-34,-47
53910,33,0,1855,0,129,59,160,7,-495,-203,0,-56,-349,1000,-419,-366,-37,527,0,1,106,0,0,0,0,0,40,15,33,-32,-60
53930,33,0,1855,0,130,6,118,7,-127,-194,0,-6,-23,1000,-356,-303,277,384,0,-5,30,-1,-1,-1,-1,0,40,43,43,-24,-34
53950,33,0,1855,0,89,-5,76,1,-138,-222,0,-23,-61,1000,-306,-143,164,280,0,19,51,4,4,4,4,0,40,30,30,-30,-38
53970,33,0,1855,0,66,-25,49,-11,-92,-175,0,-11,-53,1000,-249,-62,193,159,0,-16,72,-4,-4,-4,-4,0,40,31,24,-30,-33
55947,34,64,1043,-1077,-963,16,-1015,-18,296,-201,-499,-15,-12,1000,2634,2278,-2341,-2556,9,-54,42,2947,2503,-2576,-2937,0,42,235,218,-209,-244
55967,34,196,1211,-1237,-1106,25,-1012,43,-691,-76,616,-24,663,1000,3157,2747,-2590,-2784,8,31,-111,3404,2904,-2930,-3355,0,42,276,257,-233,-272
55987,34,196,1405,-1397,-1274,-20,-1059,19,-795,-190,605,-46,269,1000,3425,3252,-2984,-3336,8,-61,68,3816,3260,-3328,-3816,0,42,306,278,-276,-309
56007,34,192,1605,-1557,-1256,51,-1106,53,-174,-215,-44,21,-779,1000,3412,2623,-3191,-3541,7,-46,128,4256,3643,-3700,-4251,0,42,293,273,-282,-335
56027,34,197,1783,-1718,-1517,110,-1158,41,-880,-289,590,-160,-392,1000,3930,3630,-4317,-3671,6,-132,63,4670,4001,-4097,-4712,0,42,326,327,-306,-354
56047,34,192,1900,-1878,-1394,5,-1180,19,-5,-105,-100,-30,-218,1000,3652,3246,-3478,-3836,5,37,-192,5148,4422,-4430,-5107,0,42,358,326,-307,-347
56067,34,197,2002,-2038,-1663,-29,-1257,18,-1288,-404,885,-302,-14,1000,3770,4669,-4667,-4023,4,106,-263,5600,4819,-4788,-5529,0,42,372,354,-347,-353
56087,34,193,2103,-2198,-1703,70,-1318,-10,-293,-215,74,-160,-1002,1000,4165,3970,-4855,-4451,4,156,-106,6050,5212,-5152,-5956,0,42,388,374,-366,-409
56107,34,193,1024,-1763,-1874,123,-1343,26,-864,-239,-620,-177,-199,1000,4874,4465,-5253,-4606,115,-137,-209,5003,3850,-4465,-4629,0,42,103,119,-117,-97
56127,34,192,1208,-1604,-1565,-16,-1419,-32,-481,-253,-54,-101,-1097,1000,3732,3688,-4196,-4383,105,116,-76,4610,3561,-4000,-4149,0,42,69,63,-85,-59
56148,34,196,1439,-1444,-1339,-64,-1340,-20,963,195,780,38,-478,1000,3516,3115,-3009,-3964,94,61,79,4140,3196,-3612,-3747,0,42,11,2,-38,-21
56168,34,196,1678,-1284,-1126,14,-1353,-10,1046,42,999,44,-299,1000,3135,2446,-2643,-3205,84,48,45,3681,2841,-3215,-3334,0,42,-32,-13,23,22
56188,34,196,1915,-1125,-902,82,-1245,-14,1263,386,839,-90,1410,1000,2773,2501,-2203,-1769,73,86,-35,3234,2499,-2804,-2909,0,42,-66,-16,62,48
56208,34,192,2075,-965,-815,2,-1171,-22,156,394,-161,-33,702,1000,2291,2131,-1881,-2018,63,237,-176,2816,2185,-2365,-2455,0,42,-89,-51,97,97
56228,34,192,2202,-805,-692,-41,-1104,-26,631,305,318,-73,368,1000,1771,2028,-1599,-1696,52,51,99,2313,1786,-2010,-2085,0,42,-121,-83,103,110
56248,34,192,2323,-645,-685,-73,-989,-10,-26,576,-585,-106,-43,1000,1532,2078,-1678,-1759,42,22,150,1850,1428,-1616,-1676,0,42,-140,-103,94,105
56268,34,197,2444,-486,-445,29,-842,-15,976,368,564,-169,959,1000,1161,1646,-1290,-549,31,-11,35,1385,1067,-1224,-1269,0,42,-164,-95,164,153
56288,34,193,2534,-326,-318,70,-540,17,728,571,140,-235,1437,1000,834,1504,-1163,104,21,109,-93,960,746,-792,-823,0,42,-177,-91,180,181
56308,34,193,2519,-166,-265,68,-341,53,169,521,-331,-240,1397,1000,666,1382,-1062,241,10,213,-108,529,420,-365,-380,0,42,-139,-58,142,176
56328,34,193,2202,-10,-117,107,-206,52,831,469,338,-268,1704,1000,362,1096,-785,871,0,113,-63,56,50,3,2,0,42,-153,-70,152,175
56348,34,128,2150,0,-286,73,-108,103,-1171,468,0,-142,871,1000,800,1036,-1018,-158,0,194,-148,48,48,48,48,0,42,-20,3,59,50
56368,34,128,2141,0,-335,-28,-185,32,-238,182,0,6,174,1000,955,921,-627,-904,0,27,145,6,6,6,6,0,42,-38,-39,30,44
56388,34,0,2140,0,-288,-31,-213,18,204,242,0,-6,-41,1000,735,791,-601,-813,0,18,125,4,4,4,4,0,42,-37,-39,21,34
56408,34,0,2140,0,-253,-22,-204,-4,154,194,0,6,122,1000,706,679,-485,-704,0,36,52,9,9,9,9,0,42,-28,-30,27,39
56428,34,0,2140,0,-218,-8,-187,-1,198,225,0,3,85,1000,631,567,-446,-579,0,10,80,2,2,2,2,0,42,-31,-29,24,31
56448,34,0,2140,0,-199,0,-169,0,94,180,0,11,112,1000,615,488,-392,-525,0,2,72,0,0,0,0,0,42,-32,-28,24,29
56468,34,0,2140,0,-139,-16,-145,-5,280,155,0,7,0,1000,376,359,-260,-417,0,5,42,1,1,1,1,0,42,-23,-25,17,26
56489,34,0,2140,0,-122,-14,-115,-6,128,156,0,9,58,1000,342,314,-216,-369,0,27,-1,6,6,6,6,0,42,-19,-21,18,28
56509,34,0,2140,0,-91,0,-88,-2,125,148,0,4,9,1000,272,223,-190,-247,0,-2,47,0,0,0,0,0,42,-22,-20,15,19
56529,34,0,2140,0,-58,2,-61,3,131,117,0,0,30,1000,169,138,-139,-146,0,18,-7,4,4,4,4,0,42,-8,-8,21,26
58972,35,196,1026,82,125,979,41,836,355,-122,931,30,-1235,1000,1311,-2964,-2223,1867,874,43,99,1458,-2244,-1856,1908,0,44,198,-239,-215,201
58992,35,192,1183,76,128,895,-10,885,-39,-174,-576,128,-722,1000,1503,-2860,-1620,1657,1034,-125,196,1738,-2649,-2290,2154,0,44,209,-257,-219,202
59012,35,196,1376,69,80,1114,57,853,-193,266,1031,1,1452,1000,2237,-2497,-2113,2668,1194,19,-164,2097,-2975,-2645,2479,0,44,267,-260,-238,273
59032,35,192,1575,63,-37,989,45,907,-271,-45,-431,81,-461,1000,2102,-2515,-2288,1546,1355,-19,188,2412,-3349,-3048,2760,0,44,241,-309,-266,253
59052,35,196,1762,57,-82,1150,62,922,-419,92,657,108,574,1000,2831,-2610,-2459,1918,1514,-83,128,2717,-3726,-3455,3031,0,44,271,-328,-281,285
59072,35,192,1884,51,-86,1184,68,945,114,-9,-69,113,721,1000,2908,-2703,-2550,1950,1674,13,-62,3064,-4064,-3822,3345,0,44,297,-338,-292,309
59092,35,196,1988,45,-79,1402,94,959,-124,226,1364,112,2317,1000,3723,-2815,-2630,2809,1834,-33,19,3375,-4438,-4225,3622,0,44,324,-355,-312,334
59112,35,193,2088,38,-122,1446,105,1012,276,-62,-307,173,2293,1000,3955,-3064,-2784,2545,1994,193,-355,3755,-4744,-4560,3968,0,44,340,-347,-292,347
59133,35,192,2189,32,-38,1430,79,1010,262,-44,-175,-28,1079,1000,3104,-2887,-3209,3013,2154,-4,213,4028,-5156,-5001,4207,0,44,320,-378,-359,335
59153,35,196,1068,-22,-8,1319,105,1089,211,59,1231,111,806,1000,3064,-3083,-2572,2545,1327,14,321,2602,-3074,-3178,2482,0,44,29,-85,-56,20
59173,35,196,1276,-19,44,919,87,1046,257,-123,1070,57,-751,1000,1644,-2532,-2036,1639,1167,-249,284,2223,-2769,-2860,2117,0,44,-25,-16,0,-33
59193,35,196,1511,-16,28,727,109,1030,-122,95,949,30,-955,1000,1155,-2081,-1795,1175,1007,-134,56,1938,-2369,-2448,1847,0,44,-59,38,54,-60
59213,35,192,1750,-14,26,627,79,950,24,-128,52,56,-867,1000,984,-1944,-1540,884,847,-67,-190,1641,-1981,-2047,1565,0,44,-75,67,86,-77
59233,35,192,1971,-11,0,534,85,875,-196,18,119,73,-990,1000,880,-1741,-1379,562,687,30,-209,1353,-1585,-1639,1291,0,44,-98,93,118,-95
59253,35,192,2115,-8,-25,398,93,824,-17,67,290,90,-1529,1000,598,-1529,-1202,76,526,53,-172,1044,-1207,-1248,996,0,44,-139,111,142,-143
59273,35,192,2239,-6,34,311,60,658,130,-80,153,22,-860,1000,227,-1194,-917,318,366,167,-428,759,-808,-836,726,0,44,-105,136,154,-104
59293,35,64,2360,-3,-39,209,68,404,-323,237,135,118,-1534,1000,293,-1160,-760,-425,207,234,-332,464,-421,-438,445,0,44,-152,144,181,-184
59313,35,64,2480,0,-38,168,-8,240,-14,-123,-139,95,-951,1000,307,-867,-574,-312,47,281,-345,162,-39,-43,158,0,44,-139,171,199,-181
59333,35,129,2600,0,-100,38,0,124,-99,107,0,195,-1777,1000,254,-845,-352,-1125,0,296,-257,74,74,74,74,0,44,17,29,43,43
59353,35,0,2720,0,51,223,-4,132,493,-36,0,43,-110,1000,316,-820,-365,410,0,272,-148,68,68,68,68,0,44,6,68,51,-5
59373,35,0,2840,0,40,221,15,136,8,-51,0,11,-275,1000,326,-658,-411,500,0,93,229,23,23,23,23,0,44,-43,28,16,-53
59393,35,0,2960,0,50,193,26,143,20,8,0,3,-265,1000,213,-608,-352,475,0,62,166,15,15,15,15,0,44,-5,55,41,-19
59413,35,0,3080,0,36,179,35,134,-54,-23,0,8,9,1000,288,-502,-290,448,0,85,93,21,21,21,21,0,44,-16,46,34,-27
59433,35,0,3201,0,39,139,26,114,2,-43,0,-2,-77,1000,182,-386,-210,408,0,19,195,4,4,4,4,0,44,-35,21,10,-48
59454,35,0,3321,0,35,114,34,103,-6,-5,0,-4,-57,1000,133,-321,-175,350,0,0,147,0,0,0,0,0,44,-7,40,29,-20
59474,35,0,3441,0,40,83,29,80,-2,-34,0,-3,-45,1000,42,-285,-109,276,0,18,44,4,4,4,4,0,44,-3,37,24,-18
59494,35,0,3561,0,37,60,25,55,49,-39,0,0,-41,1000,4,-241,-64,209,0,55,3,13,13,13,13,0,44,-5,33,19,-18
62159,36,0,1000,64,63,-1023,0,-940,359,-49,0,-16,332,1000,-2141,2326,2545,-1727,-1014,-237,-239,-2176,2180,2485,-1823,0,49,-161,173,162,-152
62179,36,64,1112,60,15,-1006,9,-970,-249,-41,-109,-4,235,1000,-1957,2368,2418,-1850,-1153,61,-152,-2355,2593,2877,-2026,0,49,-217,243,234,-206
62199,36,196,1297,54,-67,-1199,8,-995,-481,24,815,40,-626,1000,-2201,2709,2591,-2743,-1313,80,-85,-2641,2987,3246,-2341,0,49,-261,257,259,-246
62219,36,192,1495,49,-27,-1136,39,-1023,194,71,-109,6,-222,1000,-2212,2599,2500,-2393,-1473,103,-295,-2927,3382,3617,-2656,0,49,-261,283,276,-249
62239,36,192,1695,44,-152,-1229,31,-1045,-712,38,38,132,-395,1000,-1818,2762,2698,-3218,-1634,319,-275,-3166,3827,4037,-2923,0,49,-266,283,303,-255
62259,36,192,1839,39,-105,-1233,62,-1038,137,59,313,51,531,1000,-1879,3108,2864,-2676,-1794,248,-213,-3475,4197,4383,-3260,0,49,-286,314,318,-273
62279,36,196,1946,34,-89,-1428,32,-1092,86,-144,550,65,570,1000,-2257,3505,3405,-3026,-1953,283,-214,-3758,4596,4757,-3571,0,49,-307,342,344,-296
62299,36,192,2048,28,-131,-1400,57,-1153,-181,138,-412,111,-336,1000,-2139,3278,3207,-3334,-2114,152,102,-4082,4952,5088,-3924,0,49,-330,326,337,-323
62319,36,196,2148,23,-88,-1597,49,-1124,221,4,672,17,-206,1000,-2774,3932,3600,-3332,-2274,41,209,-4402,5314,5426,-4272,0,49,-362,368,362,-349
62339,36,197,1094,-55,13,-1333,28,-1208,348,-63,1628,150,-596,1000,-2373,2634,3441,-2939,-1461,31,172,-2635,3582,3321,-2937,0,49,-26,38,26,-48
62359,36,196,1309,-49,-38,-911,50,-1163,-197,107,1674,-21,193,1000,-1619,2357,2066,-1737,-1301,66,61,-2337,3200,2967,-2606,0,49,30,-11,-27,34
62379,36,196,1545,-43,-7,-773,27,-1104,190,-75,520,22,666,1000,-1217,1977,2054,-1354,-1141,44,104,-2053,2803,2599,-2289,0,49,51,-49,-64,50
62399,36,192,1785,-37,-72,-695,16,-1057,-101,-77,80,-1,799,1000,-896,2057,1706,-1283,-981,-15,165,-1778,2397,2222,-1981,0,49,72,-70,-76,86
62420,36,192,1995,-31,-21,-598,21,-968,115,84,73,33,880,1000,-737,1657,1719,-999,-821,-72,224,-1503,1991,1844,-1673,0,49,89,-100,-109,93
62440,36,64,2133,-25,-41,-507,-4,-896,-48,-129,135,41,482,1000,-565,1392,1404,-967,-661,-134,331,-1229,1584,1466,-1366,0,49,94,-121,-124,103
62460,36,64,2257,-19,-32,-442,-17,-634,44,42,-116,50,990,1000,-340,1304,1403,-733,-501,-186,249,-953,1180,1091,-1057,0,49,125,-136,-138,133
62480,36,64,2378,-12,-17,-386,-19,-478,93,-6,-56,67,276,1000,-384,951,1202,-766,-341,-238,381,-676,774,714,-747,0,49,125,-159,-162,131
62500,36,64,2497,-6,27,-233,7,-311,117,138,-32,122,0,1000,-151,291,1027,-522,-181,-379,437,-423,349,317,-460,0,49,138,-183,-187,130
62520,36,64,2618,0,17,-169,-29,-208,183,-172,56,114,-224,1000,-102,104,751,-494,-21,-383,332,-135,-41,-45,-140,0,49,151,-230,-208,139
62540,36,0,2738,0,-22,-166,1,-87,-292,56,0,105,-261,1000,0,212,633,-573,0,-473,386,-118,-118,-118,-118,0,49,-44,-87,-72,-41
62560,36,0,2858,0,-34,-245,-2,-149,-117,21,0,3,-24,1000,-423,594,448,-631,0,-244,-207,-61,-61,-61,-61,0,49,38,-40,-27,45
62580,36,0,2978,0,-2,-194,-8,-125,129,39,0,5,183,1000,-408,398,414,-442,0,-24,-395,-6,-6,-6,-6,0,49,27,-35,-34,28
62600,36,0,3098,0,-18,-180,0,-149,-30,62,0,9,138,1000,-306,416,374,-448,0,-42,-263,-10,-10,-10,-10,0,49,16,-44,-38,21
62620,36,0,3218,0,-9,-155,-12,-124,52,-27,0,-6,97,1000,-317,369,295,-341,0,-17,-229,-4,-4,-4,-4,0,49,26,-32,-29,29
62640,36,0,3338,0,-6,-122,-2,-108,-7,33,0,2,133,1000,-228,280,260,-277,0,7,-207,1,1,1,1,0,49,22,-29,-27,25
62660,36,0,3458,0,-6,-98,0,-87,14,29,0,0,34,1000,-199,218,187,-234,0,7,-151,1,1,1,1,0,49,19,-27,-25,22
62680,36,0,3579,0,8,-72,0,-66,83,9,0,3,91,1000,-169,127,186,-137,0,30,-148,7,7,7,7,0,49,21,-20,-22,20
65294,37,0,1000,1093,1093,988,1070,935,123,-5,0,32,-979,1000,-1275,-5237,78,4557,988,-16,-16,-849,-4978,18,4939,0,49,-6,-246,-20,268
65314,37,64,1103,1183,1107,912,1088,964,54,45,-346,-20,-755,1000,-1514,-4898,222,4625,1085,94,2,-1132,-5324,254,5329,0,49,-72,-334,15,315
65334,37,64,1287,1292,1158,947,1135,952,232,138,149,-42,-560,1000,-1603,-5021,232,4903,1202,146,-86,-1192,-5844,247,5864,0,49,-68,-352,13,344
65354,37,64,1485,1401,1142,973,1168,973,-160,154,-174,-33,-33,1000,-1371,-4948,276,5010,1319,189,-134,-1255,-6366,238,6397,0,49,-63,-364,20,367
65375,37,64,1685,1510,1221,1036,1179,996,305,100,195,-76,591,1000,-1398,-5017,365,5599,1437,202,-119,-1325,-6896,222,6922,0,49,-59,-388,17,405
65395,37,64,1864,1619,1235,1032,1211,1023,188,91,19,-26,-400,1000,-1517,-5340,350,5341,1554,127,152,-1417,-7448,184,7425,0,49,-67,-428,4,414
65415,37,64,2027,1728,1296,1099,1282,1039,267,267,239,-25,-106,1000,-1500,-5592,395,5689,1671,30,78,-1515,-8005,141,7922,0,49,-64,-450,3,440
65435,37,64,1003,1314,1345,1188,1313,1130,383,107,-344,31,-436,1000,-1428,-6144,351,5785,1164,31,57,-1355,-5833,362,5822,0,49,-86,-170,58,143
65455,37,196,1155,1201,1276,1000,1358,1107,-509,207,1116,10,-542,1000,-1689,-5530,540,5237,1064,83,-8,-1225,-5319,344,5336,0,49,-76,-123,46,92
65475,37,196,1380,1081,1154,850,1330,1112,-646,-220,668,-23,-276,1000,-1651,-4741,583,4753,958,115,-21,-1093,-4780,320,4815,0,49,-67,-72,43,50
65495,37,196,1618,962,1086,746,1303,1126,-250,-16,526,-71,0,1000,-1746,-4196,569,4493,852,236,-216,-939,-4218,318,4316,0,49,-50,-26,46,31
65515,37,196,1858,842,972,638,1282,1030,-630,-210,564,19,-552,1000,-1574,-4028,655,3655,746,241,-169,-813,-3684,287,3787,0,49,-47,3,44,-19
65535,37,192,2041,722,999,612,1200,1038,126,-254,-392,-44,266,1000,-1692,-3728,764,3955,640,423,-422,-643,-3106,300,3302,0,49,-28,27,52,-5
19,37,192,2171,602,948,627,1194,997,-248,-186,107,-60,370,1000,-1500,-3543,628,3941,533,406,-285,-523,-2577,263,2768,0,49,-39,45,51,-32
39,37,192,2293,482,910,552,1117,963,-251,-218,-52,0,-19,1000,-1491,-3514,783,3479,427,432,-231,-392,-2038,238,2244,0,49,-37,58,46,-64
59,37,64,2414,363,860,570,998,791,-343,-198,168,-30,-197,1000,-1428,-3400,506,3402,321,452,-214,-263,-1500,210,1719,0,49,-37,75,54,-65
79,37,64,2534,243,850,500,857,600,-61,-382,-411,-9,-357,1000,-1527,-3300,660,3158,215,492,-206,-129,-958,188,1199,0,49,-27,90,49,-86
99,37,64,2654,123,792,532,826,568,-239,-153,44,-7,-249,1000,-1253,-3193,502,3109,109,477,-111,-8,-429,152,665,0,49,-25,106,56,-99
119,37,64,2774,6,729,429,741,461,-431,-345,116,9,-443,1000,-1273,-2875,608,2670,6,446,-43,104,81,113,141,0,49,-7,130,49,-106
140,37,64,2895,0,640,408,666,419,-333,-310,0,-48,307,1000,-976,-2260,518,2725,0,453,62,113,113,113,113,0,49,65,163,26,-78
160,37,0,3015,0,567,404,609,388,-404,-228,0,-44,69,1000,-741,-2051,404,2549,0,274,450,68,68,68,68,0,49,12,125,-8,-134
180,37,0,3134,0,500,357,508,323,-397,-437,0,-17,-769,1000,-758,-2018,253,2046,0,19,611,4,4,4,4,0,49,-3,102,-18,-143
200,37,0,3255,0,490,348,458,326,-63,-279,0,10,-645,1000,-727,-2078,283,1906,0,75,339,18,18,18,18,0,49,25,130,2,-120
220,37,0,3375,0,405,258,415,261,-373,-317,0,-42,-229,1000,-683,-1438,264,1712,0,38,314,9,9,9,9,0,49,20,108,-7,-111
240,37,0,3495,0,403,291,350,247,-99,-364,0,-10,-224,1000,-558,-1607,245,1690,0,25,253,6,6,6,6,0,49,19,120,0,-118
260,37,0,3615,0,318,226,342,218,-414,-161,0,-26,-98,1000,-454,-1182,193,1398,0,-12,254,-3,-3,-3,-3,0,49,7,97,-8,-116
280,37,0,3735,0,310,226,254,183,-38,-446,0,-19,-102,1000,-454,-1217,151,1327,0,28,110,7,7,7,7,0,49,20,112,2,-106
300,37,0,3855,0,259,185,241,165,-293,-230,0,-10,-156,1000,-386,-1032,136,1076,0,8,116,2,2,2,2,0,49,17,103,0,-100
320,37,0,3975,0,216,149,192,138,-183,-279,0,0,-48,1000,-316,-868,146,868,0,42,11,10,10,10,10,0,49,37,113,15,-74
340,37,0,4095,0,165,122,156,103,-216,-225,0,-10,-108,1000,-253,-666,62,696,0,29,56,7,7,7,7,0,49,7,83,-5,-95
360,37,0,4215,0,117,94,109,83,-203,-254,0,-7,-74,1000,-171,-498,21,502,0,21,11,5,5,5,5,0,49,24,92,11,-68
380,37,0,4336,0,74,66,67,56,-235,-235,0,-2,-36,1000,-103,-347,-9,315,0,60,-48,15,15,15,15,0,49,24,87,13,-58
3091,38,0,1000,-1036,-1036,-902,-1041,-969,177,-19,0,67,826,1000,1438,4592,37,-4511,-902,-73,-73,862,4991,-5,-4926,0,49,30,274,49,-271
3112,38,196,1103,-1125,-1087,-961,-1054,-887,-345,-35,652,-7,1282,1000,1375,5110,-52,-4528,-999,94,-233,1186,5033,-274,-4962,0,49,87,332,7,-312
3132,38,64,1288,-1233,-1158,-945,-1080,-933,-341,-40,223,24,957,1000,1669,5157,-181,-4762,-1117,-65,83,1216,5526,-290,-5522,0,49,72,338,-9,-342
3152,38,64,1485,-1341,-1130,-957,-1170,-947,96,-364,-359,79,526,1000,1587,4887,-50,-4926,-1235,-96,118,1277,6052,-274,-6051,0,49,72,348,9,-368
3172,38,196,1685,-1450,-1184,-1010,-1136,-954,-335,60,479,122,365,1000,1667,4971,-6,-5326,-1354,-69,41,1353,6591,-243,-6565,0,49,73,374,22,-401
3192,38,64,1864,-1558,-1240,-1070,-1227,-974,-238,-425,-78,4,1005,1000,1546,5634,-191,-5246,-1472,1,-217,1439,7142,-201,-7068,0,49,80,423,4,-414
3212,38,196,2028,-1666,-1309,-1101,-1205,-1033,-555,96,594,119,-4,1000,1681,5344,-237,-5978,-1590,78,-165,1528,7694,-158,-7569,0,49,72,429,7,-454
3232,38,64,2188,-1774,-1290,-1156,-1302,-1094,4,-467,-234,10,1265,1000,1575,5980,-52,-5518,-1708,158,-308,1617,8247,-114,-8070,0,49,88,465,36,-447
3252,38,64,1009,-1351,-1376,-1214,-1324,-1167,-346,-66,-262,125,82,1000,1734,5827,-41,-6318,-1202,-103,38,1364,5995,-375,-6015,0,49,103,148,-21,-149
3272,38,196,1176,-1234,-1230,-955,-1359,-1170,610,-148,1309,115,-156,1000,1790,4876,-351,-5421,-1098,5,199,1270,5499,-318,-5468,0,49,71,77,-45,-98
3292,38,192,1404,-1114,-1203,-855,-1328,-1133,127,144,329,39,552,1000,1927,4948,-528,-4812,-991,-114,220,1117,4934,-317,-4966,0,49,67,59,-36,-52
3312,38,192,1642,-994,-1109,-806,-1314,-1056,268,172,-118,46,267,1000,1716,4530,-471,-4540,-885,-158,249,983,4393,-297,-4449,0,49,62,20,-42,-19
3332,38,192,1882,-875,-1093,-734,-1266,-1086,93,193,188,20,495,1000,1806,4439,-614,-4253,-779,-180,228,855,3855,-271,-3925,0,49,52,-7,-40,11
3352,38,192,2055,-755,-982,-753,-1271,-993,664,39,318,-91,472,1000,1249,4518,-564,-3727,-672,-276,332,708,3297,-264,-3419,0,49,48,-16,-61,17
3372,38,192,2184,-636,-964,-620,-1191,-971,279,349,221,-19,549,1000,1604,3984,-658,-3577,-566,-290,251,581,2762,-237,-2892,0,49,44,-44,-43,52
3392,38,192,2305,-516,-898,-554,-1178,-900,121,133,-130,56,-141,1000,1586,3355,-599,-3563,-459,-412,427,428,2198,-236,-2393,0,49,28,-75,-53,45
3412,38,196,2426,-397,-810,-444,-1118,-881,677,307,680,70,271,1000,1635,2906,-566,-3091,-353,-396,217,309,1670,-201,-1859,0,49,42,-90,-33,98
3432,38,192,2546,-277,-781,-464,-1048,-800,0,328,-554,3,309,1000,1392,3066,-600,-2889,-247,-431,246,177,1128,-179,-1337,0,49,33,-108,-46,107
3453,38,192,2666,-158,-814,-469,-1017,-776,4,239,-316,20,412,1000,1521,3130,-608,-3010,-140,-448,200,50,591,-153,-812,0,49,28,-118,-40,124
3473,38,64,2786,-38,-691,-417,-933,-689,480,269,102,-46,621,1000,1192,2931,-562,-2385,-34,-470,183,-77,53,-127,-287,0,49,17,-136,-48,135
3493,38,64,2906,0,-694,-406,-747,-531,-11,486,0,0,362,1000,1250,2728,-549,-2542,0,-514,162,-128,-128,-128,-128,0,49,-59,-155,-18,83
3513,38,0,3027,0,-570,-379,-698,-444,527,33,0,34,-402,1000,766,2014,-500,-2495,0,-435,-150,-108,-108,-108,-108,0,49,-53,-153,-17,90
3533,38,0,3146,0,-444,-437,-511,-414,566,535,0,-125,-547,1000,-87,2193,-522,-1979,0,-272,-238,-68,-68,-68,-68,0,49,-14,-139,-26,107
3553,38,0,3266,0,-487,-357,-469,-379,-77,161,0,-48,5,1000,452,2021,-518,-2002,0,-151,-368,-37,-37,-37,-37,0,49,-16,-125,0,124
3573,38,0,3387,0,-434,-256,-431,-332,254,239,0,3,441,1000,720,1635,-394,-1666,0,-83,-374,-20,-20,-20,-20,0,49,-13,-102,16,121
3593,38,0,3507,0,-394,-305,-345,-283,197,474,0,-25,83,1000,395,1667,-316,-1651,0,-90,-260,-22,-22,-22,-22,0,49,-12,-118,-1,119
3613,38,0,3627,0,-326,-220,-344,-229,282,82,0,-35,493,1000,454,1441,-275,-1174,0,-58,-244,-14,-14,-14,-14,0,49,-13,-101,5,108
3633,38,0,3747,0,-304,-222,-280,-221,125,285,0,-6,161,1000,375,1244,-226,-1258,0,-32,-224,-8,-8,-8,-8,0,49,-8,-101,4,112
3653,38,0,3867,0,-273,-191,-249,-185,198,267,0,0,118,1000,378,1094,-193,-1113,0,-55,-123,-13,-13,-13,-13,0,49,-13,-100,2,105
3673,38,0,3987,0,-236,-173,-221,-168,182,185,0,-10,134,1000,288,989,-178,-959,0,-20,-148,-5,-5,-5,-5,0,49,-7,-94,4,106
3693,38,0,4107,0,-193,-145,-195,-147,226,160,0,-3,97,1000,260,826,-104,-783,0,-46,-27,-11,-11,-11,-11,0,49,-26,-105,-12,80
3713,38,0,4227,0,-144,-128,-146,-122,149,201,0,5,-20,1000,159,628,-28,-655,0,-83,11,-20,-20,-20,-20,0,49,-11,-92,-6,85
3733,38,0,4348,0,-129,-101,-113,-95,100,188,0,4,88,1000,191,555,-33,-535,0,-77,-2,-19,-19,-19,-19,0,49,-13,-88,-4,82
3754,38,0,4460,0,-94,-81,-86,-76,140,173,0,4,63,1000,138,429,4,-398,0,-90,38,-22,-22,-22,-22,0,49,-18,-89,-10,70
3774,38,0,4493,0,-65,-52,-62,-57,140,132,0,11,-14,1000,106,256,3,-297,0,-104,36,-26,-26,-26,-26,0,49,-16,-81,-7,66
3794,38,0,4499,0,-38,-34,-40,-34,145,118,0,-2,17,1000,35,180,-14,-166,0,-78,-14,-19,-19,-19,-19,0,49,-12,-73,-5,64
