202514,4,-800,-68,31,598,0,1,1,1,1,0,0,0,0
202614,4,-800,-68,31,598,0,1,1,1,1,0,0,0,0
202714,4,-800,-68,31,598,0,1,1,1,1,0,0,0,0
202814,4,-800,-68,31,598,0,1,1,1,1,0,0,0,0
202914,4,-800,-68,31,598,0,1,1,1,1,0,0,0,0
203014,4,-800,-68,31,598,0,1,1,1,1,0,0,0,0
203114,4,-800,-68,31,598,0,1,1,1,1,0,0,0,0
203214,4,-800,-68,31,598,0,1,1,1,1,0,0,0,0
203314,4,-800,-68,31,598,0,1,1,1,1,0,0,0,0
203414,4,-800,-68,31,598,0,1,1,1,1,0,0,0,0
203514,4,-800,-68,31,598,0,1,1,1,1,0,0,0,0
203614,4,-800,-68,31,598,0,1,1,1,1,0,0,0,0
203714,4,-800,-68,31,598,0,1,1,1,1,0,0,0,0
203814,4,-800,-68,31,598,0,1,1,1,1,0,0,0,0
203914,4,-800,-68,31,598,0,1,1,1,1,0,0,0,0
204014,0,0,-68,31,598,0,1,1,1,1,0,0,0,0
204114,0,0,-68,31,598,0,1,1,1,1,0,0,0,0
204214,0,0,-68,31,598,0,1,1,1,1,0,0,0,0
204314,0,0,-68,31,598,0,1,1,1,1,0,0,0,0
204414,0,0,-68,31,598,0,1,1,1,1,0,0,0,0
204514,0,0,-68,31,598,0,1,1,1,1,0,0,0,0
204614,0,0,-68,31,598,0,1,1,1,1,0,0,0,0
204714,0,0,-68,31,5943607,4,-800,17,-4,19,-821,1,1,1,1,478,498,494,495,0,0,0,0
43707,4,-800,51,4,3,-793,1,1,1,1,497,456,432,498,0,0,0,0
43807,4,-800,-32,31,14,-747,1,1,1,1,497,497,472,490,0,0,0,0
43907,4,-800,-45,-44,-12,-846,1,1,1,1,497,497,497,498,0,0,0,0
44007,0,0,14,22,-45,-760,0,0,0,0,497,498,498,498,0,0,0,0
44107,0,0,19,19,-26,-26,0,0,0,0,478,491,497,497,0,0,0,0
44207,0,0,11,255,-9,14,0,0,0,0,502,435,501,403,0,0,0,0
44307,0,0,-26,22,44,9,0,0,0,0,494,443,497,477,0,0,0,0
44407,0,0,14,25,-9,2,0,0,0,0,488,430,496,490,0,0,0,0
44507,0,0,13,-31,-21,-21,0,0,0,0,412,489,458,426,0,0,0,0
44607,0,0,2,-14,26,-3,0,0,0,0,492,470,497,480,0,0,0,0
44707,0,0,14,-31,9,-12,0,0,0,0,488,494,495,499,0,0,0,0
44807,0,0,21,4,-8,6,0,0,0,0,472,490,494,491,0,0,0,0
44907,0,0,-25,26,34,4,0,0,0,0,488,423,495,492,0,0,0,0
45007,1,800,-4,-6,7,-21,1,1,1,1,467,491,494,481,0,0,0,0
45107,1,800,834,-18,84,25,1,1,1,1,494,495,497,497,0,0,0,0
45207,1,800,766,33,26,63,1,1,1,1,497,498,497,498,0,0,0,0
45307,1,800,872,-22,-19,-9,1,1,1,1,498,501,502,501,0,0,0,0
45407,1,800,727,7,1,-7,1,1,1,1,494,498,497,495,0,0,0,0
45507,1,800,845,-2,35,-25,1,1,1,1,497,497,497,497,0,0,0,0
45607,1,800,769,53,-14,19,1,1,1,1,493,434,496,497,0,0,0,0
45707,1,800,764,-19,-22,19,1,1,1,1,494,462,467,495,0,0,0,0
45807,1,800,820,-8,12,-6,1,1,1,1,497,493,493,497,0,0,0,0
45907,1,800,825,-2,19,35,1,1,1,1,495,495,496,496,0,0,0,0
46007,1,800,820,-28,-29,-19,1,1,1,1,496,495,497,496,0,0,0,0
46107,1,800,817,-17,-34,-7,1,1,1,1,498,498,497,498,0,0,0,0
46207,1,800,771,14,-45,8,1,1,1,1,493,474,497,436,0,0,0,0
46307,1,800,830,1,31,-11,1,1,1,1,491,495,493,491,0,0,0,0
46407,1,800,810,3,-31,72,1,1,1,1,496,494,497,497,0,0,0,0
46508,1,800,777,-14,-51,-68,1,1,1,1,499,460,502,485,0,0,0,0
46608,1,800,800,-11,2,-17,1,1,1,1,497,486,497,424,0,0,0,0
46708,1,800,847,42,9,28,1,1,1,1,502,483,501,502,0,0,0,0
46808,1,800,816,-22,72,16,1,1,1,1,484,497,497,496,0,0,0,0
46908,1,800,807,-18,34,2,1,1,1,1,497,498,496,497,0,0,0,0
47008,1,-800,676,-8,-74,-45,1,1,1,1,490,493,497,427,0,0,0,0
47108,1,-800,-995,-51,-19,-52,1,1,1,1,494,498,497,496,0,0,0,0
47208,1,-800,-842,-13,-11,-6,1,1,1,1,498,498,498,495,0,0,0,0
47308,1,-800,-774,24,-2,8,1,1,1,1,497,496,497,493,0,0,0,0
47408,1,-800,-863,64,-32,-37,1,1,1,1,494,492,497,493,0,0,0,0
47508,1,-800,-955,1,-32,17,1,1,1,1,498,498,497,498,0,0,0,0
47608,1,-800,-471,3,44,34,1,1,1,1,495,496,495,495,0,0,0,0
47708,1,-800,-805,28,-6,0,1,1,1,1,497,496,497,491,0,0,0,0
47808,1,-800,-795,-8,-53,-9,1,1,1,1,497,495,497,494,0,0,0,0
47908,1,-800,-807,-31,4,3,1,1,1,1,497,492,497,496,0,0,0,0
48008,1,-800,-781,4,19,14,1,1,1,1,493,498,497,496,0,0,0,0
48108,1,-800,-820,-8,14,9,1,1,1,1,495,497,496,494,0,0,0,0
48208,1,-800,-834,13,-13,-42,1,1,1,1,493,459,497,490,0,0,0,0
48308,1,-800,-829,21,9,24,1,1,1,1,498,498,497,497,0,0,0,0
48408,1,-800,-1375,26,4,0,1,1,1,1,497,498,497,494,0,0,0,0
48508,1,-800,-701,-24,53,-70,1,1,1,1,497,498,496,495,0,0,0,0
48608,1,-800,-781,-39,-41,1,1,1,1,1,497,498,498,498,0,0,0,0
48708,1,-800,-779,-28,17,-32,1,1,1,1,494,498,495,495,0,0,0,0
48808,1,-800,-843,55,31,44,1,1,1,1,498,435,497,494,0,0,0,0
48908,1,-800,-905,21,-24,-24,1,1,1,1,494,498,497,497,0,0,0,0
49008,0,0,-803,-19,-42,51,0,0,0,0,493,498,498,498,0,0,0,0
49108,0,0,-25,-19,-12,4,0,0,0,0,493,494,476,493,0,0,0,0
49208,0,0,-21,-3,-26,25,0,0,0,0,502,462,499,434,0,0,0,0
49308,0,0,38,28,19,26,0,0,0,0,491,462,494,487,0,0,0,0
49408,0,0,19,-4,28,7,0,0,0,0,494,481,496,492,0,0,0,0
49508,0,0,8,26,2,29,0,0,0,0,492,492,494,474,0,0,0,0
49608,0,0,13,9,-32,17,0,0,0,0,367,402,498,501,0,0,0,0
49708,0,0,19,-18,1,1,0,0,0,0,472,496,493,485,0,0,0,0
49808,0,0,-21,-17,-1,9,0,0,0,0,470,472,495,491,0,0,0,0
49908,0,0,44,-74,9,-3,0,0,0,0,490,494,495,401,0,0,0,0
50008,2,800,-22,-2,36,1,1,1,1,1,498,490,501,496,0,0,0,0
50108,2,800,9,912,-16,14,1,1,1,1,496,488,496,496,0,0,0,0
50208,2,800,11,753,-42,-42,1,1,1,1,497,498,496,496,0,0,0,0
50308,2,800,11,758,26,-41,1,1,1,1,457,491,444,497,0,0,0,0
50408,2,800,-14,719,-36,255,1,1,1,1,496,498,497,497,0,0,0,0
50508,2,800,44,789,-19,64,1,1,1,1,498,498,497,498,0,0,0,0
50608,2,800,-8,851,19,29,1,1,1,1,493,494,496,496,0,0,0,0
50708,2,800,-25,794,-36,-39,1,1,1,1,497,493,497,496,0,0,0,0
50808,2,800,-2,804,-41,32,1,1,1,1,497,495,497,496,0,0,0,0
50908,2,800,24,737,-52,-1,1,1,1,1,498,495,498,497,0,0,0,0
51008,2,800,9,925,-42,-42,1,1,1,1,417,498,496,498,0,0,0,0
51108,2,800,-7,838,-31,37,1,1,1,1,497,498,497,441,0,0,0,0
51208,2,800,-57,889,-34,-7,1,1,1,1,497,498,497,498,0,0,0,0
51308,2,800,2,560,-22,48,1,1,1,1,496,498,494,462,0,0,0,0
51408,2,800,33,768,45,-32,1,1,1,1,497,489,497,491,0,0,0,0
51508,2,800,1,752,-16,-79,1,1,1,1,501,499,497,501,0,0,0,0
51608,2,800,-39,810,-25,26,1,1,1,1,492,497,497,497,0,0,0,0
51708,2,800,-24,755,84,-13,1,1,1,1,497,498,497,497,0,0,0,0
51808,2,800,-34,826,-2,-72,1,1,1,1,490,494,497,497,0,0,0,0
51908,2,800,-7,816,-17,6,1,1,1,1,497,498,497,497,0,0,0,0
52008,2,-800,-9,739,-19,-4,1,1,1,1,493,492,497,496,0,0,0,0
52108,2,-800,-29,-928,-45,19,1,1,1,1,497,494,497,497,0,0,0,0
52208,2,-800,52,-824,-3,-58,1,1,1,1,498,492,497,498,0,0,0,0
52308,2,-800,3,-808,-14,26,1,1,1,1,497,498,497,497,0,0,0,0
52408,2,-800,0,-513,-45,-39,1,1,1,1,497,498,497,494,0,0,0,0
52508,2,-800,47,-783,-39,-24,1,1,1,1,487,497,497,498,0,0,0,0
52608,2,-800,-17,-813,-42,38,1,1,1,1,496,496,497,497,0,0,0,0
52708,2,-800,-18,-803,11,-9,1,1,1,1,496,498,498,494,0,0,0,0
52808,2,-800,-22,-769,-9,-51,1,1,1,1,497,497,473,498,0,0,0,0
52908,2,-800,11,-764,-25,12,1,1,1,1,495,498,497,497,0,0,0,0
53008,2,-800,2,-787,37,-22,1,1,1,1,498,496,491,498,0,0,0,0
53108,2,-800,-7,-733,-24,-32,1,1,1,1,495,493,497,497,0,0,0,0
53208,2,-800,22,-725,1,47,1,1,1,1,435,498,497,497,0,0,0,0
53308,2,-800,3,-764,-34,32,1,1,1,1,496,495,497,497,0,0,0,0
53408,2,-800,-48,-680,12,42,1,1,1,1,497,497,471,497,0,0,0,0
53508,2,-800,2,-793,-19,61,1,1,1,1,497,494,494,497,0,0,0,0
53608,2,-800,-33,-741,-19,39,1,1,1,1,470,494,495,498,0,0,0,0
53708,2,-800,-7,-766,4,-19,1,1,1,1,467,492,497,430,0,0,0,0
53808,2,-800,22,-810,-12,-48,1,1,1,1,497,498,497,497,0,0,0,0
53908,2,-800,-4,-727,0,50,1,1,1,1,493,489,492,489,0,0,0,0
54008,0,0,-12,-793,-3,-32,0,0,0,0,500,503,502,502,0,0,0,0
54108,0,0,6,-2,-26,-3,0,0,0,0,418,482,497,491,0,0,0,0
54208,0,0,-28,2,13,4,0,0,0,0,487,462,484,496,0,0,0,0
54308,0,0,-13,-16,51,-9,0,0,0,0,395,401,496,495,0,0,0,0
54408,0,0,-29,-24,-26,39,0,0,0,0,492,446,496,493,0,0,0,0
54508,0,0,4,-1,19,9,0,0,0,0,460,335,497,490,0,0,0,0
54608,0,0,-24,-28,8,4,0,0,0,0,454,495,498,499,0,0,0,0
54708,0,0,32,-25,-2,-14,0,0,0,0,469,487,493,490,0,0,0,0
54808,0,0,-22,34,29,36,0,0,0,0,496,495,495,490,0,0,0,0
54908,0,0,0,32,14,14,0,0,0,0,494,489,496,489,0,0,0,0
55008,3,800,25,-14,19,8,1,1,1,1,449,496,497,498,0,0,0,0
55108,3,800,22,-45,863,18,1,1,1,1,496,496,496,496,0,0,0,0
55208,3,800,-3,33,801,-26,1,1,1,1,496,497,496,496,0,0,0,0
55308,3,800,0,14,822,14,1,1,1,1,496,497,496,496,0,0,0,0
55408,3,800,41,26,753,41,1,1,1,1,496,497,496,497,0,0,0,0
55508,3,800,-13,-8,875,13,1,1,1,1,496,497,497,496,0,0,0,0
55608,3,800,9,61,807,-17,1,1,1,1,497,497,496,497,0,0,0,0
55708,3,800,-22,0,760,-1,1,1,1,1,496,498,496,496,0,0,0,0
55808,3,800,3,-7,498,2,1,1,1,1,502,502,502,502,0,0,0,0
55908,3,800,-9,25,810,-18,1,1,1,1,496,497,495,496,0,0,0,0
56008,3,800,-25,-6,787,-26,1,1,1,1,496,497,497,497,0,0,0,0
56108,3,800,-29,-22,760,28,1,1,1,1,497,498,497,497,0,0,0,0
56208,3,800,6,16,839,16,1,1,1,1,497,497,496,497,0,0,0,0
56308,3,800,-3,-14,812,-1,1,1,1,1,496,497,497,496,0,0,0,0
56408,3,800,65,-14,814,44,1,1,1,1,497,497,496,497,0,0,0,0
56508,3,800,-61,-55,779,7,1,1,1,1,496,498,497,497,0,0,0,0
56608,3,800,7,-38,221,4,1,1,1,1,497,497,496,497,0,0,0,0
56708,3,800,-9,-29,750,-26,1,1,1,1,496,497,496,496,0,0,0,0
56808,3,800,18,-14,805,-17,1,1,1,1,497,497,497,497,0,0,0,0
56908,3,800,0,2,770,4,1,1,1,1,501,502,501,502,0,0,0,0
57008,3,-800,-17,-32,845,-22,1,1,1,1,496,497,496,495,0,0,0,0
57108,3,-800,-13,-52,-1014,38,1,1,1,1,497,498,497,498,0,0,0,0
57208,3,-800,17,-52,-748,17,1,1,1,1,497,498,497,497,0,0,0,0
57308,3,-800,0,0,-826,14,1,1,1,1,497,497,497,497,0,0,0,0
57408,3,-800,-12,29,-781,63,1,1,1,1,497,498,497,497,0,0,0,0
57508,3,-800,26,-39,-801,-68,1,1,1,1,497,497,497,497,0,0,0,0
57608,3,-800,42,39,-850,2,1,1,1,1,497,498,497,497,0,0,0,0
57708,3,-800,9,-14,-746,-9,1,1,1,1,496,498,496,497,0,0,0,0
57808,3,-800,-22,29,-835,-2,1,1,1,1,497,497,497,497,0,0,0,0
57908,3,-800,75,35,-783,17,1,1,1,1,497,498,497,498,0,0,0,0
58008,3,-800,17,4,-862,-12,1,1,1,1,497,498,497,497,0,0,0,0
58108,3,-800,7,-9,-789,-21,1,1,1,1,497,498,497,497,0,0,0,0
58208,3,-800,-13,7,-822,31,1,1,1,1,497,498,498,497,0,0,0,0
58308,3,-800,-29,22,-777,8,1,1,1,1,498,498,497,498,0,0,0,0
58408,3,-800,-36,9,-842,-37,1,1,1,1,497,498,497,497,0,0,0,0
58508,3,-800,9,9,-910,42,1,1,1,1,497,498,497,497,0,0,0,0
58608,3,-800,-13,8,-737,-2,1,1,1,1,497,497,497,497,0,0,0,0
58708,3,-800,70,31,-832,9,1,1,1,1,497,499,497,497,0,0,0,0
58808,3,-800,8,7,-725,42,1,1,1,1,497,498,497,497,0,0,0,0
58908,3,-800,0,-38,-805,17,1,1,1,1,497,498,496,497,0,0,0,0
59008,0,0,-45,-19,-787,13,0,0,0,0,497,497,497,497,0,0,0,0
59108,0,0,14,25,0,-39,0,0,0,0,489,432,497,487,0,0,0,0
59208,0,0,-50,-17,-19,-1,0,0,0,0,498,366,498,465,0,0,0,0
59308,0,0,42,-31,-18,-14,0,0,0,0,496,497,497,492,0,0,0,0
59408,0,0,-25,-3,-6,-13,0,0,0,0,494,489,492,489,0,0,0,0
59508,0,0,-29,6,-11,-26,0,0,0,0,494,497,497,497,0,0,0,0
59608,0,0,-8,-4,78,9,0,0,0,0,485,475,496,462,0,0,0,0
59708,0,0,25,0,-13,4,0,0,0,0,493,416,494,463,0,0,0,0
59808,0,0,-17,22,-14,6,0,0,0,0,493,483,501,499,0,0,0,0
59908,0,0,0,-48,-22,4,0,0,0,0,398,497,472,484,0,0,0,0
60008,4,800,-22,48,9,14,1,1,1,1,495,471,492,491,0,0,0,0
60108,4,800,59,-11,-39,907,1,1,1,1,497,498,497,497,0,0,0,0
60208,4,800,9,-22,14,798,1,1,1,1,494,496,495,496,0,0,0,0
60308,4,800,-35,-33,8,835,1,1,1,1,457,492,495,496,0,0,0,0
60408,4,800,22,-63,8,708,1,1,1,1,494,498,495,497,0,0,0,0
60508,4,800,16,-18,-18,764,1,1,1,1,499,502,502,494,0,0,0,0
60608,4,800,22,-48,-11,777,1,1,1,1,497,498,488,497,0,0,0,0
60708,4,800,-41,-3,-12,825,1,1,1,1,496,494,419,497,0,0,0,0
60808,4,800,39,45,34,843,1,1,1,1,490,494,497,498,0,0,0,0
60908,4,800,51,28,18,764,1,1,1,1,468,454,497,491,0,0,0,0
61008,4,800,-12,-22,-18,821,1,1,1,1,494,497,497,496,0,0,0,0
61108,4,800,-1,19,11,816,1,1,1,1,496,498,497,497,0,0,0,0
61208,4,800,38,-32,14,804,1,1,1,1,497,495,496,497,0,0,0,0
61308,4,800,-26,9,34,817,1,1,1,1,471,498,498,497,0,0,0,0
61408,4,800,11,-17,2,760,1,1,1,1,497,493,496,497,0,0,0,0
61508,4,800,21,39,-19,813,1,1,1,1,496,469,497,497,0,0,0,0
61608,4,800,6,-4,-35,801,1,1,1,1,498,495,497,497,0,0,0,0
61708,4,800,69,-1,34,773,1,1,1,1,497,498,497,497,0,0,0,0
61808,4,800,-19,-12,-12,800,1,1,1,1,496,494,496,497,0,0,0,0
61908,4,800,-9,-51,12,721,1,1,1,1,498,487,496,494,0,0,0,0
62008,4,-800,-29,13,68,748,1,1,1,1,497,468,497,497,0,0,0,0
62108,4,-800,6,-26,255,-996,1,1,1,1,497,470,497,494,0,0,0,0
62208,4,-800,-51,47,3,-779,1,1,1,1,497,495,497,494,0,0,0,0
62308,4,-800,-14,-14,13,-842,1,1,1,1,497,465,495,497,0,0,0,0
62408,4,-800,48,-256,33,-737,1,1,1,1,498,480,497,491,0,0,0,0
62508,4,-800,-26,-24,-6,-775,1,1,1,1,498,498,498,498,0,0,0,0
62608,4,-800,-6,37,-8,-801,1,1,1,1,497,499,497,497,0,0,0,0
62708,4,-800,32,9,-21,-757,1,1,1,1,496,454,497,498,0,0,0,0
62808,4,-800,-29,7,66,-847,1,1,1,1,493,454,498,493,0,0,0,0
62908,4,-800,-24,24,-18,-813,1,1,1,1,497,498,497,497,0,0,0,0
63008,4,-800,-29,8,1,-783,1,1,1,1,497,498,495,495,0,0,0,0
63108,4,-800,-48,-18,-22,-793,1,1,1,1,494,493,497,494,0,0,0,0
63208,4,-800,4,11,-22,-783,1,1,1,1,495,499,498,498,0,0,0,0
63308,4,-800,48,26,22,-469,1,1,1,1,496,495,494,494,0,0,0,0
63408,4,-800,-31,-59,-13,-789,1,1,1,1,497,497,497,498,0,0,0,0
63508,4,-800,-9,-12,-31,-753,1,1,1,1,498,441,498,498,0,0,0,0
63608,4,-800,7,16,-4,-846,1,1,1,1,496,498,498,497,0,0,0,0
63708,4,-800,-2,-24,25,-771,1,1,1,1,457,473,484,495,0,0,0,0
63808,4,-800,70,18,-14,-805,1,1,1,1,496,497,497,496,0,0,0,0
63908,4,-800,-17,52,14,-808,1,1,1,1,498,497,497,496,0,0,0,0
64008,0,0,-1,45,-7,-841,0,0,0,0,497,496,498,496,0,0,0,0
64108,0,0,45,-8,9,19,0,0,0,0,491,421,496,488,0,0,0,0
64208,0,0,22,14,41,18,0,0,0,0,490,473,496,463,0,0,0,0
64309,0,0,31,-3,9,-19,0,0,0,0,492,465,488,433,0,0,0,0
64409,0,0,28,-25,-4,-8,0,0,0,0,501,497,501,409,0,0,0,0
64509,0,0,4,-38,0,13,0,0,0,0,495,453,493,495,0,0,0,0
64609,0,0,1,4,-19,9,0,0,0,0,489,422,496,496,0,0,0,0
64709,0,0,-19,66,25,0,0,0,0,0,451,464,407,481,0,0,0,0
64809,0,0,-16,-12,-17,25,0,0,0,0,433,493,414,498,0,0,0,0
64909,0,0,-16,26,-3,25,0,0,0,0,459,447,497,451,0,0,0,0
65009,1,800,-3,-31,-8,12,1,1,1,1,496,492,496,496,0,0,0,0
65109,1,800,838,-38,-45,-12,1,1,1,1,497,497,497,496,0,0,0,0
65209,1,800,813,52,42,22,1,1,1,1,493,498,498,497,0,0,0,0
65309,1,800,753,-3,56,6,1,1,1,1,497,481,496,497,0,0,0,0
65409,1,800,764,25,-24,1,1,1,1,1,497,494,493,497,0,0,0,0
65509,1,800,855,-85,13,-17,1,1,1,1,495,498,497,497,0,0,0,0
65609,1,800,425,-16,-9,8,1,1,1,1,500,493,503,503,0,0,0,0
65709,1,800,822,-11,-78,-4,1,1,1,1,495,494,496,493,0,0,0,0
65809,1,800,778,-14,39,9,1,1,1,1,497,497,497,497,0,0,0,0
65909,1,800,769,-7,14,-19,1,1,1,1,494,491,497,496,0,0,0,0
66009,1,800,804,12,0,50,1,1,1,1,496,497,496,497,0,0,0,0
66109,1,800,766,53,9,0,1,1,1,1,494,495,497,494,0,0,0,0
66209,1,800,791,-36,3,6,1,1,1,1,496,493,496,426,0,0,0,0
66309,1,800,849,-28,-13,26,1,1,1,1,495,497,496,493,0,0,0,0
66409,1,800,650,-21,-48,-1,1,1,1,1,497,496,497,498,0,0,0,0
66509,1,800,791,-18,39,6,1,1,1,1,497,497,441,497,0,0,0,0
66609,1,800,791,-29,-19,-26,1,1,1,1,501,502,502,501,0,0,0,0
66709,1,800,753,-94,6,9,1,1,1,1,497,498,495,465,0,0,0,0
66809,1,800,789,31,0,21,1,1,1,1,495,477,496,496,0,0,0,0
66909,1,800,741,-4,-14,-17,1,1,1,1,491,493,497,497,0,0,0,0
67009,1,-800,768,-36,-16,-19,1,1,1,1,495,498,497,491,0,0,0,0
67109,1,-800,-1060,-58,-3,-1,1,1,1,1,497,495,497,494,0,0,0,0
67209,1,-800,-780,38,6,14,1,1,1,1,495,498,497,497,0,0,0,0
67309,1,-800,-791,16,21,-14,1,1,1,1,497,494,497,453,0,0,0,0
67409,1,-800,-813,-26,-7,14,1,1,1,1,495,478,473,494,0,0,0,0
67509,1,-800,-863,-6,11,0,1,1,1,1,495,488,497,493,0,0,0,0
67609,1,-800,-849,-21,-28,17,1,1,1,1,492,489,497,494,0,0,0,0
67709,1,-800,-783,-44,4,17,1,1,1,1,491,491,496,492,0,0,0,0
67809,1,-800,-824,7,-4,-4,1,1,1,1,497,454,497,496,0,0,0,0
67909,1,-800,-789,-68,1,18,1,1,1,1,494,495,497,496,0,0,0,0
68009,1,-800,-826,-22,-2,14,1,1,1,1,497,496,496,495,0,0,0,0
68109,1,-800,-834,-26,39,9,1,1,1,1,497,495,498,495,0,0,0,0
68209,1,-800,-1021,-42,-6,-4,1,1,1,1,496,497,497,497,0,0,0,0
68309,1,-800,-760,19,13,-16,1,1,1,1,492,494,498,491,0,0,0,0
68409,1,-800,-776,37,16,6,1,1,1,1,495,498,497,463,0,0,0,0
68509,1,-800,-820,-75,2,-7,1,1,1,1,497,497,497,470,0,0,0,0
68609,1,-800,-818,19,37,-3,1,1,1,1,497,498,498,497,0,0,0,0
68709,1,-800,-741,-48,19,7,1,1,1,1,496,490,497,498,0,0,0,0
68809,1,-800,-796,31,9,-6,1,1,1,1,490,429,495,497,0,0,0,0
68909,1,-800,-813,48,-3,11,1,1,1,1,497,495,495,492,0,0,0,0
69009,0,0,-821,-29,-6,2,0,0,0,0,490,496,497,442,0,0,0,0
69109,0,0,6,45,-26,17,0,0,0,0,389,462,497,332,0,0,0,0
69209,0,0,-13,9,-4,36,0,0,0,0,502,502,501,492,0,0,0,0
69309,0,0,57,32,-31,-9,0,0,0,0,496,470,496,492,0,0,0,0
69409,0,0,-2,9,-21,-4,0,0,0,0,480,423,495,497,0,0,0,0
69509,0,0,4,19,37,-7,0,0,0,0,450,495,493,495,0,0,0,0
69609,0,0,-9,0,-7,-19,0,0,0,0,497,496,498,501,0,0,0,0
69709,0,0,-14,-17,28,-17,0,0,0,0,495,394,496,490,0,0,0,0
69809,0,0,4,-41,-1,9,0,0,0,0,490,469,493,432,0,0,0,0
69909,0,0,-4,-14,-4,-1,0,0,0,0,450,492,496,471,0,0,0,0
70009,2,800,-8,-2,-8,14,1,1,1,1,494,480,494,455,0,0,0,0
70109,2,800,-13,864,-16,4,1,1,1,1,497,501,501,502,0,0,0,0
70209,2,800,28,849,-6,-17,1,1,1,1,497,496,497,497,0,0,0,0
70309,2,800,-13,728,-19,0,1,1,1,1,497,496,497,497,0,0,0,0
70409,2,800,19,800,-14,9,1,1,1,1,497,496,497,495,0,0,0,0
70509,2,800,-7,805,-9,8,1,1,1,1,497,496,497,497,0,0,0,0
70609,2,800,33,917,-26,6,1,1,1,1,495,497,496,493,0,0,0,0
70709,2,800,8,843,7,4,1,1,1,1,495,498,497,494,0,0,0,0
70809,2,800,-12,703,8,14,1,1,1,1,502,501,501,501,0,0,0,0
70909,2,800,-14,851,94,-8,1,1,1,1,496,495,497,494,0,0,0,0
71009,2,800,-22,816,-25,13,1,1,1,1,486,498,497,427,0,0,0,0
71109,2,800,-7,860,-9,-9,1,1,1,1,496,495,498,497,0,0,0,0
71209,2,800,-3,838,-18,7,1,1,1,1,497,498,497,494,0,0,0,0
71309,2,800,-9,880,-4,0,1,1,1,1,495,494,496,497,0,0,0,0
71409,2,800,3,783,1,-9,1,1,1,1,497,497,497,497,0,0,0,0
71509,2,800,4,842,29,-1,1,1,1,1,483,497,496,496,0,0,0,0
71609,2,800,3,800,-39,2,1,1,1,1,498,500,501,501,0,0,0,0
71709,2,800,4,803,-26,-4,1,1,1,1,496,495,496,497,0,0,0,0
71809,2,800,61,810,3,11,1,1,1,1,486,491,449,497,0,0,0,0
71909,2,800,-11,838,-2,6,1,1,1,1,497,493,497,492,0,0,0,0
72009,2,-800,-12,706,-7,0,1,1,1,1,496,497,474,495,0,0,0,0
72109,2,-800,14,-963,-12,-14,1,1,1,1,494,497,497,496,0,0,0,0
72209,2,-800,3,-797,32,-2,1,1,1,1,497,496,497,497,0,0,0,0
72309,2,-800,19,-828,-7,-9,1,1,1,1,497,496,496,494,0,0,0,0
72409,2,-800,2,-753,3,2,1,1,1,1,495,498,497,497,0,0,0,0
72509,2,-800,6,-768,14,1,1,1,1,1,497,494,497,493,0,0,0,0
72609,2,-800,29,-928,14,-7,1,1,1,1,500,502,501,481,0,0,0,0
72709,2,-800,-22,-785,14,-4,1,1,1,1,497,497,497,493,0,0,0,0
72809,2,-800,8,-714,21,-4,1,1,1,1,497,498,498,497,0,0,0,0
72909,2,-800,14,-828,16,19,1,1,1,1,497,493,496,498,0,0,0,0
73009,2,-800,-9,-737,-11,4,1,1,1,1,493,496,492,494,0,0,0,0
73109,2,-800,-29,-805,22,9,1,1,1,1,497,496,497,494,0,0,0,0
73209,2,-800,-18,-805,19,-14,1,1,1,1,497,495,497,497,0,0,0,0
73309,2,-800,-12,-756,-25,-45,1,1,1,1,498,499,495,454,0,0,0,0
73409,2,-800,-22,-968,-4,2,1,1,1,1,442,495,498,498,0,0,0,0
73509,2,-800,-33,-859,4,-11,1,1,1,1,470,498,497,497,0,0,0,0
73609,2,-800,13,-795,-4,-2,1,1,1,1,498,491,497,495,0,0,0,0
73709,2,-800,14,-863,2,-11,1,1,1,1,497,498,497,497,0,0,0,0
73809,2,-800,39,-753,-18,-1,1,1,1,1,492,496,497,494,0,0,0,0
73909,2,-800,-9,-918,69,-34,1,1,1,1,498,493,498,496,0,0,0,0
74009,0,0,6,-809,4,9,0,0,0,0,497,497,497,498,0,0,0,0
74109,0,0,-8,6,-36,-11,0,0,0,0,447,468,456,493,0,0,0,0
74209,0,0,7,-22,8,-12,0,0,0,0,449,491,419,458,0,0,0,0
74309,0,0,-16,2,-39,33,0,0,0,0,447,490,496,491,0,0,0,0
74409,0,0,4,17,13,-29,0,0,0,0,478,490,502,478,0,0,0,0
74509,0,0,-9,12,19,-7,0,0,0,0,450,495,496,492,0,0,0,0
74609,0,0,-26,-12,7,3,0,0,0,0,391,492,493,486,0,0,0,0
74709,0,0,-6,-4,8,68,0,0,0,0,467,488,493,496,0,0,0,0
74809,0,0,-9,-51,11,-6,0,0,0,0,416,471,501,495,0,0,0,0
74909,0,0,0,-28,-13,-16,0,0,0,0,473,416,496,438,0,0,0,0
75009,3,800,-1,-7,-11,-9,1,1,1,1,492,487,497,492,0,0,0,0
75109,3,800,9,-26,1051,-9,1,1,1,1,496,484,496,497,0,0,0,0
75209,3,800,33,26,863,0,1,1,1,1,497,497,497,497,0,0,0,0
75309,3,800,-29,-33,826,-14,1,1,1,1,497,497,496,496,0,0,0,0
75409,3,800,13,19,807,-4,1,1,1,1,497,498,498,497,0,0,0,0
75509,3,800,-22,37,793,4,1,1,1,1,501,502,501,502,0,0,0,0
75609,3,800,4,16,880,29,1,1,1,1,497,498,497,497,0,0,0,0
75709,3,800,-16,38,730,1,1,1,1,1,496,497,496,496,0,0,0,0
75809,3,800,2,-28,773,-4,1,1,1,1,497,497,497,497,0,0,0,0
75909,3,800,16,-17,764,-12,1,1,1,1,497,497,496,496,0,0,0,0
76009,3,800,19,-13,737,19,1,1,1,1,497,497,497,497,0,0,0,0
76109,3,800,-11,-47,800,-18,1,1,1,1,496,498,497,497,0,0,0,0
76209,3,800,7,-16,772,-1,1,1,1,1,498,498,497,497,0,0,0,0
76309,3,800,-9,22,795,14,1,1,1,1,496,497,497,497,0,0,0,0
76409,3,800,-8,33,855,4,1,1,1,1,502,502,501,502,0,0,0,0
76509,3,800,19,-16,791,0,1,1,1,1,496,498,497,496,0,0,0,0
76609,3,800,38,26,794,-7,1,1,1,1,497,497,496,497,0,0,0,0
76709,3,800,39,1,799,6,1,1,1,1,497,497,497,497,0,0,0,0
76809,3,800,-19,0,904,-9,1,1,1,1,496,497,496,496,0,0,0,0
76909,3,800,-31,14,816,1,1,1,1,1,497,498,497,497,0,0,0,0
77009,3,-800,18,33,766,3,1,1,1,1,497,497,497,497,0,0,0,0
77109,3,-800,21,22,-1045,-4,1,1,1,1,496,498,497,497,0,0,0,0
77209,3,-800,-4,39,-837,16,1,1,1,1,498,498,497,497,0,0,0,0
77309,3,-800,14,4,-508,-25,1,1,1,1,502,503,502,502,0,0,0,0
77409,3,-800,-36,9,-833,25,1,1,1,1,497,498,498,498,0,0,0,0
77509,3,-800,-3,4,-862,12,1,1,1,1,498,498,497,497,0,0,0,0
77609,3,-800,26,-9,-847,3,1,1,1,1,497,498,497,498,0,0,0,0
77709,3,-800,-14,-9,-697,0,1,1,1,1,497,498,498,497,0,0,0,0
77809,3,-800,-19,-19,-768,-8,1,1,1,1,498,498,497,498,0,0,0,0
77909,3,-800,9,-9,-849,13,1,1,1,1,497,498,498,497,0,0,0,0
78009,3,-800,14,-14,-817,19,1,1,1,1,498,498,497,498,0,0,0,0
78109,3,-800,-14,-33,-895,8,1,1,1,1,497,498,497,497,0,0,0,0
78209,3,-800,4,7,-822,-1,1,1,1,1,497,498,498,498,0,0,0,0
78309,3,-800,-16,-6,-859,13,1,1,1,1,497,498,497,497,0,0,0,0
78409,3,-800,-14,22,-828,-34,1,1,1,1,498,498,497,497,0,0,0,0
78509,3,-800,4,-22,-791,21,1,1,1,1,497,498,497,498,0,0,0,0
78609,3,-800,-14,-9,-829,-9,1,1,1,1,497,498,497,497,0,0,0,0
78709,3,-800,-39,-16,-897,16,1,1,1,1,498,498,498,498,0,0,0,0
78809,3,-800,-24,37,-796,18,1,1,1,1,497,498,498,497,0,0,0,0
78909,3,-800,9,22,-905,-11,1,1,1,1,498,498,497,498,0,0,0,0
79009,0,0,19,48,-789,0,0,0,0,0,497,498,497,497,0,0,0,0
79109,0,0,-29,21,2,14,0,0,0,0,359,495,496,472,0,0,0,0
79209,0,0,-14,-9,3,-4,0,0,0,0,479,485,495,490,0,0,0,0
79309,0,0,-4,-3,-36,12,0,0,0,0,497,488,501,496,0,0,0,0
79409,0,0,13,-12,8,-3,0,0,0,0,495,486,496,480,0,0,0,0
79509,0,0,8,-29,4,4,0,0,0,0,492,461,497,496,0,0,0,0
79609,0,0,9,-81,8,0,0,0,0,0,447,441,495,494,0,0,0,0
79709,0,0,-13,4,39,-33,0,0,0,0,501,500,501,461,0,0,0,0
79809,0,0,13,-3,-19,2,0,0,0,0,487,430,495,491,0,0,0,0
79909,0,0,9,-36,-22,6,0,0,0,0,495,497,493,479,0,0,0,0
80009,4,800,-16,22,-11,47,1,1,1,1,494,484,493,496,0,0,0,0
80109,4,800,-9,-35,28,895,1,1,1,1,497,496,485,497,0,0,0,0
80209,4,800,-4,11,-7,833,1,1,1,1,498,501,501,500,0,0,0,0
80309,4,800,-8,51,1,793,1,1,1,1,496,495,498,497,0,0,0,0
80409,4,800,-22,-1,-9,821,1,1,1,1,497,469,496,497,0,0,0,0
80509,4,800,45,12,32,797,1,1,1,1,497,498,497,497,0,0,0,0
80609,4,800,21,26,-8,839,1,1,1,1,496,428,497,497,0,0,0,0
80709,4,800,35,-62,-29,1115,1,1,1,1,494,498,497,497,0,0,0,0
80809,4,800,9,-59,81,809,1,1,1,1,498,498,498,497,0,0,0,0
80909,4,800,22,64,-39,770,1,1,1,1,494,498,497,497,0,0,0,0
81009,4,800,22,53,-24,791,1,1,1,1,494,496,497,497,0,0,0,0
81109,4,800,41,-26,37,829,1,1,1,1,495,494,497,498,0,0,0,0
81209,4,800,-11,17,-2,796,1,1,1,1,495,497,497,497,0,0,0,0
81309,4,800,-26,-13,28,764,1,1,1,1,502,503,502,501,0,0,0,0
81409,4,800,9,17,-38,826,1,1,1,1,497,495,497,495,0,0,0,0
81509,4,800,1,56,-1,1025,1,1,1,1,440,479,497,498,0,0,0,0
81609,4,800,52,42,-26,834,1,1,1,1,496,498,497,492,0,0,0,0
81709,4,800,-31,50,77,813,1,1,1,1,497,466,497,497,0,0,0,0
81809,4,800,24,35,-1,816,1,1,1,1,496,498,497,497,0,0,0,0
81909,4,800,-19,-6,2,735,1,1,1,1,457,498,497,497,0,0,0,0
82009,4,-800,-29,45,6,826,1,1,1,1,497,495,497,497,0,0,0,0
82109,4,-800,-7,9,-48,-1005,1,1,1,1,497,496,497,498,0,0,0,0
82209,4,-800,-12,25,-22,-828,1,1,1,1,498,498,497,497,0,0,0,0
82309,4,-800,-1,17,7,-830,1,1,1,1,493,444,498,493,0,0,0,0
82409,4,-800,45,6,34,-776,1,1,1,1,496,498,497,494,0,0,0,0
82509,4,-800,22,-14,25,-868,1,1,1,1,497,495,497,497,0,0,0,0
82609,4,-800,-28,-9,-6,-807,1,1,1,1,496,495,494,496,0,0,0,0
82709,4,-800,-96,16,1,-834,1,1,1,1,422,481,454,494,0,0,0,0
82809,4,-800,6,-26,-36,-830,1,1,1,1,496,495,497,497,0,0,0,0
82909,4,-800,9,9,-36,-822,1,1,1,1,494,494,497,493,0,0,0,0
83009,4,-800,-34,45,9,-781,1,1,1,1,497,498,497,497,0,0,0,0
83109,4,-800,-14,-7,-3,-839,1,1,1,1,497,497,497,497,0,0,0,0
83209,4,-800,36,50,-19,-824,1,1,1,1,435,498,496,497,0,0,0,0
83309,4,-800,4,-9,14,-791,1,1,1,1,441,499,496,498,0,0,0,0
83409,4,-800,4,-18,16,-826,1,1,1,1,495,497,496,497,0,0,0,0
83509,4,-800,56,0,-37,-817,1,1,1,1,497,470,497,495,0,0,0,0
83609,4,-800,14,33,18,-814,1,1,1,1,498,496,498,495,0,0,0,0
83709,4,-800,34,3,-47,-783,1,1,1,1,497,496,497,497,0,0,0,0
83809,4,-800,11,29,-6,-818,1,1,1,1,472,494,497,497,0,0,0,0
83909,4,-800,-12,-14,26,-812,1,1,1,1,497,494,497,493,0,0,0,0
84009,0,0,35,-56,0,-868,0,0,0,0,496,499,495,497,0,0,0,0
84109,0,0,-14,22,45,9,0,0,0,0,495,493,497,492,0,0,0,0
84209,0,0,0,-25,7,9,0,0,0,0,493,396,488,495,0,0,0,0
84309,0,0,-8,-19,9,-38,0,0,0,0,497,492,499,488,0,0,0,0
84409,0,0,41,-6,-1,-13,0,0,0,0,495,492,478,495,0,0,0,0
84509,0,0,-4,-11,-14,7,0,0,0,0,493,492,489,495,0,0,0,0
84609,0,0,1,-9,13,-8,0,0,0,0,491,488,494,495,0,0,0,0
84709,0,0,-4,-70,-102,-9,0,0,0,0,494,489,501,500,0,0,0,0
84809,0,0,-39,29,-11,4,0,0,0,0,418,491,495,493,0,0,0,0
84909,0,0,14,6,-11,13,0,0,0,0,496,489,494,488,0,0,0,0
85009,1,800,11,25,19,-9,1,1,1,1,453,372,496,490,0,0,0,0
85109,1,800,901,24,29,13,1,1,1,1,496,498,497,494,0,0,0,0
85209,1,800,876,-39,-32,36,1,1,1,1,497,492,494,495,0,0,0,0
85309,1,800,785,25,-24,3,1,1,1,1,495,495,498,493,0,0,0,0
85409,1,800,799,-6,7,6,1,1,1,1,490,466,497,497,0,0,0,0
85509,1,800,770,-32,-38,14,1,1,1,1,501,472,501,502,0,0,0,0
85609,1,800,752,19,6,-39,1,1,1,1,494,498,498,422,0,0,0,0
85709,1,800,801,-34,35,-7,1,1,1,1,497,496,497,497,0,0,0,0
85809,1,800,771,13,-22,-14,1,1,1,1,498,498,467,473,0,0,0,0
85909,1,800,698,-7,-9,-7,1,1,1,1,497,491,497,498,0,0,0,0
86009,1,800,870,13,1,29,1,1,1,1,495,432,497,490,0,0,0,0
86109,1,800,830,18,0,-9,1,1,1,1,497,497,494,495,0,0,0,0
86209,1,800,753,-14,3,9,1,1,1,1,497,496,493,497,0,0,0,0
86309,1,800,935,25,-3,8,1,1,1,1,501,501,502,431,0,0,0,0
86409,1,800,807,9,42,26,1,1,1,1,496,498,496,388,0,0,0,0
86509,1,800,778,-3,-53,6,1,1,1,1,493,485,479,497,0,0,0,0
86609,1,800,778,26,-253,14,1,1,1,1,495,496,497,493,0,0,0,0
86709,1,800,800,25,19,-22,1,1,1,1,498,497,498,498,0,0,0,0
86809,1,800,757,3,-9,-4,1,1,1,1,493,497,497,493,0,0,0,0
86909,1,800,756,32,-21,9,1,1,1,1,495,498,496,497,0,0,0,0
87009,1,-800,843,26,2,-16,1,1,1,1,495,492,497,497,0,0,0,0
87109,1,-800,-1060,-24,-14,8,1,1,1,1,502,500,502,502,0,0,0,0
87209,1,-800,-830,-11,-29,-2,1,1,1,1,493,481,493,493,0,0,0,0
87309,1,-800,-857,29,3,-28,1,1,1,1,493,497,497,498,0,0,0,0
87409,1,-800,-826,-44,-31,-19,1,1,1,1,491,498,498,497,0,0,0,0
87509,1,-800,-504,8,2,-7,1,1,1,1,498,491,498,498,0,0,0,0
87609,1,-800,-807,35,0,-14,1,1,1,1,501,501,499,501,0,0,0,0
87709,1,-800,-774,58,-24,-4,1,1,1,1,496,498,496,496,0,0,0,0
87809,1,-800,-876,-22,0,-6,1,1,1,1,497,496,498,497,0,0,0,0
87909,1,-800,-781,-8,-3,-2,1,1,1,1,491,497,494,497,0,0,0,0
88009,1,-800,-842,42,24,7,1,1,1,1,498,498,462,495,0,0,0,0
88109,1,-800,-867,25,-19,4,1,1,1,1,497,498,497,498,0,0,0,0
88209,1,-800,-801,-9,-36,0,1,1,1,1,497,498,497,494,0,0,0,0
88309,1,-800,-876,-18,11,8,1,1,1,1,495,496,498,495,0,0,0,0
88409,1,-800,-816,9,53,2,1,1,1,1,494,498,497,480,0,0,0,0
88509,1,-800,-785,-14,-22,-3,1,1,1,1,498,494,496,494,0,0,0,0
88609,1,-800,-783,-17,35,0,1,1,1,1,498,498,498,497,0,0,0,0
88709,1,-800,-769,24,7,29,1,1,1,1,497,498,496,497,0,0,0,0
88809,1,-800,-753,-12,13,-48,1,1,1,1,494,497,497,498,0,0,0,0
88909,1,-800,-766,-6,-28,24,1,1,1,1,498,497,498,498,0,0,0,0
89009,0,0,-753,-3,-9,-19,0,0,0,0,498,499,498,498,0,0,0,0
89109,0,0,17,50,0,2,0,0,0,0,491,485,497,420,0,0,0,0
89209,0,0,-28,37,-71,-24,0,0,0,0,492,465,497,489,0,0,0,0
89309,0,0,-22,4,9,9,0,0,0,0,450,482,497,444,0,0,0,0
89409,0,0,4,17,-26,-3,0,0,0,0,500,425,501,491,0,0,0,0
89509,0,0,-8,38,9,-25,0,0,0,0,454,490,492,490,0,0,0,0
89609,0,0,29,11,26,9,0,0,0,0,494,487,493,487,0,0,0,0
89709,0,0,-26,36,-44,0,0,0,0,0,493,482,495,449,0,0,0,0
89809,0,0,1,22,21,12,0,0,0,0,429,501,501,502,0,0,0,0
89909,0,0,-26,-61,9,-16,0,0,0,0,496,482,497,489,0,0,0,0
90009,2,800,44,95,-21,-16,1,1,1,1,490,470,496,484,0,0,0,0
90109,2,800,-2,917,-38,-6,1,1,1,1,498,490,494,498,0,0,0,0
90209,2,800,-14,766,-17,37,1,1,1,1,497,498,497,497,0,0,0,0
90309,2,800,-34,793,-58,16,1,1,1,1,498,498,498,498,0,0,0,0
90409,2,800,-9,878,12,-3,1,1,1,1,497,496,409,498,0,0,0,0
90509,2,800,48,776,38,3,1,1,1,1,497,497,497,444,0,0,0,0
90609,2,800,33,-1090,3,-7,1,1,1,1,502,499,502,503,0,0,0,0
90709,2,800,-9,693,-21,-11,1,1,1,1,496,493,497,496,0,0,0,0
90809,2,800,-8,785,-3,-13,1,1,1,1,497,499,498,494,0,0,0,0
90909,2,800,14,751,-25,22,1,1,1,1,497,498,497,460,0,0,0,0
91009,2,800,-3,830,0,9,1,1,1,1,498,498,498,496,0,0,0,0
91109,2,800,29,834,19,-22,1,1,1,1,497,492,497,497,0,0,0,0
91209,2,800,21,817,6,1,1,1,1,1,497,498,497,498,0,0,0,0
91309,2,800,8,868,-4,17,1,1,1,1,424,498,497,497,0,0,0,0
91409,2,800,-11,473,9,-12,1,1,1,1,497,498,497,497,0,0,0,0
91509,2,800,21,737,36,6,1,1,1,1,501,502,502,394,0,0,0,0
91609,2,800,-11,747,14,31,1,1,1,1,497,498,497,491,0,0,0,0
91709,2,800,7,834,9,11,1,1,1,1,480,496,497,497,0,0,0,0
91809,2,800,-25,842,-55,9,1,1,1,1,497,498,496,496,0,0,0,0
91909,2,800,-9,789,4,6,1,1,1,1,461,498,496,497,0,0,0,0
92009,2,-800,6,789,-3,9,1,1,1,1,457,492,497,494,0,0,0,0
92109,2,-800,0,-1039,-9,-8,1,1,1,1,493,494,497,495,0,0,0,0
92210,2,-800,-28,-830,22,-14,1,1,1,1,503,504,503,503,0,0,0,0
92310,2,-800,-14,-866,7,-9,1,1,1,1,498,496,498,496,0,0,0,0
92410,2,-800,-11,-798,58,-256,1,1,1,1,406,490,494,425,0,0,0,0
92510,2,-800,17,-807,2,-22,1,1,1,1,480,499,498,498,0,0,0,0
92610,2,-800,25,-809,34,-11,1,1,1,1,498,498,497,498,0,0,0,0
92710,2,-800,-3,-845,-25,-66,1,1,1,1,497,491,495,497,0,0,0,0
92810,2,-800,18,-855,-39,7,1,1,1,1,496,494,497,498,0,0,0,0
92910,2,-800,22,-809,6,-1,1,1,1,1,497,496,497,497,0,0,0,0
93010,2,-800,-16,-739,-52,6,1,1,1,1,500,504,502,502,0,0,0,0
93110,2,-800,-9,-857,58,22,1,1,1,1,494,493,498,496,0,0,0,0
93210,2,-800,34,-799,22,17,1,1,1,1,495,494,497,496,0,0,0,0
93310,2,-800,48,-707,0,-2,1,1,1,1,479,490,493,498,0,0,0,0
93410,2,-800,19,-838,-22,29,1,1,1,1,496,494,497,497,0,0,0,0
93510,2,-800,-1,-757,-9,0,1,1,1,1,496,498,497,498,0,0,0,0
93610,2,-800,-35,-778,3,6,1,1,1,1,482,498,498,495,0,0,0,0
93710,2,-800,-28,-834,9,0,1,1,1,1,497,493,497,496,0,0,0,0
93810,2,-800,7,-749,21,-1,1,1,1,1,497,498,497,498,0,0,0,0
93910,2,-800,-66,-866,0,2,1,1,1,1,498,497,497,497,0,0,0,0
94010,0,0,-12,-775,-19,0,0,0,0,0,383,498,496,489,0,0,0,0
94110,0,0,31,2,-9,-16,0,0,0,0,451,492,495,461,0,0,0,0
94210,0,0,26,-9,-2,0,0,0,0,0,478,453,494,496,0,0,0,0
94310,0,0,9,-9,-19,-25,0,0,0,0,477,460,496,494,0,0,0,0
94410,0,0,-9,28,-37,-1,0,0,0,0,440,457,483,422,0,0,0,0
94510,0,0,-16,-26,-25,9,0,0,0,0,434,488,494,481,0,0,0,0
94610,0,0,-7,-17,4,-8,0,0,0,0,490,484,461,484,0,0,0,0
94710,0,0,-59,25,-75,-19,0,0,0,0,499,494,501,475,0,0,0,0
94810,0,0,-255,-22,39,-1,0,0,0,0,481,407,496,472,0,0,0,0
94910,0,0,-6,28,11,14,0,0,0,0,451,434,482,491,0,0,0,0
95010,3,800,19,-7,19,-19,1,1,1,1,372,495,490,493,0,0,0,0
95110,3,800,-14,9,891,28,1,1,1,1,497,498,497,497,0,0,0,0
95210,3,800,-29,14,867,0,1,1,1,1,497,498,497,497,0,0,0,0
95310,3,800,-52,-2,772,16,1,1,1,1,497,498,497,497,0,0,0,0
95410,3,800,44,-28,758,9,1,1,1,1,503,503,502,503,0,0,0,0
95510,3,800,-9,-9,801,0,1,1,1,1,497,498,497,497,0,0,0,0
95610,3,800,9,-28,760,11,1,1,1,1,497,497,497,497,0,0,0,0
95710,3,800,9,25,876,0,1,1,1,1,497,498,497,498,0,0,0,0
95810,3,800,-1,-12,760,0,1,1,1,1,497,495,497,496,0,0,0,0
95910,3,800,-19,-47,672,-9,1,1,1,1,497,499,497,498,0,0,0,0
96010,3,800,-3,-19,835,6,1,1,1,1,498,498,498,498,0,0,0,0
96110,3,800,11,-4,798,7,1,1,1,1,497,497,497,497,0,0,0,0
96210,3,800,16,17,807,17,1,1,1,1,497,498,496,496,0,0,0,0
96310,3,800,1,-8,730,-9,1,1,1,1,502,502,502,503,0,0,0,0
96410,3,800,12,3,830,-12,1,1,1,1,497,498,496,496,0,0,0,0
96510,3,800,28,63,787,1,1,1,1,1,497,498,498,498,0,0,0,0
96610,3,800,-7,-3,805,3,1,1,1,1,497,497,496,497,0,0,0,0
96710,3,800,-29,18,912,-3,1,1,1,1,497,498,497,497,0,0,0,0
96810,3,800,26,26,812,-9,1,1,1,1,498,498,498,498,0,0,0,0
96910,3,800,17,4,771,0,1,1,1,1,497,498,496,497,0,0,0,0
97010,3,-800,21,-4,669,18,1,1,1,1,497,497,497,496,0,0,0,0
97110,3,-800,17,-3,-996,14,1,1,1,1,497,499,497,498,0,0,0,0
97210,3,-800,-13,18,-876,-9,1,1,1,1,498,498,498,498,0,0,0,0
97310,3,-800,16,-28,-785,26,1,1,1,1,498,498,497,498,0,0,0,0
97410,3,-800,-4,-14,-785,16,1,1,1,1,495,499,498,498,0,0,0,0
97510,3,-800,25,-16,-799,18,1,1,1,1,498,499,498,498,0,0,0,0
97610,3,-800,3,-18,-751,6,1,1,1,1,498,498,497,497,0,0,0,0
97710,3,-800,-19,-2,-834,13,1,1,1,1,497,499,498,498,0,0,0,0
97810,3,-800,-45,-22,-851,-8,1,1,1,1,498,498,497,498,0,0,0,0
97910,3,-800,-29,9,-801,-29,1,1,1,1,498,499,498,498,0,0,0,0
98010,3,-800,1,9,-837,8,1,1,1,1,498,498,498,498,0,0,0,0
98110,3,-800,42,32,-749,14,1,1,1,1,502,503,501,502,0,0,0,0
98210,3,-800,29,-4,-849,7,1,1,1,1,497,498,498,497,0,0,0,0
98310,3,-800,-13,-6,-847,-13,1,1,1,1,498,498,497,497,0,0,0,0
98410,3,-800,1,4,-748,-2,1,1,1,1,497,498,497,498,0,0,0,0
98510,3,-800,17,-8,-820,0,1,1,1,1,497,498,497,497,0,0,0,0
98610,3,-800,-11,28,-843,12,1,1,1,1,498,498,497,498,0,0,0,0
98710,3,-800,38,2,-694,6,1,1,1,1,497,498,498,498,0,0,0,0
98810,3,-800,-4,31,-781,-9,1,1,1,1,498,498,497,497,0,0,0,0
98910,3,-800,13,12,-805,22,1,1,1,1,497,498,497,497,0,0,0,0
99010,0,0,-9,-4,-787,-6,0,0,0,0,496,496,497,498,0,0,0,0
99110,0,0,-8,17,7,-13,0,0,0,0,490,480,494,383,0,0,0,0
99210,0,0,9,4,-4,0,0,0,0,0,431,456,495,494,0,0,0,0
99310,0,0,-18,24,-14,7,0,0,0,0,500,497,482,470,0,0,0,0
99410,0,0,8,-4,-9,-42,0,0,0,0,489,494,496,400,0,0,0,0
99510,0,0,-2,12,6,-4,0,0,0,0,365,496,495,478,0,0,0,0
99610,0,0,-2,12,7,14,0,0,0,0,374,495,498,370,0,0,0,0
99710,0,0,8,-12,25,11,0,0,0,0,492,490,496,496,0,0,0,0
99810,0,0,-4,1,47,0,0,0,0,0,495,491,497,496,0,0,0,0
99910,0,0,-7,0,-37,1,0,0,0,0,431,493,493,494,0,0,0,0
100010,4,800,-9,26,-19,21,1,1,1,1,502,484,501,484,0,0,0,0
100110,4,800,-12,22,-16,930,1,1,1,1,497,498,497,497,0,0,0,0
100210,4,800,2,-19,-32,779,1,1,1,1,498,497,494,496,0,0,0,0
100310,4,800,4,8,25,799,1,1,1,1,497,498,497,498,0,0,0,0
100410,4,800,0,9,-14,801,1,1,1,1,497,498,494,497,0,0,0,0
100510,4,800,-48,37,2,766,1,1,1,1,497,438,497,497,0,0,0,0
100610,4,800,-39,-13,-21,838,1,1,1,1,497,444,497,495,0,0,0,0
100710,4,800,19,-14,-8,787,1,1,1,1,498,498,498,498,0,0,0,0
100810,4,800,6,7,22,816,1,1,1,1,498,495,497,498,0,0,0,0
100910,4,800,-42,28,-42,789,1,1,1,1,495,495,497,496,0,0,0,0
101010,4,800,-52,0,-29,822,1,1,1,1,496,499,498,498,0,0,0,0
101110,4,800,-33,2,-13,810,1,1,1,1,419,497,497,492,0,0,0,0
101210,4,800,24,19,13,785,1,1,1,1,496,498,497,496,0,0,0,0
101310,4,800,13,-59,-3,785,1,1,1,1,421,493,498,498,0,0,0,0
101410,4,800,0,-8,-25,791,1,1,1,1,498,492,497,496,0,0,0,0
101510,4,800,2,52,9,737,1,1,1,1,495,497,497,497,0,0,0,0
101610,4,800,-3,9,4,818,1,1,1,1,497,492,497,496,0,0,0,0
101710,4,800,-2,21,-41,770,1,1,1,1,502,502,501,501,0,0,0,0
101810,4,800,21,9,9,789,1,1,1,1,495,498,498,494,0,0,0,0
101910,4,800,-18,-9,-11,826,1,1,1,1,495,494,496,497,0,0,0,0
102010,4,-800,0,12,14,791,1,1,1,1,498,497,498,498,0,0,0,0
102110,4,-800,0,22,4,-1045,1,1,1,1,497,423,496,497,0,0,0,0
102210,4,-800,22,4,-2,-851,1,1,1,1,497,449,474,497,0,0,0,0
102310,4,-800,-36,21,22,-778,1,1,1,1,494,494,498,494,0,0,0,0
102410,4,-800,14,19,25,-780,1,1,1,1,498,499,498,498,0,0,0,0
102510,4,-800,-33,-31,2,-814,1,1,1,1,494,498,496,494,0,0,0,0
102610,4,-800,22,9,6,-833,1,1,1,1,489,499,498,496,0,0,0,0
102710,4,-800,12,-19,16,-781,1,1,1,1,497,493,497,494,0,0,0,0
102810,4,-800,3,-19,53,-795,1,1,1,1,495,466,498,495,0,0,0,0
102910,4,-800,19,9,-13,-838,1,1,1,1,495,496,493,497,0,0,0,0
103010,4,-800,-8,-17,1,-772,1,1,1,1,497,495,497,498,0,0,0,0
103110,4,-800,4,-38,24,-813,1,1,1,1,495,497,493,495,0,0,0,0
103210,4,-800,-2,-25,-33,-595,1,1,1,1,497,491,497,495,0,0,0,0
103310,4,-800,-14,22,36,-809,1,1,1,1,498,499,498,498,0,0,0,0
103410,4,-800,31,35,-7,-812,1,1,1,1,458,494,495,498,0,0,0,0
103510,4,-800,-31,-58,-4,-776,1,1,1,1,459,460,496,498,0,0,0,0
103610,4,-800,26,-14,-8,-817,1,1,1,1,450,470,496,498,0,0,0,0
103710,4,-800,7,32,19,-804,1,1,1,1,498,495,497,497,0,0,0,0
